osm_id,name,name_en,brand,branch,lat,lng,district,zone,tier,status,hidden_reason,source,address,phone,website,instagram,opening_hours,cuisine
n3424949604,امیر شکلات · خیابان ابرار,Amir Chocolate,امیر شکلات,خیابان ابرار,35.814632,51.486796,منطقه 1,north,featured,active,,osm,خیابان ابرار,,,,,coffee_shop
n3925981857,امیر شکلات · خیابان خروجی مجتمع الماس ایران,Amir Chocolate,امیر شکلات,خیابان خروجی مجتمع الماس ایران,35.788823,51.504819,منطقه 1,north,featured,active,,osm,خیابان خروجی مجتمع الماس ایران,,,,,
,رستوران ایتالیایی جنارو,,,,35.811470,51.422950,منطقه 1,north,featured,active,,manual,زعفرانیه خ الف تقاطع خرم‌نژاد,,,,,
,رستوران بریم طاجین,,,,35.810020,51.420460,منطقه 1,north,featured,active,,manual,زعفرانیه خ فلاحی سه‌راه آصف مجتمع تجاری بامیک ط۲,,,,,
,رستوران رودیزیو,,,,35.811010,51.420040,منطقه 1,north,featured,active,,manual,زعفرانیه خ مقدس اردبیلی پالادیوم ط۴ واحد ۴۰۱,,,,,
,رستوران سنتی قصر عقیق,,,,35.824620,51.464410,منطقه 1,north,featured,active,,manual,نیاوران ابتدای خ جماران,,,,,
,رستوران سینسیر,,,,35.792490,51.429300,منطقه 1,north,featured,active,,manual,الهیه خ آقابزرگی خ صحرا خ پارسا برج افرا,,,,,
,رستوران کاخ چهلستون,,,,35.794140,51.484970,منطقه 1,north,featured,active,,manual,اقدسیه خ موحد دانش مجتمع تجاری آوا سنتر ط۹,,,,,
,رستوران مجلل پرسیس,,,,35.811390,51.417190,منطقه 1,north,featured,active,,manual,زعفرانیه میدان آصف نبش کوچه مردانی,,,,,
n11478337807,روستار - بیکری، پیستری و کافه,"Roostar - Bakery, Pastry & Cafe",,آواپلت,35.805022,51.476631,منطقه 1,north,featured,active,,osm,خیابان موحد دانش,+982126455478,https://avaplatt.com/food-market/%da%a9%d8%a7%d9%81%d9%87-%d8%a8%db%8c%da%a9%d8%b1%db%8c-%d8%b1%d9%88%d8%b3%d8%aa%d8%a7%d8%b1/,,09:00-22:00,coffee_shop;pastry;bakery
n3854683539,سام کافه,Sam Cafe,سام کافه,مرکز خرید سام,35.790804,51.419781,منطقه 1,north,featured,active,,osm,خیابان مرتضی فیاضی,,,,,
n10554754643,سام کافه دربند,Darband Sam Cafe,سام کافه,,35.813856,51.431021,منطقه 1,north,featured,active,,osm,خیابان دربند,,https://www.samcoffeeroasters.com/fa/spaces,,,coffee_shop;salad
n12749144101,سام کافه روسترز,,سام کافه,مجتمع تجاری ای‌وان,35.798715,51.475235,منطقه 1,north,featured,active,,osm,خیابان جهانبخش نژاد,+98 21 26879941,https://www.samcoffeeroasters.com,,Mo-Su 07:30-23:00,
n9986146376,قهوه لمیز · باغ فردوس,,لمیز,باغ فردوس,35.807023,51.425570,منطقه 1,north,featured,active,,osm,خیابان ولی عصر,,,,,
n9986146375,قهوه لمیز · پل رومی,,لمیز,پل رومی,35.791836,51.434856,منطقه 1,north,featured,active,,osm,خیابان شریعتی,,,,,
n6591011998,قهوه لمیز · فرمانیه,Lamiz Café,لمیز,فرمانیه,35.799349,51.472984,منطقه 1,north,featured,active,,osm,خیابان نرگس,+98 21 2612 5853,https://lamizcoffee.com/,,07:00-00:00,
,کافه بونتی,,,,35.807400,51.419180,منطقه 1,north,featured,active,,manual,زعفرانیه مقدس اردبیلی بین الف و ب پلاک ۱۴۴ مرکز خرید میلان,,,,,
,کافه پیک,,,,35.797160,51.479110,منطقه 1,north,featured,active,,manual,اقدسیه، اراج، خیابان ۲۲ بهمن، پایین‌تر از بیمارستان نیکان، نبش خیابان سعیدی، پلاک ۲,,,,,
,کافه چام,,,,35.809890,51.422770,منطقه 1,north,featured,active,,manual,زعفرانیه مجتمع زعفرانیه پلازا ط۲,,,,,
,کافه دیمارس آجودانیه,,,,35.807430,51.485840,منطقه 1,north,featured,active,,manual,خ آجودانیه خ ۱۳ شرقی بوستان شطرنج,,,,,
n10723955705,کافه رئیس · خیابان شریعتی,,رئیس,خیابان شریعتی,35.791570,51.435247,منطقه 1,north,featured,active,,osm,خیابان شریعتی,,,,,
,کافه رستوران ایام,,,,35.810990,51.420410,منطقه 1,north,featured,active,,manual,زعفرانیه خ فلاحی سه‌راه آصف نبش رامکوه زعفرانیه پلازا ط۲,,,,,
,کافه رستوران بلوار,,,,35.810490,51.424790,منطقه 1,north,featured,active,,manual,زعفرانیه خ مقدس اردبیلی پالادیوم ط۲,,,,,
,کافه رستوران تکسین نیاوران,,,,35.814640,51.470140,منطقه 1,north,featured,active,,manual,نیاوران بوکان خ مرجان خ همایون پلاک ۱۷,,,,,
,کافه رستوران تی گاردن,,,,35.794310,51.424900,منطقه 1,north,featured,active,,manual,فرشته خ مریم غربی مرکز تجاری کویین طبقه همکف,,,,,
,کافه رستوران درموند,,,,35.814330,51.434680,منطقه 1,north,featured,active,,manual,تجریش خ فناخسرو خ تاجیک خ گلاب‌دره کوچه گلاب‌دره ۲ پلاک ۳۹,,,,,
,کافه رستوران ریبار,,,,35.812520,51.421170,منطقه 1,north,featured,active,,manual,زعفرانیه خ فلاحی نرسیده به سه‌راه آصف موزه زمان,,,,,
,کافه رستوران زیگزاگ,,,,35.815400,51.425310,منطقه 1,north,featured,active,,manual,زعفرانیه مقدس اردبیلی پالادیوم فودکورت همکف,,,,,
,کافه رستوران سبوس,,,,35.797820,51.419140,منطقه 1,north,featured,active,,manual,محمودیه خ الف,,,,,
,کافه رستوران سران,,,,35.803240,51.425660,منطقه 1,north,featured,active,,manual,میدان تجریش ابتدای مقصودبیک کوچه گلبر پلاک ۳,,,,,
,کافه رستوران عربی کیسان,,,,35.821120,51.491100,منطقه 1,north,featured,active,,manual,نیاوران کاشانک پورابتهاج پلاک ۳۴۴,,,,,
,کافه رستوران کاجو,,,,35.809740,51.393910,منطقه 1,north,featured,active,,manual,میدان درکه خ احمدپور نبش کوچه غزال پلاک ۷,,,,,
,کافه رستوران کاریان,,,,35.817410,51.467680,منطقه 1,north,featured,active,,manual,نیاوران خ بوکان خ مرجان مجتمع تجاری البرز,,,,,
,کافه رستوران گارنیش,,,,35.803690,51.412620,منطقه 1,north,featured,active,,manual,خ ولیعصر بالاتر از زعفرانیه و باغ فردوس جنب پارک قلمستان,,,,,
,کافه رستوران لاوا,,,,35.819480,51.470970,منطقه 1,north,featured,active,,manual,نیاوران به سمت تجریش بعد از چهارراه مژده پلاک ۴۰۸,,,,,
,کافه رستوران موگه,,,,35.791770,51.472120,منطقه 1,north,featured,active,,manual,فرمانیه غربی ابتدای خ آریا,,,,,
,کافه رومی,,,,35.788526,51.435128,منطقه 1,north,featured,active,,manual,خیابان باران,,,,,
n11684891369,کافه ساعدی‌نیا · فرمانیه,,ساعدی‌نیا,فرمانیه,35.799607,51.469775,منطقه 1,north,featured,active,,osm,,,,,Mo-Su 07:00-23:00,
n12177848249,کافه ساعدی‌نیا · مجتمع تجاری پالادیوم,,ساعدی‌نیا,مجتمع تجاری پالادیوم,35.797695,51.413069,منطقه 1,north,featured,active,,osm,خیابان مقدس اردبیلی,,,,,
,کافه سکند کاپ,,,,35.805320,51.402360,منطقه 1,north,featured,active,,manual,ولنجک انتهای خ سیزدهم شرقی مرکز خرید گالریا,,,,,
,کافه شمرون الهیه,,,,35.794190,51.426550,منطقه 1,north,featured,active,,manual,فرشته خ تختی نبش بن‌بست لاله خانه فرهنگ خیام,,,,,
n8912394517,کافه شیرینی اکلر · خیابان ابوالفضل آقابزرگی,Eclair,اکلر,خیابان ابوالفضل آقابزرگی,35.788929,51.423311,منطقه 1,north,featured,active,,osm,خیابان ابوالفضل آقابزرگی,+98 21 2200 6355,https://www.eclairpastry.com/,,Mo-Su 08:30-23:00,
n4607518160,کافه شیرینی اکلر · خیابان باهنر,Eclair,اکلر,خیابان باهنر,35.812755,51.455931,منطقه 1,north,featured,active,,osm,باهنر,+98 21 2611 2133,https://www.eclairpastry.com/,,Mo-Su 08:30-23:00,
n11684893369,کافه شیرینی اکلر · فرمانیه,Eclair,اکلر,فرمانیه,35.799586,51.469882,منطقه 1,north,featured,active,,osm,,,,,Mo-Su 08:00-22:30,
,کافه فنجون,,,,35.809820,51.428616,منطقه 1,north,featured,active,,manual,خیابان غلام جعفری,,,,,
,کافه کارزین تجریش,,,,35.803830,51.425060,منطقه 1,north,featured,active,,manual,میدان تجریش ابتدای خ ملکی سعدآباد,,,,,
,کافه کارزین کاخ نیاوران,,,,35.814840,51.471450,منطقه 1,north,featured,active,,manual,نیاوران میدان باهنر داخل کاخ‌موزه نیاوران,,,,,
,کافه کاما,,,,35.787030,51.430610,منطقه 1,center,featured,active,,manual,شریعتی بالاتر از پل رومی ابتدای موسیوند پلاک ۶۲,,,,,
,کافه گالری فرهنگسرای نیاوران,,,,35.817800,51.467770,منطقه 1,north,featured,active,,manual,میدان نیاوران ابتدای خ پاسداران شمالی مقابل پارک نیاوران,,,,,
,کافه لوشانه,,,,35.805647,51.430595,منطقه 1,north,featured,active,,manual,خیابان کوچه بعثت,,,,,
,کافه مشرق,,,,35.801000,51.511280,منطقه 1,north,featured,active,,manual,اتوبان ارتش ازگل خ ازگل پلاک ۱۲۴,,,,,
,کافه ناندو,,,,35.804950,51.501320,منطقه 1,north,featured,active,,manual,بزرگراه ارتش بلوار سوهانک برج‌های آتی‌ساز ۲ برج مریم واحد ۷ تجاری,,,,,
,کافه ویونا,,,,35.805753,51.430117,منطقه 1,north,featured,active,,manual,خیابان کوچه امامزاده صالح,,,,,
n3854683566,کافه ویونا · الهیه,Viuna Café,ویونا,الهیه,35.802699,51.422184,منطقه 1,north,featured,active,,osm,,,https://cafe-viuna.com/,,,
n6749444885,کافه ویونا · خیابان آیت الله ملکی,Cafe Viuna,ویونا,خیابان آیت الله ملکی,35.807801,51.427047,منطقه 1,north,featured,active,,osm,خیابان آیت الله ملکی,,,,,
n11997801570,کافه ویونا · خیابان باهنر,,ویونا,خیابان باهنر,35.812035,51.449390,منطقه 1,north,featured,active,,osm,خیابان باهنر,,,,,
n5327935921,کافه ویونا · خیابان علوی,Viuna Cafe,ویونا,خیابان علوی,35.802587,51.457584,منطقه 1,north,featured,active,,osm,خیابان علوی,,,,,
,کافه ویونا زعفرانیه,,,,35.807110,51.422540,منطقه 1,north,featured,active,,manual,زعفرانیه خ فلاحی سه‌راه آصف نبش رامکوه زعفرانیه پلازا,,,,,
,کافه ویونا ولنجک,,,,35.807520,51.407650,منطقه 1,north,featured,active,,manual,ولنجک انتهای خ سیزدهم شرقی مرکز خرید گالریا,,,,,
,کلبه توچال,,,,35.782170,51.431270,منطقه 1,north,featured,active,,manual,خ شریعتی بالاتر از پل رومی روبروی خ موسیوند پلاک ۱۹۳,,,,,
,گالری کافه,,,,35.791790,51.476110,منطقه 1,north,featured,active,,manual,چهارراه فرمانیه خ پاسداران شمالی خ بوستان کوچه باقرالنمر پلاک ۱۲ باغ رستوران نرگس,,,,,
,لمیز کافی سعدآباد,,,,35.807060,51.428115,منطقه 1,north,featured,active,,manual,خیابان آیت الله ملکی,,,,,
,کافه آفست,,,,35.701062,51.409518,منطقه 11,center,featured,active,,manual,شیخ هادی، خیابان انقلاب اسلامی,,,,,
,کافه باکارا,,,,35.700801,51.408988,منطقه 11,center,featured,active,,manual,شیخ هادی، خیابان بن بست انجمن کتاب,,,,,
,کافه پرسه,,,,35.700013,51.404250,منطقه 11,center,featured,active,,manual,فلسطین - انقلاب، خیابان سرمد,,,,,
,کافه تئاتر,,,,35.698874,51.406116,منطقه 11,center,featured,active,,manual,شیخ هادی، خیابان پرتویی,,,,,
,کافه تهرون,,,,35.700623,51.415985,منطقه 12,center,featured,active,,manual,فردوسی، خیابان مهرانی,,,,,
n4503244289,امیر شکلات · درختی,Amir Chocolate,امیر شکلات,درختی,35.771221,51.356171,منطقه 2,north,featured,active,,osm,درختی، خیابان فخار مقدم,,,,Mo-Su 08:00-00:00,
n9210379019,امیر شکلات · سعادت آباد,,امیر شکلات,سعادت آباد,35.786976,51.373392,منطقه 2,north,featured,active,,osm,سعادت آباد، خیابان بلوار سعادت آباد,,,,,
n9986204849,قهوه لمیز · سعادت آباد,,لمیز,سعادت آباد,35.782014,51.377160,منطقه 2,north,featured,active,,osm,سعادت آباد، خیابان بلوار سرو شرقی,,,,,
n9689750129,قهوه لمیز · شهرک غرب,,لمیز,شهرک غرب,35.754495,51.374601,منطقه 2,west,featured,active,,osm,شهرک قدس، خیابان مهستان,,,,,
,کافه برزیل,,,,35.780717,51.365842,منطقه 2,west,featured,active,,manual,سعادت آباد، خیابان آزالیا,,,,,
,کافه فارین,,,,35.782799,51.374168,منطقه 2,west,featured,active,,manual,سعادت آباد، خیابان نهم شرقی,,,,,
,کافه گرویتی,,,,35.783525,51.382733,منطقه 2,west,featured,active,,manual,سعادت آباد، خیابان بلوار سرو شرقی,,,,,
n12842360895,کافه ویونا · تهران ویلا,,ویونا,تهران ویلا,35.718491,51.364691,منطقه 2,west,featured,active,,osm,تهران ویلا، خیابان تاکستان,,,,,
n4545875691,کافه ویونا · درختی,Viona Cafe,ویونا,درختی,35.766033,51.354737,منطقه 2,north,featured,active,,osm,درختی,,,,,
n8781307806,کافه ویونا · سعادت آباد,,ویونا,سعادت آباد,35.789655,51.375013,منطقه 2,north,featured,active,,osm,سعادت آباد، خیابان اوین,,,,,
n9775021466,کافه ویونا · مرکز خرید پلاتین,,ویونا,مرکز خرید پلاتین,35.752228,51.364774,منطقه 2,west,featured,active,,osm,ایوانک، خیابان سیمای ایران,,,,,
,وهو کافی,,,,35.779851,51.363838,منطقه 2,west,featured,active,,manual,سعادت آباد، خیابان جویپا,,,,,
n9926291133,قهوه لمیز · دریاچه چیتگر,,لمیز,دریاچه چیتگر,35.731996,51.200355,منطقه 22,west,featured,active,,osm,,,,,,
n8930554517,امیر شکلات · حسینیه ارشاد - قبا,,امیر شکلات,حسینیه ارشاد - قبا,35.759689,51.446306,منطقه 3,center,featured,active,,osm,حسینیه ارشاد - قبا، خیابان شریعتی,,,,,
,تی کافه,,,,35.769730,51.445970,منطقه 3,north,featured,active,,manual,خ شریعتی بالاتر از پل صدر خ سهیل پاساژ سهیل ط۲,,,,,
n4640351489,رئیس فود,,رئیس,,35.768132,51.396631,منطقه 3,north,featured,active,,osm,سئول 02188050660,,,,,
,رستوران آکسون,,,,35.789890,51.460390,منطقه 3,north,featured,active,,manual,اندرزگو روبروی قیطریه نبش خ شریفی‌منش پلاک ۴,,,,,
,رستوران ایتالیایی لیانا,,,,35.786750,51.463280,منطقه 3,north,featured,active,,manual,اندرزگو بلوار صبا حدفاصل قیطریه و بلوار کاوه پلاک ۱۳۴,,,,,
,رستوران ایتالیایی ویژن,,,,35.789320,51.457350,منطقه 3,north,featured,active,,manual,بلوار اندرزگو قیطریه روبروی پارک قیطریه,,,,,
,رستوران کالوک,,,,35.777320,51.452070,منطقه 3,north,featured,active,,manual,خ شریعتی بلوار صبا پلاک ۱۷۷ ساختمان کبیر,,,,,
,سام کافی روسترز,,,,35.765937,51.398561,منطقه 3,center,featured,active,,manual,ونک، خیابان وسکانیان,,,,,
n9986146373,قهوه لمیز · جردن,,لمیز,جردن,35.781621,51.423250,منطقه 3,north,featured,active,,osm,جردن - پارک ملت، خیابان بلوار نلسون ماندلا,+98 21 2620 7976,https://lamizcoffee.com/,,,
n4367368889,قهوه لمیز · میرداماد,Lamiz,لمیز,میرداماد,35.760002,51.434391,منطقه 3,center,featured,active,,osm,میرداماد,,,,,
n9971396627,قهوه لمیز · ونک,,لمیز,ونک,35.758854,51.409795,منطقه 3,center,featured,active,,osm,ونک، خیابان صیرفی,,,,,
,کافه آرمه,,,,35.778975,51.415060,منطقه 3,north,featured,active,,manual,جردن - پارک ملت، خیابان تونل نیایش,,,,,
,کافه پانه,,,,35.753828,51.397624,منطقه 3,center,featured,active,,manual,ونک,,,,,
,کافه پیانته,,,,35.765184,51.395374,منطقه 3,center,featured,active,,manual,ونک، خیابان میدان شیخ بهایی,,,,,
,کافه رستوران ترنجستان,,,,35.770140,51.444260,منطقه 3,north,featured,active,,manual,خ شریعتی بالاتر از پل صدر پلاک ۱۷۷۶,,,,,
,کافه رستوران چای بار,,,,35.785710,51.469350,منطقه 3,north,featured,active,,manual,اندرزگو خ سلیمی شمالی پلاک ۱۴۵ باغ انجمن خوشنویسان,,,,,
,کافه رستوران لبنانی لبینا,,,,35.792260,51.458700,منطقه 3,north,featured,active,,manual,بلوار اندرزگو روبروی سه‌راه قیطریه نبش خ شریفی‌منش,,,,,
,کافه رستوران مصری آتش,,,,35.789760,51.472320,منطقه 3,north,featured,active,,manual,ابتدای اندرزگو بعد از بلوار کاوه پلاک ۱۳,,,,,
,کافه کارخانه,,,,35.766987,51.394500,منطقه 3,center,featured,active,,manual,ونک، خیابان دانشگاه الزهرا,,,,,
n6311012870,کافه ویونا · اراضی عباس آباد,,ویونا,اراضی عباس آباد,35.752006,51.431716,منطقه 3,center,featured,active,,osm,اراضی عباس آباد، خیابان شهدای بانک مرکزی,,,,,
n9346232107,کافه ویونا · ونک · سیدجعفر شهیدی,,ویونا,ونک,35.752485,51.417599,منطقه 3,center,featured,active,,osm,ونک، خیابان سیدجعفر شهیدی,,,,,
n11054677089,کافه ویونا · ونک · کمان,,ویونا,ونک,35.757318,51.417365,منطقه 3,center,featured,active,,osm,ونک، خیابان کمان,+98 21 88 200 610,https://www.cafe-viuna.com,,,
,کافی شاپ کمپانی,,,,35.788340,51.473440,منطقه 3,north,featured,active,,manual,بلوار اندرزگو بین علوی و وطن‌پور مرکز خرید سانا طبقه همکف ۱,,,,,
n4537670990,قهوه لمیز · پاسداران,Lamiz Cafe,لمیز,پاسداران,35.768663,51.458247,منطقه 4,north,featured,active,,osm,پاسداران - ضرابخانه، خیابان پاسداران,,https://www.lamizcoffee.com/,,Mo-Su 07:00-23:30,
n9258082217,قهوه لمیز · پایدارفر,,لمیز,پایدارفر,35.763357,51.458585,منطقه 4,center,featured,active,,osm,پاسداران - ضرابخانه، خیابان برادران پایدارفرد,,,,,
n12745581301,قهوه لمیز · هروی - حسین آباد,,لمیز,هروی - حسین آباد,35.768135,51.474585,منطقه 4,north,featured,active,,osm,هروی - حسین آباد، خیابان کاظم موسوی,,,,,
n10023912154,امیر شکلات · مرکز خرید تیراژه,,امیر شکلات,مرکز خرید تیراژه,35.748227,51.331537,منطقه 5,west,featured,active,,osm,باغ فیض، خیابان بزرگراه آیت الله اشرفی اصفهانی,,,,,
n4523490296,قهوه لمیز · فردوس,,لمیز,فردوس,35.722963,51.318881,منطقه 5,west,featured,active,,osm,بلوار فردوس شرق,,,,Mo-Su 11:00-23:00,
n5352272722,کافه ویونا · کوروش مال,Viuna Cafe,ویونا,کوروش مال,35.738581,51.313663,منطقه 5,west,featured,active,,osm,باغ فیض، خیابان مسیر پارکینگ کوروش,,,,,
,اَن کافه,,,,35.710471,51.405824,منطقه 6,center,featured,active,,manual,دانشگاه تهران، خیابان برادران مظفر شمالی,,,,,
n12198584985,قهوه لمیز · جمال‌زاده,,لمیز,جمال‌زاده,35.705664,51.390346,منطقه 6,center,featured,active,,osm,جمال‌زاده، خیابان نصرت,,https://lamizcoffee.com/,,,
n6339857785,قهوه لمیز · فاطمی,,لمیز,فاطمی,35.719979,51.405065,منطقه 6,center,featured,active,,osm,جهاد، خیابان میدان جهاد,,,,,
n1840233514,قهوه لمیز · کشاورز - پارک لاله,Lamiz,لمیز,کشاورز - پارک لاله,35.713439,51.406780,منطقه 6,center,featured,active,,osm,کشاورز - پارک لاله، خیابان فرشید,,,,,coffee_shop
n4778118298,کافه آندورا,Andorra coffee,,,35.703412,51.420186,منطقه 6,center,featured,active,,osm,ایرانشهر 57,982188323021+,https://www.instagram.com/cafeandorra/,,09:00-23:30,tea;coffee_shop
,کافه الی,,,,35.712816,51.406959,منطقه 6,center,featured,active,,manual,بهجت‌آباد، خیابان ولی عصر,,,,,
n8259642217,کافه رئیس · سنائی,,رئیس,سنائی,35.721593,51.422864,منطقه 6,center,featured,active,,osm,سنائی، خیابان فجر,+2188314738,https://raeescoffee.com/,,Mo-Su 09:00-21:00,coffee_shop;sandwich
,کافه سپنج,,,,35.747344,51.405183,منطقه 6,center,featured,active,,manual,یوسف آباد، خیابان سید جمال‌الدین اسدآبادی,,,,,
n14212997901,کافه سکوی نُه سه‌چهارم,Platform 9¾ Cafe,,,35.715148,51.421118,منطقه 6,center,featured,active,,osm,کریم خان زند 134,,http://qbar.ir/platform,,,coffee_shop;pasta
,کافه صدف,,,,35.739831,51.409718,منطقه 6,center,featured,active,,manual,ساعی، خیابان ولی عصر,,,,,
,کافه کوچه,,,,35.726791,51.405072,منطقه 6,center,featured,active,,manual,جهاد، خیابان بیستون,,,,,
,کافه کوکن,,,,35.734599,51.401456,منطقه 6,center,featured,active,,manual,یوسف آباد، خیابان سی و پنجم,,,,,
n6400942686,کافه گودو,,,,35.701388,51.404555,منطقه 6,center,featured,active,,osm,دانشگاه تهران، خیابان انقلاب اسلامی,,,,Mo-Su 11:00-23:00,
n4857327321,کافه ویونا · ایرانشهر,Cafe Viuna,ویونا,ایرانشهر,35.715069,51.421900,منطقه 6,center,featured,active,,osm,خردمند جنوبی,,https://cafe-viuna.com/,,,
n4664129995,کافه ویونا · دریاى نور,Cafe Viuna,ویونا,دریاى نور,35.728665,51.420927,منطقه 6,center,featured,active,,osm,سرافراز ۱۱ No. 49,+98 21 8817 1977,https://www.instagram.com/cafeviunadaryaayenour/,,Sa-Th 07:30-22:30; Fr 11:00-22:30,coffee_shop
n4298643092,کافی شاپ گودوت,Godot coffee,,,35.703109,51.405720,منطقه 6,center,featured,active,,osm,خیابان ولی عصر,,,,,
,لمیز کافی ولیعصر,,,,35.701756,51.405475,منطقه 6,center,featured,active,,manual,خیابان ولی عصر,,,,,
,وی کافه,,,,35.702203,51.402792,منطقه 6,center,featured,active,,manual,دانشگاه تهران، خیابان نایبی,,,,,
n11071762136,قهوه لمیز · مطهری,,لمیز,مطهری,35.723840,51.440637,منطقه 7,center,featured,active,,osm,سهروردی - باغ صبا، خیابان آیت الله مطهری,,,,,
n4520197989,کافه پارادیزو,Paradiso Cafe,,,35.723332,51.429301,منطقه 7,center,featured,active,,osm,مهرداد 12,,,,,
,کافه باریزان,,,,35.729108,51.494836,منطقه 8,east,featured,active,,manual,مدائن، خیابان برادران مصطفوی,,,,,
,کافه فنجان دوم,,,,35.731632,51.492323,منطقه 8,east,featured,active,,manual,هفت حوض، خیابان محمود مهرانپور,,,,,
,کژه کافی‌شاپ,,,,35.715569,51.489798,منطقه 8,east,featured,active,,manual,نارمک جنوبی، خیابان عباس دین محمدی,,,,,
,کافه رستوران کایلو,,,,35.920900,51.541640,,north,featured,active,,manual,جاده فشم بعد از دوراهی اوشان,,,,,
n11673091530,Ariana Art Cafe,,,,35.786949,51.428426,منطقه 1,north,minor,active,,osm,خیابان مرتضی فیاضی,,https://arianaartcafe.ir,,,
n6292712385,Babe cafe,,,,35.818102,51.440875,منطقه 1,north,minor,active,,osm,خیابان رجایی,,,,,
n11676105622,Belle Cafe,,,,35.787766,51.424139,منطقه 1,north,minor,active,,osm,خیابان نیلوفر,,,,,
n12752678001,Bruncho,,,,35.804355,51.462009,منطقه 1,north,minor,active,,osm,خیابان علیرضا بازدار,,,,,cake;crepe;pancake
n6380684123,Cafe Zhical,,,,35.799308,51.433474,منطقه 1,north,minor,active,,osm,Shariati Street,,,,,
n10922074659,E-One,,,,35.820102,51.425794,منطقه 1,north,minor,active,,osm,خیابان میدان دربند,,,,,
n11676105621,Parlak cafe,,,,35.787618,51.423973,منطقه 1,north,minor,active,,osm,خیابان نیلوفر,,https://parlak.menusaz.com/,,,
n10783627574,pink flower cafe,,,,35.803008,51.447837,منطقه 1,north,minor,active,,osm,خیابان سلیمی شمالی,,,,,
n8723035360,The D Project,,,,35.808045,51.469125,منطقه 1,north,minor,active,,osm,خیابان خان سفید,,http://thedproject.ir,,,
n3956551438,قهوه تلخ,Ghahveh Talkh Cofeeshop,,,35.803673,51.420932,منطقه 1,north,minor,active,,osm,,,,,,
n11808958233,قهوه کاژه,,,,35.806309,51.430047,منطقه 1,north,minor,active,,osm,خیابان زعیم,,,,,
n9901649724,قهوه ویل,,,,35.796078,51.443096,منطقه 1,north,minor,active,,osm,خیابان بلوار شهید اندرزگو,,,,,
n11009689556,كافه رابي,,,,35.793502,51.448202,منطقه 1,north,minor,active,,osm,خیابان کتابی,,,,,
n4511172690,کافه بوسونی,,,,35.793504,51.451574,منطقه 1,north,minor,active,,osm,بلوار قیطریه,,,,,
n12635606507,کافه بیدل,,,,35.804745,51.422123,منطقه 1,north,minor,active,,osm,خیابان عباس کیارستمی,,,,,
n7616161786,کافه بیزی,Bizi Cafe,,,35.809379,51.454630,منطقه 1,north,minor,active,,osm,خیابان تنیس,,,,,
n11279032522,کافه پرا,,,,35.790844,51.420822,منطقه 1,north,minor,active,,osm,خیابان بوسنی هرزگوین,,,,,
n11676105627,کافه پنگان,,,,35.787043,51.425488,منطقه 1,north,minor,active,,osm,خیابان مرتضی فیاضی,,,,,
n11407067169,کافه پیک · خیابان ۲۲ بهمن,,,خیابان ۲۲ بهمن,35.799453,51.490741,منطقه 1,north,minor,active,,osm,خیابان ۲۲ بهمن,,,,,
n11436011919,کافه تئاتر جم,,,,35.814641,51.460051,منطقه 1,north,minor,active,,osm,خیابان تهرانی,09121132566,,,,
n12167986307,کافه جریان,,,,35.798452,51.424626,منطقه 1,north,minor,active,,osm,خیابان دکتر محمود حسابی,,,,,
n7745686023,کافه دانیال,,,,35.793011,51.450279,منطقه 1,north,minor,active,,osm,خیابان بلوار قیطریه,,,,,
n4304851596,کافه رژ,Rouge cafe,,,35.792766,51.489803,منطقه 1,north,minor,active,,osm,خیابان گلشن غربی,,,,,
n10922142705,کافه رستوران ژینر,,,,35.820338,51.426120,منطقه 1,north,minor,active,,osm,161,,,,,
n6178454132,کافه رستوران ضیافه,Ziafeh Cafe Restaurant,,,35.785345,51.429789,منطقه 1,north,minor,active,,osm,خیابان مهدیه,,,,,
n11212240541,کافه رستوران مایسا,,,,35.797216,51.446779,منطقه 1,north,minor,active,,osm,خیابان کیارنگ,,,,,
n12381444869,کافه رستوران نرسی,,,,35.789458,51.493519,منطقه 1,north,minor,active,,osm,,,,,,
n4316722569,کافه صب,,,,35.797318,51.451784,منطقه 1,north,minor,active,,osm,خیابان گل میخک,,,,,
n11754512569,کافه عربی کوچ,,,,35.797575,51.446535,منطقه 1,north,minor,active,,osm,خیابان بلوار شهید اندرزگو,,,,,
n7686851589,کافه قنادی کوپک,,,,35.799439,51.404307,منطقه 1,north,minor,active,,osm,خیابان اعرابی,,,,,
n5424754224,کافه کوکو · خیابان طاهری,Coco Cafe,,خیابان طاهری,35.801429,51.484825,منطقه 1,north,minor,active,,osm,خیابان طاهری,,,,,
n355604340,کافه گالری,,,,35.799162,51.424196,منطقه 1,north,minor,active,,osm,خیابان هفدهم,,,,,
n11591315750,کافه میم,,,,35.817113,51.482547,منطقه 1,north,minor,active,,osm,خیابان پورابتهاج,,,,,
n11997805269,کافه نسپرسو,,,,35.812016,51.449307,منطقه 1,north,minor,active,,osm,خیابان باهنر,,,,,
n11051603715,کافه و رستوران چشم تهران,,,,35.811887,51.459103,منطقه 1,north,minor,active,,osm,خیابان باهنر,,,,,
n10558759009,کافه وی وی یِن,,,,35.785750,51.440854,منطقه 1,north,minor,active,,osm,خیابان قلندری شمالی,,,,,
n9969989519,کافیمی,,,,35.793747,51.451137,منطقه 1,north,minor,active,,osm,خیابان شیروانی,,,,,
n12195308746,نون کافه نیاوران,,,,35.816044,51.439357,منطقه 1,north,minor,active,,osm,همایون,,,,,
n6110411087,امین,,,,35.694096,51.377952,منطقه 10,west,minor,active,,osm,سلسبیل شمالی، خیابان سلمان فارسی,,,,,
n12677060673,کافه دنیز,,,,35.672986,51.373549,منطقه 10,south,minor,active,,osm,بریانک، خیابان شهید محمود عرب بافرانی,,,,,
n7045433423,Board Game Cafe,,,,35.700464,51.397841,منطقه 11,center,minor,active,,osm,فلسطین - انقلاب، خیابان پورجوادی,,,,,
n7045401813,Mira cafe,,,,35.700520,51.390517,منطقه 11,center,minor,active,,osm,جمالزاده، خیابان خیابان آزادی,,,,,
n11660029965,امیر کافه,,,,35.700918,51.401199,منطقه 11,center,minor,active,,osm,فلسطین - انقلاب، خیابان مهارت,,,,,
n12871684359,برگون کافه,,,,35.694335,51.392211,منطقه 11,center,minor,active,,osm,آذربایجان، خیابان کارگر جنوبی,,,,,
n8998370868,قهوه آدوراز,,,,35.701094,51.409121,منطقه 11,center,minor,active,,osm,شیخ هادی، خیابان انقلاب اسلامی,,,,,
n12786152125,قهوه بروژ,,,,35.700096,51.410089,منطقه 11,center,minor,active,,osm,شیخ هادی، خیابان خارک,,,,,
n9209064535,قهوه بلوط,,,,35.696744,51.379058,منطقه 11,west,minor,active,,osm,جمهوری، خیابان ناهید,,,,,
n8998306398,قهوه پل,,,,35.701126,51.410751,منطقه 11,center,minor,active,,osm,شیخ هادی، خیابان پل کالج,,,,,
n9016188565,قهوه فروشی الی,,,,35.664582,51.390819,منطقه 11,south,minor,active,,osm,انبار نفت، خیابان قدوسی,,,,,
n4715094197,قهوه قجری,Qajari Coffee,,,35.700275,51.403724,منطقه 11,center,minor,active,,osm,فلسطین - انقلاب، خیابان خواجه نصیر,,,,,
n11825779610,قهوه قلب,,,,35.696085,51.395325,منطقه 11,center,minor,active,,osm,آذربایجان، خیابان جمهوری اسلامی,,,,,
n11076959814,کافه آرت گالری,,,,35.698296,51.407275,منطقه 11,center,minor,active,,osm,شیخ هادی، خیابان رازی,,,,,
n12786194461,کافه آما,,,,35.699011,51.409881,منطقه 11,center,minor,active,,osm,شیخ هادی، خیابان خارک,,,,,
n12786182202,کافه ایرا,,,,35.700148,51.410105,منطقه 11,center,minor,active,,osm,شیخ هادی، خیابان خارک,,,,,
n11795117969,کافه پاندا,,,,35.699322,51.388675,منطقه 11,center,minor,active,,osm,جمالزاده، خیابان جمالزاده جنوبی,,https://cafepandafun.ir/,,,
n5265655921,کافه پیانو,Piano Cafe,,,35.699713,51.402795,منطقه 11,center,minor,active,,osm,فلسطین - انقلاب، خیابان علی سلیمانی,,,,,
n6312207686,کافه تور,,,,35.696903,51.407068,منطقه 11,center,minor,active,,osm,شیخ هادی، خیابان رازی,,,,,
n11263012493,کافه چپ کوک,,,,35.697008,51.404804,منطقه 11,center,minor,active,,osm,شیخ هادی، خیابان نوفل لوشاتو,,,,,
n12149062073,کافه رستوران کوتاه قامتان شعبه دو,,,دو,35.700817,51.396020,منطقه 11,center,minor,active,,osm,فلسطین - انقلاب، خیابان فخر رازی,,,,,
n11763758948,کافه کازان,,,,35.697809,51.407197,منطقه 11,center,minor,active,,osm,شیخ هادی، خیابان رازی,,,,,
n6415986485,کافه کتاب دارالخلافه,Daralkhelafe Cafe ketab,,,35.689467,51.407045,منطقه 11,center,minor,active,,osm,شیخ هادی، خیابان مظفری خواه,,,,,
n9890057455,کافه کوچ,,,,35.700274,51.389269,منطقه 11,center,minor,active,,osm,جمالزاده، خیابان دانشور شیرازی,,,,,
n4741776521,کافه گرامافون,Gramophone Cafe,,,35.700287,51.404569,منطقه 11,center,minor,active,,osm,فلسطین - انقلاب، خیابان سرمد,,,,,
n9131945424,کافه مورف,Café Murph,,,35.699445,51.403876,منطقه 11,center,minor,active,,osm,فلسطین - انقلاب، خیابان برادران مظفر,,,,,
n10797258229,کافه همراز,,,,35.696934,51.407101,منطقه 11,center,minor,active,,osm,شیخ هادی، خیابان رازی,,,,,
n11212484638,کافه همه,Every Cafe,,,35.700766,51.395772,منطقه 11,center,minor,active,,osm,فلسطین - انقلاب، خیابان انقلاب اسلامی,,,,,
n11659513303,کافه هورمزد,,,,35.699489,51.388220,منطقه 11,center,minor,active,,osm,جمالزاده، خیابان بیوکی,,,,,
n12560549754,کافه ویرو,,,,35.693885,51.392307,منطقه 11,center,minor,active,,osm,آذربایجان، خیابان آزادی,+98 901 441 4041,,,,
n10147437584,کافی شاپ فنجانه,,,,35.700607,51.395996,منطقه 11,center,minor,active,,osm,فلسطین - انقلاب، خیابان فخر رازی,,,,,
n12245827726,کافی شاپ هی کافی,,,,35.698203,51.389255,منطقه 11,center,minor,active,,osm,جمالزاده، خیابان ایران,,,,,
n8998810772,کلانه,,,,35.700839,51.399434,منطقه 11,center,minor,active,,osm,فلسطین - انقلاب، خیابان انقلاب اسلامی,,,,,
n13012999435,منزل بهرامی,,,,35.697513,51.407561,منطقه 11,center,minor,active,,osm,شیخ هادی، خیابان دوم,,,,,
n8998303683,پدرخوانده,The Godfather Cafe,,,35.701181,51.414157,منطقه 12,center,minor,active,,osm,فردوسی، خیابان پل کالج,,,,,
n5155648421,قهوه خونه حاج علی درویش,Haj Ali Darvish Cafe,,,35.676116,51.421273,منطقه 12,south,minor,active,,osm,بازار، خیابان بازار بزرگ,,,,,
n4475628692,قهوه ریو,Rio Coffee,,,35.694621,51.419596,منطقه 12,center,minor,active,,osm,فردوسی، خیابان جمهوری اسلامی,,,,,
n5953408386,قهوه قالی,Rug Coffee,,,35.674139,51.419048,منطقه 12,south,minor,active,,osm,بازار، خیابان بازار کفاش‌ها,,,,,
n5649724121,کافه آگر,Cafe Agor,,,35.701374,51.416903,منطقه 12,center,minor,active,,osm,فردوسی، خیابان براتی,,,,,
n8973195017,کافه آموره,AMORE CAFE,,,35.700507,51.419036,منطقه 12,center,minor,active,,osm,فردوسی، خیابان ضرابی,,,,,
n10852902879,کافه روسو,,,,35.701318,51.415484,منطقه 12,center,minor,active,,osm,فردوسی، خیابان انقلاب اسلامی,,,,,
n10991544693,کافه شاباد,,,,35.691611,51.428068,منطقه 12,center,minor,active,,osm,جمهوری اسلامی,,,,,
n7150534423,کافه عربی منصور ۶۹,,,,35.678186,51.438289,منطقه 12,south,minor,active,,osm,امام زاده یحیی، خیابان ری,,,,,
n8998282604,کافه فم شیک,,,,35.701241,51.415034,منطقه 12,center,minor,active,,osm,فردوسی، خیابان انقلاب اسلامی,,,,,
n11868957185,کافه کارامل,,,,35.674771,51.427607,منطقه 12,south,minor,active,,osm,خیابان حمام,09353448936,,,,
n6018501592,کافه مسعودیه,Massoudie Cafe,,,35.689900,51.428304,منطقه 12,center,minor,active,,osm,بهارستان، خیابان شیرازی,,,,,
n4396120192,توت طلایی,Golden Berry,,,35.690620,51.458619,منطقه 13,center,minor,active,,osm,زاهد گیلانی، خیابان پیروزی,,,,,
n13338726848,کافه نارملا,,,,35.695284,51.477314,منطقه 13,east,minor,active,,osm,دهقان - کوکاکولا، خیابان داوود عباس زاده,,,,,
n12429552608,سرای سنتی کندو,,,,35.659551,51.489081,منطقه 14,south,minor,active,,osm,آهنگ، خیابان شهید پادیاو (جنوبی),,,,,
n4837881323,کافه عرفان,,,,35.673499,51.462839,منطقه 14,south,minor,active,,osm,شاهین، خیابان حمید تکیه اکبرآبادی,,,,,
n12806851387,کافه راز,,,,35.636276,51.504559,منطقه 15,south,minor,active,,osm,مسعودیه، خیابان موسوی شرقی,+989123905284,,,,
n10873949505,کافه ایلی علی,cafe ileali,,,35.647801,51.393266,منطقه 16,south,minor,active,,osm,جوادیه (زمانی)، خیابان نادر نیک پرور,,,,,
n11962885109,کافه ایلیا,,,,35.644145,51.405611,منطقه 16,south,minor,active,,osm,نازی آباد، خیابان شانزدهم,,,,,
w1350435164,کافه بالدی بال,,,,35.638848,51.398917,منطقه 16,south,minor,active,,osm,نازی آباد، خیابان اکبر مشهدی,,,,,
n11191683237,کافه رستوران بیست,cafe returan bist,,,35.635146,51.409288,منطقه 16,south,minor,active,,osm,نازی آباد، خیابان احمد عراقی,,,,,
n11473857126,کافه میتسورین,,coffee mitsurin,,35.635391,51.408915,منطقه 16,south,minor,active,,osm,نازی آباد، خیابان عباس اوجانی,,,,,
n13325762221,قهوه کاپیتان,,,,35.666759,51.366746,منطقه 17,south,minor,active,,osm,باغ خزانه، خیابان امامزاده حسن,,,,,
n10852996127,کافه رستوران دورهمی,,,,35.664467,51.357858,منطقه 17,south,minor,active,,osm,امام زاده حسن، خیابان امامزاده حسن,,,,,
w1528737492,کافه فود هامون,,,,35.660270,51.375189,منطقه 17,south,minor,active,,osm,مقدم، خیابان سعید رشیدی جهان,,,,,
n12039036568,شفاهی,,,,35.666031,51.311662,منطقه 18,south,minor,active,,osm,جعفر عزیزی,,,,,
n11812404569,قهوه کاکو قدرت,,,,35.660614,51.340130,منطقه 18,south,minor,active,,osm,بهداشت، خیابان بلوار معلم,+98919728215,,,,
n11618413485,کافه آتا,,,,35.654692,51.341951,منطقه 18,south,minor,active,,osm,بهداشت، خیابان آیت الله طالقانی,,,,,
n13240924525,کافه تورین,,,,35.656866,51.341231,منطقه 18,south,minor,active,,osm,38,,,,,
n12064353924,کافه دریا,,,,35.646130,51.337672,منطقه 18,south,minor,active,,osm,شهرک ولیعصر جنوبی، خیابان زمانی,,,,,
n11062782397,کافه دژاوو,,,,35.650410,51.336323,منطقه 18,south,minor,active,,osm,شهرک ولیعصر شمالی، خیابان غلامعلی مسلمی,,,,,
n11820469387,کافه راد,,,,35.664068,51.342379,منطقه 18,south,minor,active,,osm,تولید دارو، خیابان حمیدرضا یادگار,,,,,
n11067979465,کافه سفید,,,,35.660526,51.329711,منطقه 18,south,minor,active,,osm,حسینی، خیابان مدائن,,,,Mo-Su 09:00-23:00,
n12178601532,کافه مامانی,,,,35.659128,51.328995,منطقه 18,south,minor,active,,osm,حسینی، خیابان بلوار معلم,,,,,
n11830055988,کافه من,,,,35.661189,51.331679,منطقه 18,south,minor,active,,osm,تولید دارو، خیابان تختی,,,,,
n5707270822,خانلو,,,,35.625010,51.394353,منطقه 19,south,minor,active,,osm,خانی آباد جنوبی، خیابان آموزگار,,,,,
n5707375421,خانلو · خانی آباد جنوبی,,,خانی آباد جنوبی,35.619151,51.398214,منطقه 19,south,minor,active,,osm,خانی آباد جنوبی، خیابان دانشگاه,,,,,
n5860976485,خانلو · منطقه 19 · شعبه 2,,,2,35.621879,51.397652,منطقه 19,south,minor,active,,osm,خانی آباد جنوبی، خیابان دانشگاه,,,,,
n11254406460,داژو کافی,,,,35.622164,51.392697,منطقه 19,south,minor,active,,osm,خانی آباد جنوبی، خیابان بیست وچهارم,,,,,
n9944921598,Farmer Cafe,,,,35.768415,51.361120,منطقه 2,north,minor,active,,osm,درختی، خیابان ناخدا محتاج,,,,,
n9527947304,GameGeekCafe,,,,35.745926,51.340562,منطقه 2,west,minor,active,,osm,شهرک هما، خیابان پل معلق بوستان نهج البلاغه,,,,,
n13249888051,L.A Cafe,,,,35.752774,51.375182,منطقه 2,west,minor,active,,osm,شهرک قدس، خیابان بلوار ایران زمین,,,,,
n13249888050,Lime Cafe,,,,35.753032,51.375225,منطقه 2,west,minor,active,,osm,شهرک قدس، خیابان بلوار ایران زمین,,,http://www.instagram.com/golestan_lime_cafe,,
n10003062056,Mon Chéri Restaurant & Café,,,,35.766234,51.357308,منطقه 2,north,minor,active,,osm,درختی، خیابان گلبرگ دوم,,,,,
n9958908891,Monaco Cafe,,,,35.734011,51.345302,منطقه 2,west,minor,active,,osm,مرزداران، خیابان الوند سیزدهم,,,,,
n9944909828,Pumpkin Bakery Café,,,,35.758310,51.358206,منطقه 2,west,minor,active,,osm,ایوانک، خیابان شجریان شمالی,,,,,
n9949929264,Sinnan Coffe,,,,35.737474,51.382075,منطقه 2,west,minor,active,,osm,کوی نصر، خیابان یاس,,,,,
n1334442660,آمیستریس,Amisteris,,,35.765102,51.354553,منطقه 2,north,minor,active,,osm,درختی، خیابان بلوار دادمان,,,,,
n9627052358,برسین کافه,,,,35.753944,51.371387,منطقه 2,west,minor,active,,osm,شهرک قدس، خیابان بلوار ایران زمین,,,,,
n11764481136,خانه هرمز,,,,35.775696,51.372228,منطقه 2,north,minor,active,,osm,دریا، خیابان نوزدهم غربی,+982188681707,,,,
n11764505425,خانه هرمز 44,,,,35.775624,51.371558,منطقه 2,north,minor,active,,osm,دریا، خیابان نوزدهم غربی,,,,,
n10765902562,دات کام,,,,35.806305,51.383566,منطقه 2,north,minor,active,,osm,خیابان میراسماعیلی,,,,,
n1334364363,سدل روم,,,,35.763801,51.357493,منطقه 2,west,minor,active,,osm,ایوانک، خیابان پنجم,,,,,
n12987313246,سین کافه · شهرک قدس,,,شهرک قدس,35.757565,51.371403,منطقه 2,west,minor,active,,osm,شهرک قدس، خیابان ۶,,,,,
n4749069323,فستیز,Fastis Cafe,,,35.771156,51.376474,منطقه 2,north,minor,active,,osm,دریا، خیابان بلوار دریا,,,,,
n11197479564,قهوه تایم,,,,35.720166,51.356977,منطقه 2,west,minor,active,,osm,ستارخان، خیابان نیلوفر,,,,,
n9944699657,كافه ثلث,,,,35.753758,51.362251,منطقه 2,west,minor,active,,osm,ایوانک، خیابان دانش,,,,,
n9944699631,كافه رستوران كايا,,,,35.754164,51.363316,منطقه 2,west,minor,active,,osm,شهرک قدس، خیابان بلوار فرحزادی,,,,,
n9944921528,كافه مپ,,,,35.771228,51.363966,منطقه 2,north,minor,active,,osm,درختی، خیابان بهاران یکم,,,,,
n14225798519,کافه آک,,,,35.765017,51.358931,منطقه 2,north,minor,active,,osm,ایوانک، خیابان گلسا,,,,,
n11494104359,کافه اسمک آتابای,,,,35.755439,51.376492,منطقه 2,west,minor,active,,osm,شهرک قدس، خیابان گلستان جنوبی,09120297303,,,,
n4257789066,کافه ایوانک,Eivanak Cafe,,,35.756943,51.343698,منطقه 2,west,minor,active,,osm,ایوانک، خیابان بلوار ایوانک,,,,,
n12014278672,کافه بان,BUN Cafe Bakery,,,35.752923,51.373978,منطقه 2,west,minor,active,,osm,شهرک قدس، خیابان بلوار ایران زمین,,,,,
n9958908886,کافه پندار,Pendar Cafe,,,35.733780,51.345206,منطقه 2,west,minor,active,,osm,مرزداران، خیابان بیژن ابراهیمی,,,,,
n14234036194,کافه دسر جارُ,,,,35.771294,51.363803,منطقه 2,north,minor,active,,osm,درختی، خیابان بهاران یکم,,,,,
n5823513659,کافه دهه شصتی ها,,,,35.753487,51.372075,منطقه 2,west,minor,active,,osm,شهرک قدس، خیابان بلوار ایران زمین,,,,,
n4352205689,کافه دی,,,,35.727213,51.377600,منطقه 2,west,minor,active,,osm,کوی نصر، خیابان بدیع الزمان فروزانفر,,,,,
n9958908892,کافه رستوران 703,,,,35.733969,51.345302,منطقه 2,west,minor,active,,osm,مرزداران، خیابان الوند سیزدهم,,,,,
n7719885714,کافه رستوران اچ اند اچ,,,,35.725835,51.381380,منطقه 2,west,minor,active,,osm,کوی نصر، خیابان بلوچستان,,,,,
n13946059691,کافه رستوران اسپارک,,,,35.738261,51.346065,منطقه 2,west,minor,active,,osm,مرزداران، خیابان شقایق,,,,,coffee_shop;pizza;sandwich
n9527947305,کافه رستوران بین الملی ابینا,,,,35.745914,51.340728,منطقه 2,west,minor,active,,osm,شهرک هما، خیابان پل معلق بوستان نهج البلاغه,,,,,
n9958913544,کافه رستوران سنتی دیبا,,,,35.726675,51.341245,منطقه 2,west,minor,active,,osm,مرزداران، خیابان بزرگراه جلال آل احمد,,,,,
n11383726098,کافه رستوران لاوازا,,,,35.784585,51.374184,منطقه 2,north,minor,active,,osm,سعادت آباد، خیابان بلوار سعادت آباد,,,,,
n10003062087,کافه رستوران مکسان,,,,35.765795,51.356238,منطقه 2,north,minor,active,,osm,درختی، خیابان بهارستان,,,,,
n9401642133,کافه رستوران وَن وُياژ,,,,35.783233,51.377765,منطقه 2,north,minor,active,,osm,سعادت آباد، خیابان نسترن,,,,,coffee_shop
n9949929263,کافه شمرون · کوی نصر,,,کوی نصر,35.737415,51.382012,منطقه 2,west,minor,active,,osm,کوی نصر، خیابان یاس,,,,,
n4557844889,کافه عصر حجر,,,,35.790396,51.353259,منطقه 2,north,minor,active,,osm,پرواز، خیابان لاله چهارم,,,,,
n11875777205,کافه علی,,,,35.770992,51.357063,منطقه 2,north,minor,active,,osm,درختی، خیابان غلامحسین ایرانی,,,,,
n5986596956,کافه فلورانس,,,,35.736368,51.381876,منطقه 2,west,minor,active,,osm,کوی نصر، خیابان یاس,,,,,
n4441686896,کافه قانون,Qanun Cafe,,,35.763760,51.336913,منطقه 2,west,minor,active,,osm,پونک، خیابان امام حسن(ع),,,,,
n12208396427,کافه کالوشه,,,,35.781501,51.365525,منطقه 2,north,minor,active,,osm,سعادت آباد، خیابان صدف,,,,,
n6983181785,کافه گردو,,,,35.777544,51.365538,منطقه 2,north,minor,active,,osm,سعادت آباد، خیابان سیزدهم,,,,,
n4317122192,کافه لالین,,,,35.763076,51.337820,منطقه 2,west,minor,active,,osm,پونک، خیابان امام حسن(ع),,,,,
n9958908885,کافه لومیِر,,,,35.734058,51.345000,منطقه 2,west,minor,active,,osm,مرزداران، خیابان الوند سیزدهم,,,,,
n4145959507,کافه لیو,,,,35.764650,51.341080,منطقه 2,west,minor,active,,osm,پونک، خیابان استاد حسین صبحدل,,,,,
n8153700054,کافه لی‌وان,,,,35.714464,51.371196,منطقه 2,west,minor,active,,osm,شهرآرا - پاتریس، خیابان علیرضا اکبرزاده,,,,,
n14056128163,کافه نان کانتینر,,,,35.784416,51.384890,منطقه 2,north,minor,active,,osm,سعادت آباد، خیابان محمدعلی کشاورز,,,,,
n10808047094,کافه و رستوران بینج,,,,35.767260,51.372466,منطقه 2,north,minor,active,,osm,دریا، خیابان مهرداد,,,,,
n7236402187,کافه وآته,,,,35.769824,51.372584,منطقه 2,north,minor,active,,osm,دریا، خیابان بیست و یک متری گلها,,,,,
n11068492546,کافه وبوتیک نان وشیرینی ساوردو,,,,35.747102,51.333190,منطقه 2,west,minor,active,,osm,شهرک هما، خیابان ولی الله قموشی,,,,,
n13011939851,کای کافه,,,,35.752757,51.358505,منطقه 2,west,minor,active,,osm,ایوانک، خیابان سیمای ایران,,,,,
n6075140185,کوبار,koobar,,,35.747980,51.334606,منطقه 2,west,minor,active,,osm,خیابان ولی الله قموشی,,,,,
n12000654469,وریا,,,,35.768962,51.354070,منطقه 2,north,minor,active,,osm,درختی، خیابان طائمه,,,,,
n7224444385,رضا روشن,Reza Rooshan,,,35.574533,51.466166,منطقه 20,south,minor,active,,osm,تقی آباد، خیابان گلستان چهارم,,,,,
n12012026276,کافه رستوران پاپیرو,,,,35.601815,51.438222,منطقه 20,south,minor,active,,osm,دیلمان، خیابان بلوار امام حسین,,,,,
n7472289966,کافه سیاه و سفید,,,,35.605130,51.434746,منطقه 20,south,minor,active,,osm,دیلمان، خیابان اول,,,,,
n8787702518,جهان شیشه کردی,,,,35.689859,51.244143,منطقه 21,west,minor,active,,osm,تهرانسر غربی، خیابان پانزدهم,,,,,
n11361389230,کافه رز,,,,35.697530,51.257582,منطقه 21,west,minor,active,,osm,تهرانسر مرکزی، خیابان محمدحسین گیتی نما,,,,,
n12517618598,کافه رستوران تیوا,,,,35.697691,51.254103,منطقه 21,west,minor,active,,osm,باشگاه نفت، خیابان بلوار تهرانسر,+982144523039,,,,
n14137018312,کافه صبحانه سیب,,,,35.681629,51.261438,منطقه 21,west,minor,active,,osm,تهرانسر شرقی، خیابان بلوار شهدای کمیته,,,,,
n9464235381,Cafe Eskamoo,,,,35.739832,51.222752,منطقه 22,west,minor,active,,osm,کوهک، خیابان بزرگراه همدانی,,,,,
n14110419787,قهوه بن سای,,,,35.746068,51.232097,منطقه 22,west,minor,active,,osm,خیابان بلوار امیرکبیر,,,,,
n10688707834,کافه تایم,,,,35.765036,51.241166,منطقه 22,north,minor,active,,osm,دهکده المپیک، خیابان اسکان سبز,,,,,
n11524682343,کافه خاتون,,,,35.726392,51.246609,منطقه 22,west,minor,active,,osm,شهرک صدرا، خیابان طلوع یکم,,,,,
n11092823299,کافه خلیج فارس,,,,35.751408,51.213371,منطقه 22,west,minor,active,,osm,شهرک نگین ساحل، خیابان پیست دوچرخه سواری دریاچه چیتگر,,,,,
n13306182591,کافه دوناتو باملند,,,,35.744629,51.221291,منطقه 22,west,minor,active,,osm,کناررو دریاچه,,,,,
n10688707833,کافه رستوران بام قلهک دره,,,,35.765395,51.241287,منطقه 22,north,minor,active,,osm,دهکده المپیک,,,,,
n10121432059,کافه رستوران ویداس,,,,35.723144,51.244077,منطقه 22,west,minor,active,,osm,کوهک، خیابان بلوار علیمرادی,,,,,
n14155426048,کافه رونیکا پالاس کوهک,,,,35.733492,51.249866,منطقه 22,west,minor,active,,osm,شهرک صدرا، خیابان بلوار علیمرادی,,,,,
n10121432057,کافه نان و شیرینی سرو,,,,35.722987,51.244042,منطقه 22,west,minor,active,,osm,کوهک، خیابان بلوار علیمرادی,,,,,
n12649160267,هالین کافه,,,,35.745961,51.222702,منطقه 22,west,minor,active,,osm,قائم چیتگر، خیابان تالش,00989022252559,,,,
n4157855634,Cafe Artin,,,,35.760116,51.414865,منطقه 3,center,minor,active,,osm,ونک، خیابان بلوار نلسون ماندلا,,,,,
n5493660217,Cafe Mian,,,,35.754252,51.419796,منطقه 3,center,minor,active,,osm,ونک، خیابان پل طبیعت,,,,,
n9346216140,Eskeleh Café,,,,35.752650,51.418365,منطقه 3,center,minor,active,,osm,ونک,,,,,
n9346232089,Kolbeh Cafe Restaurant,,,,35.753786,51.417696,منطقه 3,center,minor,active,,osm,ونک، خیابان سیدجعفر شهیدی,,,,,
n12533589599,river,,,,35.760219,51.409975,منطقه 3,center,minor,active,,osm,ونک، خیابان نسیم,,,,,
n7870842100,Roberto Cafe,,,,35.752955,51.430710,منطقه 3,center,minor,active,,osm,اراضی عباس آباد، خیابان شهدای بانک مرکزی,,,,,
n9346232108,Social Café,,,,35.752290,51.418119,منطقه 3,center,minor,active,,osm,ونک,,,,,
n9445952408,جی کافه,J Cafe,,,35.772197,51.420914,منطقه 3,north,minor,active,,osm,جردن - پارک ملت، خیابان بلوار نلسون ماندلا,,,,,
n13252255100,خانه فرهنگ و هنر دوبار,,,,35.765130,51.438000,منطقه 3,north,minor,active,,osm,زرگنده، خیابان شهید وحید دستگردی,,,,,
n10092296517,دان تان,,,,35.771156,51.420686,منطقه 3,north,minor,active,,osm,جردن - پارک ملت، خیابان بلوار نلسون ماندلا,,,,,
n13232650875,دوبار (پارک پرنس),,,,35.758279,51.402519,منطقه 3,center,minor,active,,osm,ونک، خیابان زاینده‌رود غربی,,,,,
n11148573606,قهوه رامونا,,,,35.781174,51.466328,منطقه 3,north,minor,active,,osm,اختیاریه، خیابان یوسف کلاهدوز,,,,,
n10887028905,قهوه سرکو,,,,35.767775,51.433437,منطقه 3,north,minor,active,,osm,زرگنده، خیابان محمدعلی راجیان,,,,,
n9947248717,قهوه شمرون,,,,35.789522,51.460991,منطقه 3,north,minor,active,,osm,اختیاریه، خیابان دیباجی جنوبی,,,,,
n12115203939,کاف کافه,,,,35.753282,51.410671,منطقه 3,center,minor,active,,osm,ونک، خیابان ولی عصر,,,,,
n12362283018,کافه ارس,,,,35.744575,51.443330,منطقه 3,center,minor,active,,osm,جلفا، خیابان عقاب,,,,,
n11363593470,کافه بادوس,,,,35.767582,51.422281,منطقه 3,north,minor,active,,osm,ونک، خیابان شهید وحید دستگردی,,,,,
n11034529405,کافه باربیکیو دلبار,,,,35.779863,51.450283,منطقه 3,north,minor,active,,osm,اختیاریه، خیابان یوسف کلاهدوز,,,,,
n4768927221,کافه پلاس,plus cafe,,,35.777078,51.413603,منطقه 3,north,minor,active,,osm,جردن - پارک ملت، خیابان آق بانو,,,,,
n8929419419,کافه داریما,Darima Café,,,35.757029,51.452602,منطقه 3,center,minor,active,,osm,حسینیه ارشاد - قبا، خیابان شهید گل نبی,,,,,
n5389762322,کافه دستاس,,,,35.763074,51.450666,منطقه 3,center,minor,active,,osm,حسینیه ارشاد - قبا، خیابان قبا,,,,,
n4416044733,کافه دیدارو,,,,35.743134,51.445884,منطقه 3,center,minor,active,,osm,جلفا، خیابان شقاقی,,,,,
n11278971765,کافه راه,,,,35.754010,51.446794,منطقه 3,center,minor,active,,osm,میرداماد، خیابان محمدرضا کوشا,,,,,
n5856268485,کافه رستوران کاریز,,,,35.779542,51.444366,منطقه 3,north,minor,active,,osm,کاوه، خیابان اصغر نعمتی,,,,,
n10949085105,کافه رستوران هرو,,,,35.781292,51.467039,منطقه 3,north,minor,active,,osm,اختیاریه، خیابان یوسف کلاهدوز,,,,,
n10860045605,کافه ریور,,,,35.757077,51.443882,منطقه 3,center,minor,active,,osm,میرداماد، خیابان مهدی وزیری پور,,,,,
n10239590845,کافه سبزیجات,,,,35.775759,51.440224,منطقه 3,north,minor,active,,osm,قلهک، خیابان امیر,,,,,
n5291308122,کافه شیرینی دانژه,Danjeh the pastry cafe,,,35.774323,51.421456,منطقه 3,north,minor,active,,osm,جردن - پارک ملت، خیابان بلوار نلسون ماندلا,,,,,
n14061343848,کافه صفر و یک,,,,35.744472,51.443896,منطقه 3,center,minor,active,,osm,جلفا، خیابان ارسباران,,,,,
n5293327020,کافه طهران,Tehran Cafe,,,35.776404,51.413358,منطقه 3,north,minor,active,,osm,جردن - پارک ملت، خیابان غلام عباس سلطانی,,,,,
n9839968795,کافه عربی عدنان,,,,35.774957,51.436495,منطقه 3,north,minor,active,,osm,زرگنده، خیابان میرزا تاراج,,,https://www.instagram.com/adnan.cafe/,,
n9790288717,کافه قنادی سالی,saly cafe pastry,,,35.762513,51.414446,منطقه 3,center,minor,active,,osm,ونک، خیابان بلوار میرداماد,,,,,
n8091074324,کافه کارگاه,,,,35.765508,51.439779,منطقه 3,north,minor,active,,osm,زرگنده، خیابان مهرداد نصیری,,,,,
n4672249989,کافه کتاب جایی دیگر,,,,35.773772,51.437340,منطقه 3,north,minor,active,,osm,قلهک، خیابان شریعتی,,,,,
n9934190618,کافه کتاب من,,,,35.789761,51.457230,منطقه 3,north,minor,active,,osm,اختیاریه، خیابان نیکدل,,,,,
n5700038852,کافه لوشه,Losheh Cafe,,,35.775052,51.436335,منطقه 3,north,minor,active,,osm,زرگنده، خیابان میرزا تاراج,,,,,
n11232976688,کافه ماکسیم,,,,35.762498,51.417672,منطقه 3,center,minor,active,,osm,ونک، خیابان میرداماد,,,,,
n12327441401,کافه نان لون,,,,35.784434,51.459671,منطقه 3,north,minor,active,,osm,اختیاریه، خیابان دیباجی جنوبی,,,,,
n12774482602,کافه نولان,,,,35.760148,51.414072,منطقه 3,center,minor,active,,osm,ونک، خیابان مصطفی والی نژاد,,,,,
n10092352817,کافه واران,,,,35.771518,51.439689,منطقه 3,north,minor,active,,osm,قلهک، خیابان یخچال,,,,,
n10814061273,کلانا · ونک,,,ونک,35.759014,51.409750,منطقه 3,center,minor,active,,osm,ونک، خیابان ولی عصر,,,,,
n10905404605,هات کاپ,,,,35.772314,51.420940,منطقه 3,north,minor,active,,osm,جردن - پارک ملت، خیابان بلوار نلسون ماندلا,,,,,
n10094596386,Shomineh Cafe,,,,35.760115,51.534417,منطقه 4,east,minor,active,,osm,قنات کوثر، خیابان بوستان شرقی,,,,,
n11787493869,آدلی کافه هروی,,,,35.767165,51.473979,منطقه 4,north,minor,active,,osm,هروی - حسین آباد، خیابان یاس,,,,,
n9953371317,شوکو قهوه بولوت,,,,35.772254,51.461631,منطقه 4,north,minor,active,,osm,پاسداران - ضرابخانه، خیابان پاسداران,,,,,coffee_shop
n12257737203,قهوه سنتر پروین,,,,35.744089,51.543277,منطقه 4,east,minor,active,,osm,تهرانپارس غربی,,,,,
n11229670737,قهوه شات,,,,35.738751,51.598330,منطقه 4,east,minor,active,,osm,حکیمیه، خیابان بلوار عبدالرضا,,,,,
n5979279085,قهوه هرمس,,,,35.742053,51.531670,منطقه 4,east,minor,active,,osm,تهرانپارس غربی، خیابان شهید طاهری,,,,,
n7234487785,كافه-بار ژوزک,,,,35.770804,51.467351,منطقه 4,north,minor,active,,osm,پاسداران - ضرابخانه، خیابان کاظم موسوی,,,,Mo-Su 08:00-23:00,
n9222270118,کافه 24,,,,35.731594,51.527617,منطقه 4,east,minor,active,,osm,تهرانپارس غربی، خیابان بلوار آیت الله خوشوقت,,,,,
n11108619705,کافه آوا,,,,35.767821,51.474576,منطقه 4,north,minor,active,,osm,هروی - حسین آباد، خیابان مکران جنوبی,,,,,
n11727460451,کافه اسموک,,,,35.732675,51.521258,منطقه 4,east,minor,active,,osm,تهرانپارس غربی، خیابان سعید باغدارنیا,,,,,
n9991362217,کافه الوا,,,,35.741483,51.592035,منطقه 4,east,minor,active,,osm,حکیمیه، خیابان بلوار عبدالرضا,,,,,
n13031168002,کافه بولرو,,,,35.745686,51.448888,منطقه 4,center,minor,active,,osm,مهران، خیابان خواجه عبدالله انصاری,,,,,
n11094227205,کافه پتوس,,,,35.742025,51.590540,منطقه 4,east,minor,active,,osm,حکیمیه، خیابان بهشت غربی,,,,,
n12869154024,کافه پولی,,,,35.768585,51.473455,منطقه 4,north,minor,active,,osm,هروی - حسین آباد، خیابان کاظم موسوی,,,,,
n7265865785,کافه تولد,,,,35.761782,51.460221,منطقه 4,east,minor,active,,osm,پاسداران - ضرابخانه، خیابان گیلان غربی,,,,,
n8714654046,کافه چیاکو,Cafe Chiaco,,,35.755149,51.453050,منطقه 4,center,minor,active,,osm,پاسداران - ضرابخانه، خیابان نگارستان اول,,,,,
n4790572321,کافه رستوران آکاژو,,,,35.772992,51.483885,منطقه 4,north,minor,active,,osm,هروی - حسین آباد، خیابان افتخاریان,,,,,
n12115942001,کافه رستوران پاگانی,,,,35.761916,51.461660,منطقه 4,east,minor,active,,osm,پاسداران - ضرابخانه، خیابان داوود اسلامی,,,,Mo-Su 11:00-23:55,
n7265871087,کافه رستوران پونل,,,,35.761223,51.461673,منطقه 4,east,minor,active,,osm,پاسداران - ضرابخانه، خیابان گیلان شرقی,,,,,
n12869154021,کافه رستوران پی وان P1,,,,35.768559,51.473914,منطقه 4,north,minor,active,,osm,هروی - حسین آباد، خیابان کاظم موسوی,,,,,
n12147197724,کافه رستوران کنعان,,,,35.768756,51.466140,منطقه 4,north,minor,active,,osm,پاسداران - ضرابخانه، خیابان داوود اسلامی,,,,,
n3939540461,کافه روژه,,,,35.734965,51.503005,منطقه 4,east,minor,active,,osm,نارمک، خیابان بزرگراه شهید سلیمانی,,,,,
n5087935739,کافه ژوان,,,,35.739298,51.495701,منطقه 4,east,minor,active,,osm,فرجام,,,,,
n3924048558,کافه سام,,,,35.742464,51.501446,منطقه 4,east,minor,active,,osm,علم و صنعت، خیابان دانشگاه علم و صنعت,,,,,
n7515355347,کافه سپنج · تهرانپارس غربی,,,تهرانپارس غربی,35.747144,51.530972,منطقه 4,east,minor,active,,osm,تهرانپارس غربی، خیابان ۲۰۸ غربی,,,,,
n4834152621,کافه سنتی,,,,35.741326,51.591089,منطقه 4,east,minor,active,,osm,حکیمیه، خیابان بلوار عبدالرضا,,,,,
n4846019321,کافه سنتی ۲,,,,35.741399,51.590309,منطقه 4,east,minor,active,,osm,حکیمیه، خیابان بلوار عبدالرضا,,,,,
n6205778385,کافه شهر کتاب,,,,35.763227,51.457179,منطقه 4,center,minor,active,,osm,پاسداران - ضرابخانه، خیابان اخوان,,,,,
n9289808935,کافه عربی فیکا,,,,35.764077,51.475129,منطقه 4,east,minor,active,,osm,هروی - حسین آباد، خیابان بلوار پناهی نیا,,,,,
n13013058319,کافه کای · پاسداران - ضرابخانه,,,پاسداران - ضرابخانه,35.766685,51.460747,منطقه 4,north,minor,active,,osm,پاسداران - ضرابخانه، خیابان برادران پایدارفرد,,,,,
n8511472517,کافه لوتوس,,,,35.768994,51.476508,منطقه 4,north,minor,active,,osm,هروی - حسین آباد، خیابان مکران شمالی,,,,,
n10554088678,کافه لیما,,,,35.763464,51.473501,منطقه 4,east,minor,active,,osm,هروی - حسین آباد، خیابان هفتم,,,,,
n4535709091,کافه مانی,,,,35.767115,51.457214,منطقه 4,north,minor,active,,osm,پاسداران,,,,,
n12513309825,کافه موکا,,,,35.740535,51.467027,منطقه 4,east,minor,active,,osm,شمس آباد، خیابان بزرگراه شهید سلیمانی,,,,,
n10948833468,کافه میسان,,,,35.778248,51.477543,منطقه 4,north,minor,active,,osm,هروی - حسین آباد، خیابان بزرگراه صیاد شیرازی,,,,,
n12041919889,کافه یولو,,,,35.739792,51.539359,منطقه 4,east,minor,active,,osm,مظفری,,,,,
n11751188069,گراند حیات کافه,,,,35.757694,51.455802,منطقه 4,center,minor,active,,osm,پاسداران - ضرابخانه، خیابان محسن کشوری,,,,,
n10234580219,ولفز دن,Wolf’s Den,,,35.768592,51.462246,منطقه 4,north,minor,active,,osm,پاسداران - ضرابخانه، خیابان برادران پایدارفرد,,,,,
n11020007302,Cafe Dream World,,,,35.777193,51.335613,منطقه 5,north,minor,active,,osm,المهدی - سیمون بولیوار، خیابان حافظ,,,,,
n4715979491,ابراهیم برلیان,,,,35.727876,51.318650,منطقه 5,west,minor,active,,osm,فردوس، خیابان کنارگذر کاشانی,,,,,
n11111922875,حال خوب,,,,35.776970,51.333200,منطقه 5,north,minor,active,,osm,المهدی - سیمون بولیوار، خیابان دوم شرقی,,,,,
n13986214188,قهوه نوی,,,,35.760461,51.289758,منطقه 5,west,minor,active,,osm,شهران جنوبی، خیابان بلوار شهران,,,,,
n7980935679,کارفودلند,,,,35.726137,51.310728,منطقه 5,west,minor,active,,osm,فردوس، خیابان رجب‌زاده,,,,,
n12205304119,کافه اف پلاس,,,,35.767870,51.327973,منطقه 5,north,minor,active,,osm,یاس ۳,,,,,
n6482404267,کافه بونچیبو,,,,35.760546,51.330828,منطقه 5,west,minor,active,,osm,پونک، خیابان بلوار عدل جنوبی,,,,,
n10197579274,کافه پستو,,,,35.737674,51.312647,منطقه 5,west,minor,active,,osm,جنت‌ آباد جنوبی، خیابان بزرگراه ستاری,,,,,
n6435356056,کافه چارگوش,,,,35.763698,51.293074,منطقه 5,west,minor,active,,osm,شهران شمالی، خیابان شهید حاج آقا خیابانی,,,,,
n12373075616,کافه رستری فیشبرد,,,,35.779382,51.335789,منطقه 5,north,minor,active,,osm,شهرک کوهسار، خیابان معین,,,,,
n10621276896,کافه رستوران راکان,,,,35.778088,51.322312,منطقه 5,north,minor,active,,osm,المهدی - سیمون بولیوار، خیابان گلها,,https://www.rackanrestaurant.ir/,,,
n13267281472,کافه سبو,,,,35.759220,51.289543,منطقه 5,west,minor,active,,osm,شهران جنوبی، خیابان مطهری,,,,,
n9766089114,کافه عربی آقاجون,,,,35.765440,51.274761,منطقه 5,north,minor,active,,osm,بهاران، خیابان پشت یخچال,,,,,
n11204945197,کافه کافمون,,,,35.746963,51.305093,منطقه 5,west,minor,active,,osm,جنت‌ آباد جنوبی، خیابان بلوار شهید کبیرزاده,,,,,
n11939717346,کافه گیلاس,,,,35.760144,51.291152,منطقه 5,west,minor,active,,osm,عباسی,,,,,
n9958913711,کافه لاتین,,,,35.722066,51.332819,منطقه 5,west,minor,active,,osm,فردوس، خیابان اعتمادیان,,,,,
n5149342922,کافه لازم,Cafe Lazem,,,35.726698,51.304120,منطقه 5,west,minor,active,,osm,شهرک پرواز، خیابان متقی (بیست و یکم),,,,,
n13318774769,کافه لون,,,,35.761708,51.302853,منطقه 5,west,minor,active,,osm,جنت آباد مرکزی، خیابان نسترن,,,,,
n9958913695,کافه نارینا,,,,35.720827,51.333843,منطقه 5,west,minor,active,,osm,فردوس، خیابان باقری شرقی,,,,,
n14155788270,کافه ویش,,,,35.719039,51.330172,منطقه 5,west,minor,active,,osm,فردوس، خیابان ولیعصر,,,,,
n7317196968,گل صحرا,,,,35.802927,51.256657,منطقه 5,north,minor,active,,osm,خیابان سولقان - امامزاده داوود,,,,,
n4721895718,balcony cafe,,,,35.731827,51.411596,منطقه 6,center,minor,active,,osm,ساعی، خیابان ولی عصر,,,,,
n12719579246,beat cafe,,,,35.702794,51.385565,منطقه 6,center,minor,active,,osm,جمال‌زاده، خیابان والعصر,,,,,
n4924789514,Cafe Chaplin,,,,35.716430,51.423590,منطقه 6,center,minor,active,,osm,سنائی، خیابان اول,,,,,
n9041254674,Cafe Dito | کافه دیتو,,,,35.703348,51.401127,منطقه 6,center,minor,active,,osm,دانشگاه تهران، خیابان فریمان,,,,,
n9041092070,Cafe Night Land,,,,35.704910,51.400442,منطقه 6,center,minor,active,,osm,دانشگاه تهران، خیابان مریم,,,,,
n10002967099,Cafe Pamella,,,,35.725423,51.411023,منطقه 6,center,minor,active,,osm,یوسف آباد، خیابان ابن سینا,,,https://www.instagram.com/cafepamella/,,
n10147437548,Cafe Sols,,,,35.701558,51.409851,منطقه 6,center,minor,active,,osm,خیابان انقلاب اسلامی,,,,,
n12296993955,maya cafe,,,,35.707141,51.390530,منطقه 6,center,minor,active,,osm,دانشگاه تهران، خیابان فاتحی,,,,,
n12672512910,Mondial Café,,,,35.705144,51.399399,منطقه 6,center,minor,active,,osm,دانشگاه تهران، خیابان آیت الله طالقانی,,,,,
n12719579247,offroad cafe,,,,35.701324,51.385254,منطقه 6,center,minor,active,,osm,جمال‌زاده، خیابان بهشت,,,,,
n10037740067,Pallet Cafe,,,,35.710139,51.411677,منطقه 6,center,minor,active,,osm,خیابان علی ولدی,,,,,
n9870630350,Qashqaee Cafe,,,,35.705615,51.391445,منطقه 6,center,minor,active,,osm,دانشگاه تهران، خیابان نصرت,,,,,
n8785472817,rafid,,,,35.722110,51.422568,منطقه 6,center,minor,active,,osm,سنائی، خیابان سپیدان,,,,,
n9866134507,Tehran Cafe,,,,35.745144,51.390463,منطقه 6,center,minor,active,,osm,والفجر، خیابان شهید امیرحسین فقهی,,,,,
n12139912289,ال کافه,,,,35.750094,51.399474,منطقه 6,center,minor,active,,osm,یاس,,,,,
n9870630342,اوی کافه,,,,35.705574,51.388274,منطقه 6,center,minor,active,,osm,جمال‌زاده، خیابان نصرت,,,,,
n6825407885,بيرشيان,,,,35.703396,51.413299,منطقه 6,center,minor,active,,osm,خیابان سپید,,,,,
n6416728129,بیتر سوییت,Bittersweet,,,35.709928,51.398638,منطقه 6,center,minor,active,,osm,کشاورز - پارک لاله، خیابان عبدالله زاده,,,,,
n5801934093,بیسترو,Rum Bistro,,,35.715604,51.423135,منطقه 6,center,minor,active,,osm,سنائی، خیابان کریم خان زند,,,,,
n13288717567,پاریس,,,,35.725435,51.416151,منطقه 6,center,minor,active,,osm,سنائی، خیابان میرزای شیرازی,,,,,
n3777178307,پشت‌بوم,Poshte Boom,,,35.710019,51.399891,منطقه 6,center,minor,active,,osm,کشاورز - پارک لاله، خیابان بلوار کشاورز,,,,,
n10879447702,پنگان,,,,35.704618,51.383234,منطقه 6,west,minor,active,,osm,جمال‌زاده، خیابان دکتر محمد قریب,,,,,
n11477738206,تم کافه,,,,35.711356,51.390643,منطقه 6,center,minor,active,,osm,کشاورز - پارک لاله، خیابان مسیر اختصاصی پیاده روی و دوچرخه,,,,,
n6634447991,تورو تورو,,,,35.721346,51.408961,منطقه 6,center,minor,active,,osm,بهجت‌آباد، خیابان افتخاری نیا,,,,,
n9669334617,خانه پاپریکا,,,,35.704663,51.416989,منطقه 6,center,minor,active,,osm,خیابان افشار,,https://instagram.com/paprika__house,,,
n10119779523,خانه پنیر پرچک,,,,35.740237,51.409852,منطقه 6,center,minor,active,,osm,ساعی، خیابان گل,,,,,
n10681368987,خانه کناری,,,,35.701402,51.404750,منطقه 6,center,minor,active,,osm,دانشگاه تهران، خیابان انقلاب اسلامی,,,,"Sa-Th 08:00-22:00, Fr 12:00-22:00",
n6916635985,روز کافه,,,,35.711879,51.403628,منطقه 6,center,minor,active,,osm,کشاورز - پارک لاله، خیابان غلامرضا میرسرابی,,,,Sa-Th 11:00-23:30; Fr 13:00-23:30,
n6346713985,ژیوا,,,,35.710855,51.406647,منطقه 6,center,minor,active,,osm,دانشگاه تهران، خیابان مینو,,,,,
n12584775420,شهریار,,,,35.726156,51.413014,منطقه 6,center,minor,active,,osm,یوسف آباد، خیابان ولی عصر,,,,,coffee_shop
n11387495069,عمارت آرنوش,,,,35.714444,51.420517,منطقه 6,center,minor,active,,osm,ایرانشهر، خیابان ملکیان,,,,,
n4589503573,فیکا کافه,,,,35.729340,51.406940,منطقه 6,center,minor,active,,osm,یوسف آباد، خیابان سید جمال الدین اسدآبادی,,,,,
n11218192819,قهوه چی باشی شعبه انقلاب,,,انقلاب,35.701957,51.390835,منطقه 6,center,minor,active,,osm,دانشگاه تهران، خیابان کارگر شمالی,,,,,
n13048694963,قهوه سام,,,,35.722811,51.388950,منطقه 6,center,minor,active,,osm,1855,,,,,
n9870630358,قهوه نارا,,,,35.705669,51.390687,منطقه 6,center,minor,active,,osm,دانشگاه تهران، خیابان کارگر شمالی,,,,,
n7171065285,كافه لاوژه,lavzhe,,,35.721993,51.415791,منطقه 6,center,minor,active,,osm,بهجت‌آباد، خیابان میرزای شیرازی,,,,,
n12604226558,کافه ۱۲۷,,,,35.719790,51.418765,منطقه 6,center,minor,active,,osm,سنائی، خیابان شهیده طاهره هاشمی(سیزدهم),,,,,
n9417052114,کافه 13,,,,35.711540,51.404478,منطقه 6,center,minor,active,,osm,کشاورز - پارک لاله، خیابان شهید اسماعیل هنیه,,,,,
n11834667397,کافه AM:PM,,,,35.713898,51.419169,منطقه 6,center,minor,active,,osm,ایرانشهر، خیابان ایرانشهر,,,,,
n9041077460,کافه آجری,Ajori Cafe,,,35.704461,51.400893,منطقه 6,center,minor,active,,osm,دانشگاه تهران، خیابان محمد شمس,,,,,
n10651477592,کافه ارغوان,,,,35.709134,51.413143,منطقه 6,center,minor,active,,osm,خیابان حسن عضدی,,,,,
n12347202871,کافه ایران جان,,,,35.702205,51.408689,منطقه 6,center,minor,active,,osm,خیابان نائینی,,,,,
n4634044891,کافه بکلاه,,,,35.705533,51.425631,منطقه 6,center,minor,active,,osm,ایرانشهر، خیابان مفتح جنوبی,,,,,
n6380320469,کافه بلوز,Blues Café,,,35.710266,51.415880,منطقه 6,center,minor,active,,osm,خیابان برادران شاداب,,,,,
n12078423962,کافه بهارک (دسرک),,,,35.720191,51.404108,منطقه 6,center,minor,active,,osm,جهاد، خیابان جهان مهر,,,,,
n11375220276,کافه بوردیلا,,,,35.711659,51.417637,منطقه 6,center,minor,active,,osm,خیابان استاد جعفر شهری,,,,,
n11849998471,کافه بومو,,,,35.710330,51.416563,منطقه 6,center,minor,active,,osm,خیابان برادران شاداب,,,,,
n9078409530,کافه تایلی,,,,35.710191,51.382935,منطقه 6,west,minor,active,,osm,جمال‌زاده، خیابان باقرخان شرقی,,,,,coffee_shop
n10147437641,کافه ترید,,,,35.701503,51.402715,منطقه 6,center,minor,active,,osm,دانشگاه تهران، خیابان فلسطین,,,,,
n12595470389,کافه جی · ساعی,,,ساعی,35.731219,51.413794,منطقه 6,center,minor,active,,osm,ساعی، خیابان هشتم,,,,,
n10621331660,کافه چار,,,,35.705932,51.390319,منطقه 6,center,minor,active,,osm,دانشگاه تهران، خیابان کارگر شمالی,02166435117,,,,
n10814047940,کافه حال خوب,,,,35.719824,51.408532,منطقه 6,center,minor,active,,osm,کشاورز - پارک لاله، خیابان ولی عصر,,,,,
n12549011047,کافه حالا,,,,35.715066,51.389318,منطقه 6,center,minor,active,,osm,دکتر شهید سیدحسین فاطمی، خیابان کارگر شمالی,,,,,
n11277981340,کافه حیات,,,,35.701445,51.399126,منطقه 6,center,minor,active,,osm,دانشگاه تهران، خیابان اسکو,,,,,
n9061064417,کافه دربار,,,,35.714727,51.416920,منطقه 6,center,minor,active,,osm,خیابان احمد امانی,,,,,
n11871528090,کافه دژن,,,,35.714721,51.416855,منطقه 6,center,minor,active,,osm,خیابان احمد امانی,,,,,
n11782198209,کافه دیوخونه,,,,35.704119,51.413118,منطقه 6,center,minor,active,,osm,خیابان شیرین,,,,,
n6616729369,کافه راندوو,Rendezvous Cafe,,,35.750560,51.398419,منطقه 6,center,minor,active,,osm,والفجر، خیابان کنارگذر شهید همت,,,,,
n13390768315,کافه راه · ایرانشهر,,,ایرانشهر,35.715107,51.419731,منطقه 6,center,minor,active,,osm,ایرانشهر، خیابان کریم خان زند,,,,,
n11257648237,کافه رستوران پنسو,,,,35.707402,51.391098,منطقه 6,center,minor,active,,osm,کشاورز - پارک لاله، خیابان بلوار کشاورز,,,,,
n4384798691,کافه رستوران داریس,Daris cafe,,,35.706840,51.414458,منطقه 6,center,minor,active,,osm,خیابان مسیر ویژه اتوبوس,,,,,
n10982241373,کافه رستوران شالکه,,,,35.706883,51.414337,منطقه 6,center,minor,active,,osm,خیابان مسیر ویژه اتوبوس,,,,,
n12364663514,کافه رستوران میزانسن,,,,35.709249,51.420714,منطقه 6,center,minor,active,,osm,ایرانشهر، خیابان برفروشان,,,,,
n10971333953,کافه رستوران هرما,,,,35.715111,51.417990,منطقه 6,center,minor,active,,osm,ایرانشهر، خیابان کریم خان زند,,,,,
n4684659094,کافه ریت,,,,35.705677,51.422721,منطقه 6,center,minor,active,,osm,ایرانشهر، خیابان سمیه,,,,,
n4834254122,کافه زهیر,,,,35.705551,51.422640,منطقه 6,center,minor,active,,osm,ایرانشهر، خیابان سمیه,,,,,
n4834254121,کافه سبیل,Sebil Cafe,,,35.705611,51.423529,منطقه 6,center,minor,active,,osm,ایرانشهر، خیابان سمیه,,,,,
n11145796783,کافه ستاره ۳۸ درجه,,,,35.710363,51.403726,منطقه 6,center,minor,active,,osm,کشاورز - پارک لاله، خیابان بلوار کشاورز,,,,,
n12894342376,کافه سوره,Cafe Soureh,,,35.711203,51.409576,منطقه 6,center,minor,active,,osm,خیابان سازش,,,,,
n10147437676,کافه سورین,,,,35.701693,51.403995,منطقه 6,center,minor,active,,osm,دانشگاه تهران، خیابان برادران مظفر شمالی,,,,,
n4684663489,کافه سیبیل,,,,35.705607,51.425770,منطقه 6,center,minor,active,,osm,ایرانشهر، خیابان مفتح جنوبی,,,,,
n9241658617,کافه سیلک,,,,35.705597,51.390684,منطقه 6,center,minor,active,,osm,دانشگاه تهران، خیابان نصرت,,,,,
n5295033521,کافه شن,Shen Cafe,,,35.737596,51.414889,منطقه 6,center,minor,active,,osm,ساعی، خیابان الوند,,,,,
n7724855885,کافه طهرون,Tehroon Cafe,,,35.713930,51.419154,منطقه 6,center,minor,active,,osm,ایرانشهر، خیابان یگانه,,,,,
n9041247338,کافه عمارت دل,,,,35.704324,51.403090,منطقه 6,center,minor,active,,osm,دانشگاه تهران، خیابان فلسطین,,,,,
n10147437547,کافه فروغ,,,,35.701595,51.410234,منطقه 6,center,minor,active,,osm,خیابان انقلاب اسلامی,,,,,
n11166372258,کافه فیلم کلاسیک,,,,35.705005,51.415900,منطقه 6,center,minor,active,,osm,خیابان سمیه,,,,,
n10147432994,کافه قندریز,,,,35.701767,51.406442,منطقه 6,center,minor,active,,osm,خیابان دوم,,,,,
n11705063659,کافه کاربن,,,,35.713634,51.420985,منطقه 6,center,minor,active,,osm,ایرانشهر، خیابان جمیله شیخی,,,,,
n6778038186,کافه کاغذ,,,,35.709619,51.418059,منطقه 6,center,minor,active,,osm,ایرانشهر، خیابان سپهبد قرنی,,,,,
n6400968286,کافه کتاب ٢٧,,,,35.701824,51.404031,منطقه 6,center,minor,active,,osm,دانشگاه تهران، خیابان یکم,,,,Mo-Su 09:00-23:00,
n10578348894,کافه کتاب ارجمند,,,,35.707457,51.390821,منطقه 6,center,minor,active,,osm,کشاورز - پارک لاله، خیابان بلوار کشاورز,,,,,
n12672512906,کافه کتاب ققنوس,,,,35.704432,51.398459,منطقه 6,center,minor,active,,osm,دانشگاه تهران، خیابان شفیعی,,http://qoqnoosbookcafe.com/,,,
n11964681545,کافه کتاب و رستوران عمارت بلخ,,,,35.708101,51.389495,منطقه 6,center,minor,active,,osm,جمال‌زاده، خیابان بلوار کشاورز,,https://emaratebalkh.com/,,,
n6634667090,کافه کُنج,,,,35.712715,51.403044,منطقه 6,center,minor,active,,osm,کشاورز - پارک لاله، خیابان پنجم,,,,,
n10733100206,کافه کواترو,,,,35.749566,51.398228,منطقه 6,center,minor,active,,osm,والفجر، خیابان آقا علیخانی,,,,,
n1727303790,کافه گاندی,Gandhi Cafés,,,35.748738,51.412518,منطقه 6,center,minor,active,,osm,ساعی، خیابان گاندی,,,,,
n8998858557,کافه گرام,,,,35.701287,51.399942,منطقه 6,center,minor,active,,osm,دانشگاه تهران، خیابان انقلاب اسلامی,,,,,
n4894633821,کافه گلدون,,,,35.702494,51.398070,منطقه 6,center,minor,active,,osm,دانشگاه تهران، خیابان رویا,,,,,
n6383264531,کافه گیو,Giv Cafe,,,35.702376,51.402346,منطقه 6,center,minor,active,,osm,دانشگاه تهران، خیابان نایبی,,,,,
n13597429881,کافه لاله,,,,35.706559,51.388361,منطقه 6,center,minor,active,,osm,جمال‌زاده، خیابان محنا,,,,,
n10147433010,کافه لایف,Life cafe,,,35.702371,51.408622,منطقه 6,center,minor,active,,osm,خیابان سعید,,,,,
n9040467813,کافه لبیسترو پاپ,,,,35.704731,51.416786,منطقه 6,center,minor,active,,osm,خیابان افشار,,,,,
n5202833121,کافه مروارید,Morvarid Cafe,,,35.717572,51.426535,منطقه 6,center,minor,active,,osm,سنائی، خیابان میدان هفت تیر,,,,,
n4481653897,کافه مژگان,cafe mojgan,,,35.729099,51.412740,منطقه 6,center,minor,active,,osm,ساعی، خیابان ولی عصر,,,,,
n4939634081,کافه موون,,,,35.712268,51.416193,منطقه 6,center,minor,active,,osm,خیابان خسرو,,,,,
n4441173195,کافه نال,Null Café,,,35.703546,51.390471,منطقه 6,center,minor,active,,osm,جمال‌زاده، خیابان مستعلی,,,,,
n5389743622,کافه نام,Name Café,,,35.714120,51.421780,منطقه 6,center,minor,active,,osm,ایرانشهر، خیابان خردمند جنوبی,,,,,
n10735504305,کافه نومد,nomad cafe,,,35.702412,51.397871,منطقه 6,center,minor,active,,osm,دانشگاه تهران، خیابان قدس,,,,,
n12100446765,کافه و رستوران بنژور,,,,35.735639,51.417142,منطقه 6,center,minor,active,,osm,ساعی، خیابان بیهقی,+982188731819,,,,
n6488098497,کافه و رستوران رومئو,,,,35.740634,51.409932,منطقه 6,center,minor,active,,osm,ساعی، خیابان سی و دوم,,,,,
n10813885291,کافه و رستوران وان مور,,,,35.702259,51.404360,منطقه 6,center,minor,active,,osm,دانشگاه تهران، خیابان برادران مظفر شمالی,,,,,
n8996469232,کافه ونوس,,,,35.710225,51.400452,منطقه 6,center,minor,active,,osm,کشاورز - پارک لاله، خیابان ورنوس,+98 21 88951151,,,,
n10591532880,کراسه,,,,35.706169,51.392374,منطقه 6,center,minor,active,,osm,پورسینا,,,,,
n9167375992,کلانا,,,,35.711709,51.406155,منطقه 6,center,minor,active,,osm,کشاورز - پارک لاله، خیابان بلوار کشاورز,,,,,
n12786135884,کلانا · خیابان حافظ,,,خیابان حافظ,35.701910,51.413006,منطقه 6,center,minor,active,,osm,خیابان حافظ,,,,,
n5864323585,کیک استودیو سارا,Sara Cake Studio,,,35.744366,51.398976,منطقه 6,center,minor,active,,osm,والفجر، خیابان صادق آئینه وند,,,,,
n11229803019,هگزاکافه,,,,35.703472,51.405305,منطقه 6,center,minor,active,,osm,دانشگاه تهران، خیابان گلساز,+98 21 6640 7078,,,,
n10966065624,همان,,,,35.701931,51.404047,منطقه 6,center,minor,active,,osm,دانشگاه تهران، خیابان یکم,,,,,
n5486092287,وایس کافه,Cafe Weiß,,,35.749855,51.398149,منطقه 6,center,minor,active,,osm,والفجر، خیابان آقا علیخانی,,,,,
n12378482619,افرا کافه,,,,35.721363,51.448449,منطقه 7,center,minor,active,,osm,کاج، خیابان قصر,,,,,
n4504744445,تقاطع,Taghaato,,,35.723906,51.435307,منطقه 7,center,minor,active,,osm,سهروردی - باغ صبا، خیابان سهروردی جنوبی,,,,,
n12726835778,کافه پلاک 100,,,,35.742016,51.444037,منطقه 7,center,minor,active,,osm,نیلوفر، خیابان میرمطهری,,,,,
n5246828023,کافه رام,Cafe Raam,,,35.723374,51.429284,منطقه 7,center,minor,active,,osm,سهروردی - باغ صبا، خیابان مهرداد,,,,,
n10982498411,کافه رستری گریفون,,,,35.737887,51.433092,منطقه 7,center,minor,active,,osm,نیلوفر، خیابان خیابان ۷,,,,,
n14041267771,کافه سیتو,,,,35.741841,51.445529,منطقه 7,center,minor,active,,osm,نیلوفر، خیابان میرمطهری,,,,,
n13266523050,کافه عربی نخل,,,,35.728052,51.444966,منطقه 7,center,minor,active,,osm,عباس آباد - اندیشه، خیابان خط اتوبوس سید خندان - مطهری - بهشتی,,,,,
n10721627805,قهوه روما,,,,35.727530,51.514442,منطقه 8,east,minor,active,,osm,تهران پارس، خیابان ملکی,,,,,
n4831271322,قهوه ژورژ,,,,35.733616,51.466842,منطقه 8,east,minor,active,,osm,مجیدیه، خیابان علی اکبر همایی,,,,,
n11368007120,قهوه مجیدیه,,,,35.734533,51.469104,منطقه 8,east,minor,active,,osm,کرمان، خیابان برادران اثنی عشری,,,,,
n9881273618,قهوه نل,,,,35.728583,51.520382,منطقه 8,east,minor,active,,osm,تهران پارس، خیابان حسین پورصالح,,,,,
n11013797905,کافه رستوران سنتی کندو,,,,35.727944,51.520198,منطقه 8,east,minor,active,,osm,تهران پارس، خیابان سعید باغدارنیا,,,,,
n11299439254,کافه فیلیچه,,,,35.728927,51.506197,منطقه 8,east,minor,active,,osm,دردشت، خیابان بلوار جانبازان شرقی,,,,,
n11108550305,کافه نان لیموژ,,,,35.728956,51.526508,منطقه 8,east,minor,active,,osm,تهران پارس، خیابان بلوار آیت الله خوشوقت,,,,,
n9534772917,گات کافی,,,,35.731133,51.520908,منطقه 8,east,minor,active,,osm,تهران پارس، خیابان سعید باغدارنیا,,,,,
n4763884524,لوشا,Losha,,,35.732749,51.495759,منطقه 8,east,minor,active,,osm,مدائن، خیابان کیانی ثابت,,,,,
n11405306569,قهوه سهیل,,,,35.686177,51.348207,منطقه 9,west,minor,active,,osm,دستغیب، خیابان آیت الله دستغیب,,,,,
n11197716512,قهوه مونرو,,,,35.675388,51.336259,منطقه 9,south,minor,active,,osm,مهرآباد جنوبی، خیابان امیدوار,,,,,
n13247251534,کافه صبحانه باران,,,,35.675402,51.329786,منطقه 9,south,minor,active,,osm,سرآسیاب - مهرآباد، خیابان غلامحسین عبدالهی,,,,,
n8641062317,کافه میتا,,,,35.691873,51.323338,منطقه 9,west,minor,active,,osm,فرودگاه مهرآباد، خیابان ترمینال ۱ و۲,,,,,
n5054592475,Cafe Babel,,,,35.794413,51.473376,منطقه 1,north,standard,active,,osm,Azarmina,+982126131311,,https://www.instagram.com/cafe_babel,,
n11896877140,cafe jibaji کافه جیباجی,,,مرکز خرید تندیس,35.808617,51.429544,منطقه 1,north,standard,active,,osm,برادران فناخسرو 72,+982126859051,https://jibaji.ir/,,08:00-22:00,coffee_shop;pizza;burger;noodle;pasta;cake;hot_dog;juice
n5784682453,H Café Bakery,H Café Bakery,,,35.797283,51.445326,منطقه 1,north,standard,active,,osm,خیابان بلوار شهید اندرزگو,,https://hcafe.co,,,
n12252625920,Lavie cafe,,,,35.820086,51.438635,منطقه 1,north,standard,active,,osm,خیابان بوکان,02122742871,,,11:00-24:00,
n14230510787,Leen Cafe,,,,35.792445,51.410026,منطقه 1,north,standard,active,,osm,کونیکو یامامورا 1,+98 21 2266 6970,https://leencafe.ir,,Sat-Fri 8:00 - 23:00,coffee_shop;breakfast;pastry
n13604730797,RooBeRoo Mansion Tajrish,,,,35.806551,51.427543,منطقه 1,north,standard,active,,osm,خیابان ولی عصر,,rooberoo.art,,,coffee;coffee_shop
n9441824717,الک دولک,Alakdolak,,,35.796366,51.443386,منطقه 1,north,standard,active,,osm,خیابان تابانی,+98 21 2224 2183,https://instagram.com/alakdolak.games,,Su-Fr 14:00-23:30,
n11030634605,ام کافه,eM Cafe,,,35.793266,51.424275,منطقه 1,north,standard,active,,osm,خیابان ابوالفضل آقابزرگی,,,,Mo-Su 08:00-23:00,
n9922028431,ایلیو کافه,,,,35.808934,51.462635,منطقه 1,north,standard,active,,osm,خیابان علیرضا بازدار,+98 21 26156491,https://ilio.ir/,,,
n6178454131,بلک برز,Black Bears,,,35.786248,51.426871,منطقه 1,north,standard,active,,osm,خیابان امین,,,,,
n12749144102,بویا,,,,35.799133,51.478918,منطقه 1,north,standard,active,,osm,خیابان نرگس,,https://boyaeatery.com,,Mo-Su 08:00-23:30,
n5291333922,تی لانژ,tLOUNGE,,مرکز خرید سام,35.790597,51.419761,منطقه 1,north,standard,active,,osm,خیابان مرتضی فیاضی,,,,,
n4469898389,چای بار,Chai Bar,,,35.804078,51.445128,منطقه 1,north,standard,active,,osm,خیابان سلیمی شمالی,+98 21 22210311,https://www.instagram.com/chaibartehran/,,9:00-23:00,
n8888793605,حس کافه,Hes Cafe,,مجتمع رویال آدرس,35.787503,51.423527,منطقه 1,north,standard,active,,osm,خیابان نیلوفر,+98 21 2620 9940,https://hes-cafe.com/,https://www.instagram.com/hescafe_cafe/,,
n11211206050,روکا لانژ,Rocca Lounge,,پارک سنتر,35.799656,51.477877,منطقه 1,north,standard,active,,osm,خیابان جهانبخش نژاد,+98 21 40227002,https://roccalounge.com/,https://www.instagram.com/rocca_lounge,08:00-23:30,
n11070616206,سیت کافه,Sit Cafe,,پاساژ فرشته,35.790324,51.421394,منطقه 1,north,standard,active,,osm,خیابان شبدیز,+98 21 2261 6001,,sitcafee,Mo-Su 08:00-23:30,
n6463107089,عمارت روشنان,Roshanan Mansion,,,35.805254,51.444837,منطقه 1,north,standard,active,,osm,نوری,+982122206715,https://www.instagram.com/roshanan_mansion,,9:00-23:00,pizza;coffee_shop;italian;burger;regional;kebab;sandwich
n13083832564,قهوه فروشی امین کافه,,,,35.805272,51.431344,منطقه 1,north,standard,active,,osm,خیابان ثابتی,+989122896923,,,Mo-Su 10:00-22:00,
n9318275119,كافه كتاب كربن,Carbon Book Cafe,,,35.796733,51.444262,منطقه 1,north,standard,active,,osm,خیابان بلوار شهید اندرزگو,+98 21 2220 4930,https://www.instagram.com/carbon.b.c/,,09:00-22:00,
n5295351021,کافه آوادیس,Cafe Avadis,,,35.791754,51.435256,منطقه 1,north,standard,active,,osm,1765,+98 21 222 115 26,http://cafeavadis.com,,"Sa-We 10:00-24:00, Th,Fr 09:00-24:00",
n5471290346,کافه بالون,balloon cafe,,,35.795682,51.395359,منطقه 1,north,standard,active,,osm,داوودیان 24,+982126804638,https://ballooncafe.ir/,,24/7,
n12896402239,کافه بلوار,Boulevard Cafe,,مجتمع تجاری پالادیوم,35.797641,51.412958,منطقه 1,north,standard,active,,osm,خیابان مقدس اردبیلی,+98 21 22664534,,https://www.instagram.com/cafeblvdtehran,09:00-23:00,
n12096561533,کافه بیکری کامکوات,,,,35.785952,51.429577,منطقه 1,north,standard,active,,osm,مرتضی فیاضی,02126232098,,,,
n12080177171,کافه پستل دناتا,,,,35.797103,51.410056,منطقه 1,north,standard,active,,osm,تهران مقدس اردبیلی نبش خیابان ب,09121728122,,,,
n11478353948,کافه دیر فکتوری,Deer Factory Cafe,,آواپلت,35.804978,51.476688,منطقه 1,north,standard,active,,osm,خیابان موحد دانش,,https://avaplatt.com/fnb/%da%a9%d8%a7%d9%81%d9%87-%d8%af%db%8c%d8%b1-%d9%81%da%a9%d8%aa%d9%88%d8%b1%db%8c/,,10:00-22:00,
n10930185306,کافه رستوران ٠٨,,,,35.799303,51.466979,منطقه 1,north,standard,active,,osm,خیابان دیباجی شمالی,+98 21 2228 3828,,food_cafe08,Mo-Su 08:30-23:00,
n10076309166,کافه رستوران اوا پلاس,AVA+ Cafe,,,35.812048,51.449462,منطقه 1,north,standard,active,,osm,تهران نیاوران نیاوران پلاک ۲۵۰ ساختمان اوا,02122728797,,,,
n9891580820,کافه رستوران جو زد,Jo Z Cafe,,,35.792664,51.452789,منطقه 1,north,standard,active,,osm,خیابان بلوار قیطریه,+982188370236,,jo.generationz,Mo-Su 08:00-23:30,
n6894785888,کافه رستوران جوجه تیغی,Hedgehog cafe,,,35.811450,51.461357,منطقه 1,north,standard,active,,osm,خیابان آقایی,,,,,
n8739889617,کافه رستوران گارنت,,,,35.796559,51.444786,منطقه 1,north,standard,active,,osm,خیابان مهر محمدی,,http://www.garnetrestaurant.com/,,Mo-Su 12:30-23:30,
n14122463347,کافه سیره,,,,35.813418,51.459564,منطقه 1,north,standard,active,,osm,جماران,09127384024,,,,
n6444244832,کافه فانتینو,Fantino Cafe,,,35.797879,51.448561,منطقه 1,north,standard,active,,osm,اشکستان پور جنوبی 8,+982122215541,https://www.instagram.com/fantino_cafe/,,"Mo-Th, Sa, Su 08:00-00:00, 09:00-18:00; Fr 10:00-00:00",
n6322295307,کافه کیدل,Keydel Cafe,,,35.805502,51.419191,منطقه 1,north,standard,active,,osm,خیابان کافی آبادی,,,https://www.instagram.com/keydelcafe,,
n12282867111,کافه گالری هاگ,Hug Cafe Gallery,,,35.816602,51.462695,منطقه 1,north,standard,active,,osm,خیابان امیدوار,+98 21 2612 1280,https://menu.masterzi.com/hug-cafe-house/show,https://www.instagram.com/hugcafegallery/,,
n8871611220,کافه لوکال,,,,35.808673,51.389497,منطقه 1,north,standard,active,,osm,خیابان بلوار دانشجو,+98 21 2218 0511,,,Sa-We 11:00-23:30; Th-Fr 09:00-23:30,
w678513644,کافه لوی,Lavie cafe,,,35.812982,51.475572,منطقه 1,north,standard,active,,osm,پورابتهاج 386,+989122501003,Laviecafe.ir,,sunrise-sunset,coffee_shop
n9979686118,کافه موسیقی,Music Café,,,35.800618,51.428859,منطقه 1,north,standard,active,,osm,موزه,,,,,
n4446096892,کافه نی آوران,Cafe Karzin,,,35.811568,51.472027,منطقه 1,north,standard,active,,osm,خیابان میدان باهنر,+982126152124,,,,
n4467507790,کافه وقت چای,Tea Time Cafe,,,35.812345,51.449765,منطقه 1,north,standard,active,,osm,خیابان باهنر,,,,,
n4734817721,کافه ویکولو,Vicolo Cafe,,مرکز خرید الهیه مدرن,35.785368,51.423452,منطقه 1,north,standard,active,,osm,خیابان صفری,,,,Mo-Su 09:00-23:00,
w506623267,کیپ لیک,Kip lik,,,35.814477,51.425031,منطقه 1,north,standard,active,,osm,خیابان مسیر محوطه کاخ,,,,,
n4726450392,کین کافه,,,,35.800053,51.450899,منطقه 1,north,standard,active,,osm,بلوار اندرزگو,,,,Mo-Su 09:00-23:00,
n4842582121,موگه,Muge,,,35.804061,51.458791,منطقه 1,north,standard,active,,osm,خیابان آریا,,,,Mo-Su 11:00-03:00,
n12208397874,نون کافه اقدسیه,,,,35.800060,51.490055,منطقه 1,north,standard,active,,osm,۲۲ بهمن,+98 21 29122539,https://www.nooncafe.co/,noon_cafe.co,24/7,
n12920791898,نيد كافه,,,,35.805862,51.438502,منطقه 1,north,standard,active,,osm,خیابان باهنر,0212100126,,,08:00-23:00,
n14168656080,وافـی لانژ | Vaafy Lounge,,,,35.802706,51.412264,منطقه 1,north,standard,active,,osm,خیابان حیدری,09907584339,,,18:00-02:00,
n13970164547,آنیتا,,,,35.697425,51.378132,منطقه 10,west,standard,active,,osm,توحید,+98 21 6693 5092,,,,
n14022454801,اهوراکافی,,,,35.697713,51.371528,منطقه 10,west,standard,active,,osm,آذربایجان غربی ۸۸۱;۸۸۳,,,,,
n12696716429,قهوه مهدا,,,,35.681904,51.377293,منطقه 10,west,standard,active,,osm,سلسبیل جنوبی، خیابان رودکی,+982166837838,,mahda.coffee,,
n13985797965,کافه سنتی ایران زمین,,,,35.698510,51.368579,منطقه 10,west,standard,active,,osm,آذربایجان غربی ۹۵۸,+98 21 6638 1861,,https://instagram.com/cofeiranzaminn,Mo-Su 11:00-23:59,
n12119759452,کافه شیرینی ری‌را,Reera Cafe Pastry,,,35.689850,51.366999,منطقه 10,west,standard,active,,osm,کارون شمالی، خیابان هاشمی,+982166878817,https://reerapastry.com,,Mo-Su 07:30-23:30,coffee_shop;confectionary;pastry
n12994549515,کافه کولاچینو (رد),,,,35.688505,51.376250,منطقه 10,west,standard,active,,osm,سلسبیل جنوبی، خیابان یکپوی فرد,+989121100360,,,Mo-Su 09:00-21:00,
n13985179834,کافه گرین,,,,35.697210,51.372031,منطقه 10,west,standard,active,,osm,آذربایجان غربی,,,,Mo-Su 08:00-23:00,
n7045280724,The Coffee Club,,The Coffee Club,,35.694275,51.378972,منطقه 11,west,standard,active,,osm,اسکندری، خیابان نواب صفوی,,,,,coffee_shop
n4736287822,تنور خانگی,Tanoor Khanegi,,,35.699961,51.410084,منطقه 11,center,standard,active,,osm,Khark st.,+98 912 297 8375,http://tanoorkhanegi.com,,,italian;italian_pizza;pasta
n14219717233,کافه بیشتر از یک,,,,35.698904,51.409866,منطقه 11,center,standard,active,,osm,خارک 14,02191090908,https://bishtarazyek.cafe/,,11:00-23:00,coffee_shop;pizza
n11033961582,کافه جاگویل,jogwheel cafe,,,35.697621,51.394692,منطقه 11,center,standard,active,,osm,دوازدهم فروردین نبش بهشت آیین,+982166404241,https://instagram.com/jogwheel_cafe?igshid=MzRlODBiNWFlZA==,,Mo-Fr 09:00-23:00,coffee_shop;tea;juice
n10983624802,کافه دوربین,,,,35.696526,51.391553,منطقه 11,center,standard,active,,osm,جمالزاده، خیابان حاج حسینی,,,,,
n5593962428,کافه دیوان,Divan cafe,,,35.697845,51.378563,منطقه 11,west,standard,active,,osm,ارومیه,,,,,
n8258267970,کافه زی,,,,35.697214,51.400063,منطقه 11,center,standard,active,,osm,لبافی‌نژاد 87,+989022400292,https://instagram.com/zee.house,,,
n4713069892,کافه شیشا,Shisha Cafe,,,35.700361,51.389498,منطقه 11,center,standard,active,,osm,جمالزاده، خیابان دانشور شیرازی,,,,,
n11392592180,کافه عربی A&M,,,,35.700967,51.402520,منطقه 11,center,standard,active,,osm,انقلاب اسلامی,09211640162,,,07:00-23:00,coffee_shop
n9033704365,کافه فلسفه,,,,35.697029,51.405260,منطقه 11,center,standard,active,,osm,شیخ هادی، خیابان نوفل لوشاتو,+982166435423,,,Mo-Su 10:00-10:00,
n6301845427,کافه کافا,Cafe kaffa,,,35.698024,51.405795,منطقه 11,center,standard,active,,osm,اتفاق 1,,,,,pizza;italian;burger;coffee_shop;sandwich;ice_cream;chicken;regional
n12286011856,کافه گریز,,,,35.699978,51.398054,منطقه 11,center,standard,active,,osm,دانشگاه,09962908939,,,Mo-Su 08:00-23:00,
n14225653424,کافه گمشدگان,,,,35.699093,51.405512,منطقه 11,center,standard,active,,osm,پرتویی (بهرامی) 13/1,,,,Mo-Sa 12-24,coffee_shop
n11029953906,کافه معما,,,۲,35.699831,51.390321,منطقه 11,center,standard,active,,osm,رشتچی,,,,,
n6321282186,کافه موئل,Café Moel,,,35.697035,51.407145,منطقه 11,center,standard,active,,osm,شیخ هادی، خیابان نوفل لوشاتو,66724394,,,,
n6882132585,Cedar Café,,,,35.680001,51.411672,منطقه 12,center,standard,active,,osm,سنگلج، خیابان دوم,,,,Mo-Su 11:00-20:00,
n6060971857,خانه فرهنگ رومنس,,,,35.701148,51.414818,منطقه 12,center,standard,active,,osm,انقلاب اسلامی 854,+98912 061 6523,https://www.hitehranhostel.com,,Mo-Su 08:00-24:00,
n6052879185,دن کافه شعبه فردوسی,Don cafe Ferdowsi,,فردوسی,35.699589,51.419444,منطقه 12,center,standard,active,,osm,فردوسی,+989125371377,https://doncafe.ir/,,"Sa-Th 08:00-21:00 , Fr 10:00-21:00",coffee_shop
n13088603017,سرای باب الخان,,,,35.696742,51.435486,منطقه 12,center,standard,active,,osm,بهارستان,+98 930 515 1655,,,,coffee_shop
n8998285613,قهوه ست · فردوسی,,,فردوسی,35.701238,51.415163,منطقه 12,center,standard,active,,osm,انقلاب اسلامی 852,+982166726563,https://set-coffee.com,,,
n12648294916,قهوه سناتور مروی,,,,35.678138,51.425451,منطقه 12,south,standard,active,,osm,پامنار، خیابان کوچه مروی,02133947609,,,09:00-19:00,
n11610658669,کافه ایوان,,,,35.696892,51.422616,منطقه 12,center,standard,active,,osm,فردوسی، خیابان منوچهری,+982133532270,,,,
n12438670897,کافه باغ,,,,35.694843,51.426286,منطقه 12,center,standard,active,,osm,بهارستان، خیابان خیابان باغ سپهسالار,02136916816,,,10:00-22:00,
n4892294425,کافه پالت برمیس,Barmis Pallet Café,,,35.682393,51.428168,منطقه 12,center,standard,active,,osm,پامنار 283,+989121548928,https://instagram.com/barmis.pallet.cafe,,,
n12759372725,کافه پنگوئن,,,,35.687732,51.438582,منطقه 12,center,standard,active,,osm,گل محمدی,+982133540254,https://qbar.ir/CafePangoan/menu,,Mo-Su 010:00-22:00,
n4740097821,کافه رستوران ریرا,Reera Café and Restaurant,,,35.696417,51.412559,منطقه 12,center,standard,active,,osm,نوفل لوشاتو,+98 21 6670 7646,,,,
n4647512822,کافه رستوران گل رضائیه,Gol-e Rezaieh,,,35.693895,51.414163,منطقه 12,center,standard,active,,osm,سی تیر 172,,,,,
n5976092423,کافه روحی,Rouhi cafe,,,35.695202,51.432661,منطقه 12,center,standard,active,,osm,بهارستان، خیابان شریعتمدار رفیع,,,,,
n8998313260,کافه رومنس,Cafe Romance,,,35.701152,51.414843,منطقه 12,center,standard,active,,osm,انقلاب اسلامی 854,+98 912 061 6523,,,,
n5585669821,کافه کایوت,Cafe coyote,,,35.701339,51.435139,منطقه 12,center,standard,active,,osm,توانا,,,,,
n4825871824,کافه ملک,Malek Cafe,,,35.688617,51.419173,منطقه 12,center,standard,active,,osm,کوشک مصری 9,+982166734393,,,Mo-Su 10:00-10:00,cake;sandwich;breakfast;grill;ice_cream;tea;cake;coffee_shop;persian;asian;pasta;italian;chicken
n4420694289,کافه نادری,Naderi Cafe,,,35.694716,51.416818,منطقه 12,center,standard,active,,osm,جمهوری اسلامی,,,,,
n12789123678,کافه رستوران آی کو,,,,35.692573,51.485801,منطقه 13,east,standard,active,,osm,پیروزی,+989191070025,https://www.instagram.com/cafe_aiko_1403?igsh=dHg2aDhtOXNyZm1k,,,coffee_shop
n12512086043,کافه سنتی فدیا,,,,35.694348,51.477942,منطقه 13,east,standard,active,,osm,دهقان,۳۳۷۹۵۶۹۸,,,Mo-Su 09:00-23:30,
n5119218048,بیا و ببین,Bia o bebin,,,35.688504,51.487659,منطقه 14,east,standard,active,,osm,مقداد,+989024948989,https://t.me/joinchat/AAAAAEBXOsY2RucuXpL41A,,24/7,
n12401460868,کافه شمعدونی,,,,35.678626,51.480376,منطقه 14,south,standard,active,,osm,دادآفرین,02133090144,@cafe_shamdonii,,Mo-Su 10:00-24:00,
n4720207490,گرکانی,Gorgani,,,35.674177,51.459220,منطقه 14,south,standard,active,,osm,قرائی گرکانی 14,+989356149595,,,24/7,asian
n12434340668,2مهر کافی,,,,35.650726,51.448485,منطقه 15,south,standard,active,,osm,مطهری، خیابان اکبری مقدم,09122231892,,,07:00-24:00,
n12100247471,کافه توسکا,,,,35.628777,51.454240,منطقه 15,south,standard,active,,osm,بزرگراه نجفی رستگار,09126042638,,,,
n11773164016,کافه لیون,,,,35.638649,51.487650,منطقه 15,south,standard,active,,osm,رضائی,+989195207225,,,08:00-22:00,ice_cream;tea;coffee
n12738339074,کافه مجنون,,,,35.616784,51.478664,منطقه 15,south,standard,active,,osm,زرین خواه شرقی,09919865541,,,06:00 -23:00,قهوه;انواع_دان_قهوه;نوشیدنی_گرم;انواع_آیسد;انواع_ماکتل
n11888394211,کافه نیک,,,,35.659617,51.433060,منطقه 15,south,standard,active,,osm,کوثر، خیابان کوثر,09128435221,,,,
n14161967695,کافه جی · نازی آباد,,,نازی آباد,35.636825,51.404634,منطقه 16,south,standard,active,,osm,احمد بابایی,09339213350,,,,
n10790309400,کافه یاسر,,,لوتوس مال,35.639781,51.404922,منطقه 16,south,standard,active,,osm,نازی آباد، خیابان ابوالقاسم پور,,,,,
n14177277007,کافه پیچاکوته,,,,35.663579,51.356975,منطقه 17,south,standard,active,,osm,ابدام 8,+989981879765,,,,coffee_shop;sandwich;burger;tea
n12749662189,کافه دنیای قهوه,,,,35.661813,51.363409,منطقه 17,south,standard,active,,osm,تهران فريدون احمدي نبش كوچه بدري,02155135737,,,,
n12025739407,کافه کاسپین,,,,35.662553,51.346192,منطقه 17,south,standard,active,,osm,یافت آباد,09121332129,,,,
n6933252346,کافی شاپ کاسیت (شعبه ۱),Kasit Coffee Shop,,۱,35.661295,51.345983,منطقه 17,south,standard,active,,osm,یافت آباد شمالی، خیابان انصاری,,,,,
n13904723372,حمید کافه,,,,35.660692,51.331545,منطقه 18,south,standard,active,,osm,تختی 8/1,+989351590090,,,07:00-22:00,coffee_shop
n10871087546,کافه پروانه,,,,35.660435,51.338762,منطقه 18,south,standard,active,,osm,بلوار معلم 106,,,,,
n12872909784,کافه شیخ,,,,35.645635,51.303966,منطقه 18,south,standard,active,,osm,میرهاشمی,09125086004,,,Mo-Su 06:30-22:30,
n11978706242,کافه مون,,,مرکز خرید مبل پایتخت,35.659968,51.334069,منطقه 18,south,standard,active,,osm,بهداشت، خیابان بافان,,,,,
n11820464737,کافه ناردینو,,,,35.662078,51.344031,منطقه 18,south,standard,active,,osm,تولید دارو,,,,"Mo-Su,PH 12:00-24:00+",
n12218754820,LucaffeINN,,"Lucaffe, ToninoLamborghini , Amico , Planet , Protorique",,35.632951,51.385498,منطقه 19,south,standard,active,,osm,اسفندیاری و بستان، خیابان قنبرعلی علیزاده - ۲۲,+989171966012,https://lucaffeiran.ir/,,,coffee_shop;toninolamborghini_caffee
n10870121688,کافه رستوران دل,,,,35.639004,51.374671,منطقه 19,south,standard,active,,osm,شهرک شریعتی شمالی، خیابان بهنام,+982155850001,,,08:00-24:00,
n11969314194,کافه رویا,,,,35.631458,51.355551,منطقه 19,south,standard,active,,osm,تهران بازار مبل نعمت آباد خیابان طالقانی کوچه هجدهم کافه و برگر رویا هجدهم پلاک 8,02155879660,,,,
n11862470278,Alo geleyoun | Telyoon,,,,35.776814,51.357302,منطقه 2,north,standard,active,,osm,بوستان ششم,+98 21 2661 7687,https://w4share.com/Home/Job/20228,,24/7,
n13952724170,Arun cafe,,,,35.784432,51.377049,منطقه 2,north,standard,active,,osm,مجد,98 021 2207 4794,https://www.instagram.com/arun_cafe777?utm_source=ig_web_button_share_sheet&igsh=ZDNlZDc0MzIxNw==,,9:00am-22:00pm,coffee_shop
n14168621104,Cafe Kalej | کافه کالج,,,,35.725206,51.349468,منطقه 2,west,standard,active,,osm,ارمکان سوم 420,+989300056665,www.instagram/cafekalej.com,,All day 8:00 in 00:00,burger;coffee_shop;italian;chicken;sandwich;ice_cream;breakfast;cake;pasta;tea;juice;salad;hot_dog;persian
n13249888045,Dero Cafe Bakery,,,مرکز خرید گلستان,35.753411,51.374620,منطقه 2,west,standard,active,,osm,شهرک قدس، خیابان مهستان,,,,,
n13249888048,Hamisheh Cafe,,,مرکز خرید گلستان,35.753069,51.374352,منطقه 2,west,standard,active,,osm,شهرک قدس، خیابان بلوار ایران زمین,,,,,
n14174228557,hot coffe tehroonقهوه داغ طهرون,,,,35.770393,51.362318,منطقه 2,north,standard,active,,osm,سعدی 244,021_88097386,https://www.hot-cafetehroon.ir/,,6/30  AM 12/30 PM,coffee_shop;burger;salad;sandwich;breakfast;pasta;cake;tea;juice;hot_dog;dessert;persian
n9775021467,Line Cafe,,,مرکز خرید پلاتین,35.752569,51.364991,منطقه 2,west,standard,active,,osm,ایوانک، خیابان سیمای ایران,,,,,
n7010421821,آلبرتیکا,Albertika,,,35.729438,51.375973,منطقه 2,west,standard,active,,osm,جواد فاضل جنوبی 361.1,+982186018891,https://albertika.com/,,,
n9965517777,اسپرسو ایلیا,,,,35.798248,51.360612,منطقه 2,north,standard,active,,osm,یاس,+9892136623129,https://espressoiliya.com/,,sa-th 09:00-18:00,قهوه
n11536270729,استودیو روژان,Design Cafe,,,35.707854,51.374397,منطقه 2,west,standard,active,,osm,ستارخان کوثردوم پلاک 1 استودیو معماری روژان 1,+982166433203,,,Mo-Sa 08:00-18:00,
n6348953085,او ام,OM Cafe,,,35.780124,51.360834,منطقه 2,north,standard,active,,osm,آسمان چهارم شرقی,,,,,
n11933125440,بن کافه,,,,35.771075,51.364856,منطقه 2,north,standard,active,,osm,بلوار دریا,+982188680992,,,24/7,pizza
n3858819061,دل پیانو,,,,35.785264,51.388519,منطقه 2,north,standard,active,,osm,سوری ۲۰,+982122382050,,,Mo-Su 11:00-24:00,
n13322992253,فروش قهوه عمده AM,,,,35.706360,51.364726,منطقه 2,west,standard,active,,osm,شادمان، خیابان شادمهر,09120778049,,,07:00-21:00,
n12791985520,قهوه ریکو,,,,35.721550,51.344991,منطقه 2,west,standard,active,,osm,صادقیه، خیابان ستارخان,009121790645,,,07:00-22:00,
n8928388009,قهوه و شکلات داریو,Dario Coffee & Chocolate,,,35.722356,51.372869,منطقه 2,west,standard,active,,osm,بیست وششم 2,+98 912 5445146,,,,
n13109178301,كافه و رستوران ريك,Rick's Cafe,,,35.792732,51.357204,منطقه 2,north,standard,active,,osm,سی‌سوم,02122118102,,rick_s_cafe,Mo-Su 10:00-23:30,persian
n4740213900,کافه ۲۴,24 Cafe,,,35.776527,51.362233,منطقه 2,north,standard,active,,osm,استاد مطهری 10,+98 21 2237 5150,https://www.instagram.com/24_lounge/,,11:00-23:00,cafe;italian_pizza;pizza
n11236004790,کافه آرتیست,Artist Cafe mode,,,35.785031,51.369366,منطقه 2,north,standard,active,,osm,سوم غربی 11,021 2238 1146,https://instagram.com/artistcafemode,,Mo-Su 08:00-24:00,sandwich;coffee_shop;burger;pasta;cake;salad;ice_cream
n11953236409,کافه آلایلا,,,,35.768853,51.372544,منطقه 2,north,standard,active,,osm,بیست و یک متری گلها نبش توحید 3,02188366692,,https://www.instagram.com/alayla_cafe,Mo-Su 08:00-23:00,coffee_shop
n10889367593,کافه اسکواش برج میلاد,,,,35.744333,51.373497,منطقه 2,west,standard,active,,osm,ورودی برج میلاد,+989120459971,https://squash-cafe.ir.ink/menu?utm_source=behtarino,,Mo-Su 09:00-21:00,coffee_shop;burger;italian;sandwich;ice_cream;hot_dog;pasta;chocolate;cake;salad;dessert
n4402455291,کافه باران,Baran Cafe,,,35.725251,51.335502,منطقه 2,west,standard,active,,osm,اشرفی اصفهانی,+982144241949,https://www.barancafe.ir/,,Sa-Th 10:00-23:00; Fr 15:00-23:00,
n8981025917,کافه بوتیک زی بن,,,مرکز خرید ایران زمین,35.752830,51.373373,منطقه 2,west,standard,active,,osm,شهرک قدس، خیابان بلوار ایران زمین,,,,,
n4826740023,کافه بیشه,Bishe cofe,,,35.736260,51.339837,منطقه 2,west,standard,active,,osm,بلوار مرزداران,+98 21 4429 4204,,,Mo-Su 09:00-23:00,coffee_shop;persian
n9883823464,کافه بیکری آریلا,Cafe Bakery Ariella,,,35.763750,51.357514,منطقه 2,west,standard,active,,osm,ایوانک، خیابان پنجم,+98 21 8707 8088,https://www.ariellacafe.com/,,,
n9178020785,کافه پروژه د,The D Project,The D Project,,35.752516,51.357701,منطقه 2,west,standard,active,,osm,سیمای ایران,+982188372680,https://thedproject.ir/,https://www.instagram.com/the_d_project_cafe,Mo-Fr 07:00-24:00,coffee_shop
n9944699661,کافه تهران,,,مجتمع تجاری میلاد نور,35.753144,51.362747,منطقه 2,west,standard,active,,osm,ایوانک، خیابان دوم,,,,,
n7137104983,کافه دست,,,,35.760291,51.370171,منطقه 2,west,standard,active,,osm,شهرک قدس، خیابان پیروزان جنوبی,,,,,
n12336929375,کافه دورچه,,,مرکز تجاری اُپال,35.776967,51.351785,منطقه 2,north,standard,active,,osm,بلوار شهید منفرد نیاکی,+982122362882,https://dorchecafe.com,,11:00-23:00,coffee_shop
n7236396787,کافه راک,,,,35.768564,51.372554,منطقه 2,north,standard,active,,osm,بیست و یک متری گلها,+982188361233,https://cafe-rock.com,https://www.instagram.com/cafe.rock,07:30-24:00,coffee_shop;cake;salad;sandwich;hot_dog;pasta;pastry;breakfast
n8442737374,کافه رست,Roast Cafe,,,35.771153,51.355170,منطقه 2,north,standard,active,,osm,حافظی 84,+982122081557,,,8:30-23:30,coffee;coffee_shop;cafe;burger;fast_food
n12085180899,کافه رُستری نوژ,Noj Coffee Roastery,,,35.753954,51.370718,منطقه 2,west,standard,active,,osm,شهرک قدس، خیابان بلوار ایران زمین,,,,Mo-Su 08:00-23:00+,
n6486905782,کافه رستوران ماینس وان,,,,35.770792,51.358937,منطقه 2,north,standard,active,,osm,بهار,+982122113008,https://www.instagram.com/minus1cafe/,,Mo-Su 09:00-23:59,pizza;burger;penini;coffee_shop;hookah
n11904364363,کافه رستوران نویز,,,,35.766255,51.349210,منطقه 2,north,standard,active,,osm,سپهر,09128227162,,,,
n12378228434,کافه رستوران وود لند لانژ,,,,35.758049,51.342950,منطقه 2,west,standard,active,,osm,بلوار فلاح زاده,09128227162,Wood_land_lounge,,Mo-Su 07:00-24:00,
n4714615289,کافه سنسو,Senso Cafe,,,35.762082,51.381325,منطقه 2,west,standard,active,,osm,مهستان,,,,,
n8935893917,کافه سنو,seno cafe,,,35.778156,51.365462,منطقه 2,north,standard,active,,osm,پلاک 17,02122356709,https://instagram.com/coffeeseno,,08:00-22:00,coffee_shop
n11917190868,کافه قنادی عمه عادله,,,,35.721122,51.350932,منطقه 2,west,standard,active,,osm,رحیم صحرایی,02144222324,,,,
n4328362691,کافه کاراکال,Caracalcafe,,,35.772114,51.383123,منطقه 2,north,standard,active,,osm,علامه جنوبی,+982188690375,,,Sa-Th 08:00-00:00; Fr 16:00-00:00,
w697133371,کافه کارزین · شهرک قدس,Karzin cafe,,شهرک قدس,35.751086,51.381978,منطقه 2,west,standard,active,,osm,شهرک قدس، خیابان بهمن,+98 21 88378949,https://instagram.com/majnooncafe/,,08:00-24:00,
n4423901689,کافه کوکو,Coco Café,,,35.772377,51.360633,منطقه 2,north,standard,active,,osm,مهدی عباسی اناری 8,+98 21 88385277,,,Sa-Th 09:30-23:00; Fr 10:00-23:00,italian;coffee_shop
n12846721310,کافه گالری هانیس,,,,35.771816,51.374702,منطقه 2,north,standard,active,,osm,سی و سوم شرقی,02188681534,https://www.zarmes.ir,,Mo-Su 08:00-23:00,
n8133566301,کافه گرید,,,,35.711410,51.347653,منطقه 2,west,standard,active,,osm,بلوار علی تیموری,+982166085190,https://gridcafe.ir/,,Sa-Tu 08:00-20:00,coffee_shop;pizza
n14169671937,کافه گل,,,,35.753742,51.340487,منطقه 2,west,standard,active,,osm,انتهای پارکینگ داخل سرای محله پونک کافه گل,02188992610,https://cafegoll.ir/,,09:00 -  23:00,آلفردو;سیبزمینی_ساده،_مخسوسو...;انواع_نوشیدنی_های_سرد_و_گرک_انواع_قهوهگیاهان_آپارتمانی
n3351727092,کافه میلان,Cafe Milan,,,35.774653,51.376757,منطقه 2,north,standard,active,,osm,دریا، خیابان نفیسی شرقی,,,,,
n12921031438,کافه نان برگ سبز,,,,35.726329,51.354584,منطقه 2,west,standard,active,,osm,ستارخان، خیابان سازمان آب,021۴۴۲۰۲۴۲۴,,,08:00-23:00,
n5614997823,کافه هپ,Hope Cafe,,,35.778104,51.363069,منطقه 2,north,standard,active,,osm,سعادت آباد، خیابان زند وکیلی غربی,+982122117311,,,,
n12270730255,کافه و رستوران لیزدا,,,,35.724134,51.336076,منطقه 2,west,standard,active,,osm,کوه‌دشت,09197636817,,,Mo-Su 07:00-24:00,
n4419263190,کافه وود,Wood Cafe,,,35.753084,51.333253,منطقه 2,west,standard,active,,osm,پونک,+98 935 888 6883,,,Mo-Su 10:00-22:00,
n9954984924,همیشه,,,مرکز خرید گلستان,35.753351,51.374941,منطقه 2,west,standard,active,,osm,شهرک قدس، خیابان بلوار ایران زمین,,,,,
n11128397160,قهوه نارنج,,,,35.587672,51.440128,منطقه 20,south,standard,active,,osm,میدان نارنج,,,,,
n8996599230,قهوه هاوانا,,,,35.602923,51.431514,منطقه 20,south,standard,active,,osm,بلوار امام حسین 160,,Instagram.com/havanacoffee1,,Mo-Su 09:00-23:00,coffee_shop
n13383188779,کافه پاتوق,,,,35.590586,51.435764,منطقه 20,south,standard,active,,osm,قم,,,,Mo-Su 09:00-22:00,coffee_shop
n14206667674,کافه چری,,,,35.602746,51.435048,منطقه 20,south,standard,active,,osm,دیلمان، خیابان بلوار امام حسین,0098 912 6856838,,,sat-fri 05:00- 23:30,coffee;cake;sandwich;breakfast;donut;tea
n12036822057,کافه چوبی,,,,35.585145,51.448796,منطقه 20,south,standard,active,,osm,علایین، خیابان بزرگراه آوینی,09358512228,,,10:00-23:00,
n13013094024,کافه رستوران احمد ظاهر,,,پاساژ ولیعصر (عج),35.592982,51.428854,منطقه 20,south,standard,active,,osm,فیروز آبادی، خیابان ضمیری,,,,,
n14124500493,کافه لین,,,,35.608831,51.448621,منطقه 20,south,standard,active,,osm,بلوار بسیج,+989199248235,,,,coffee_shop
n12809219253,کافه موکا · فیروز آبادی,,,فیروز آبادی,35.596367,51.438975,منطقه 20,south,standard,active,,osm,کوچه امامزاده عبدالله,02155952067,,,Mo-Su 07:00-23:00,
n12068019844,کافه نادری · هاشم آباد شهر ری,,,هاشم آباد شهر ری,35.584921,51.442176,منطقه 20,south,standard,active,,osm,دانش,09126332533,,,,
n12776476387,کافه نان رویا,,,,35.624821,51.451615,منطقه 20,south,standard,active,,osm,دولت آباد، خیابان بلوار قدس,02133395053,,,07:00-24:00,
n13563580642,wascafe,,,,35.713468,51.227553,منطقه 21,west,standard,active,,osm,کیلومتر 10 بزرگراه لشگری نرسیده به خیابان بیست و یکم وس,+982144523091,www.cafewas.ir,,09:00-19:00,coffee_shop
n12072340987,کافه ریو · شهرک فرهنگیان,,,شهرک فرهنگیان,35.712744,51.277033,منطقه 21,west,standard,active,,osm,امام خمینی,+989905624399,,,,cafe
n11960044787,کافه کاج,,,,35.710477,51.270723,منطقه 21,west,standard,active,,osm,مصطفی خمینی,09938359941,,,,
n11811990629,کافه گیم فانتوم کلاب,,,,35.696940,51.254442,منطقه 21,west,standard,active,,osm,تهرانسر ، بلوار اصلی ، کوچه هجدهم ، ساختمان مهرگان پلاک ۱۲,09129173707,,,Mo-Su 09:00-24:00,coffee_shop;گیم_روم;فست_فود
n11922248986,کافه مدیوم شات,,,,35.703187,51.258639,منطقه 21,west,standard,active,,osm,دوم شرقی شهدای پارس الکتریک,09191511338,,,,
n14251129219,وس کافه,,,,35.713180,51.227493,منطقه 21,west,standard,active,,osm,شهرک استقلال، خیابان کنارگذر لشگری,,https://cafewas.ir,,9:00-21:00,
n14221221351,Gap Coffee,,,,35.729435,51.248009,منطقه 22,west,standard,active,,osm,شهرک صدرا، خیابان نسیم شانزدهم شرقی,00982144771200,,,Mo-Fr 9:00 - 23:30,coffee_shop;sandwich
w552646909,تراس لانژ,Terrace Laounge,,,35.747844,51.185264,منطقه 22,west,standard,active,,osm,سرو آزاد، خیابان ورودی پارکینگ پامچال۵,+98 912 714 9307,,,Mo-Su 10:00-22:00,
n12517699754,كافه شايان,,,,35.753920,51.233438,منطقه 22,west,standard,active,,osm,تهران شهرك گلستان بلوارهاشم زاده خيابان قائم هشتم قائم هشتم پلاك ۱۰,09124273768,,,,
n12504457239,کافه بابایی,,,,35.727494,51.218920,منطقه 22,west,standard,active,,osm,بلوار دستواره,09129248598,,,,
n13165414639,کافه چاو,,,,35.756610,51.160273,منطقه 22,west,standard,active,,osm,شهرک خرازی,09362210060,,,,
n12616800101,کافه رستوران ابرا,Abra,,برج تماس,35.756680,51.216696,منطقه 22,west,standard,active,,osm,قائم چیتگر، خیابان بزرگراه خرازی,,,,Mo-Su 10:00-23:00,barbecue;breakfast;burger;cake;chicken;coffee_shop;crepe
n12551160103,کافه رستوران سیلوا,,,,35.744108,51.228968,منطقه 22,west,standard,active,,osm,,02144745066,,,09:00-24:00,
n12200923480,کافه ریحا,,,,35.746221,51.221300,منطقه 22,west,standard,active,,osm,کناررو دریاچه,09102086039,,,Mo-Su 10:00-22:00,
n4983216713,کافه سنتی کاج,Kaj Cafe,,,35.755190,51.236330,منطقه 22,west,standard,active,,osm,سروستان نهم,,,,10:30-23:59,
n12495432000,کافه گالری گیلدا,,,,35.756980,51.163443,منطقه 22,west,standard,active,,osm,شهرک خرازی,09203267644,,,Mo-Su 10:00-22:00,
n11650613885,کافه نان طُره,torreh cafe bakery,,,35.747347,51.246746,منطقه 22,west,standard,active,,osm,بلوار امیرکبیر 278,02144707000,https://www.instagram.com/torrehcafebakery/,,08:00-22:00,coffee_bakery;فست_فود;شیرینی
n11626866060,کافه ولی,,,مرکز خرید پوشاک اسلامی ایرانی گل یاس,35.743969,51.253302,منطقه 22,west,standard,active,,osm,مهستان ب 9,09122072921,,,,pizza
n6780523186,آی دی کافه,ID Cafe,,,35.756804,51.442651,منطقه 3,center,standard,active,,osm,ابن سینا,+982126400486,https://idcafe.ir,,Mo-Su 8:00-22:00,coffee_shop;pizza;burger;juice;salad;pasta;cake;dessert
n10092269818,بالکافه,BalCafe,,,35.771009,51.420746,منطقه 3,north,standard,active,,osm,جردن - پارک ملت، خیابان ایرج,+98 21 91070635,,,08:00-23:00,
n14210347866,بزم کافه,,,,35.756406,51.444647,منطقه 3,center,standard,active,,osm,مهدی وزیری پور 13,+982122220212,https://www.bazmcafe.ir/,https://instagram.com/bazmcafe.ir,mo-su 7:00 am 12:00 pm,burger;coffee_shop;sandwich;chicken;ice_cream;salad
n10994740362,پوریسا (سارا&پوریا),,,,35.745848,51.445280,منطقه 3,center,standard,active,,osm,سیمرغ شرقی 29,0098212281690,,,,coffee_shop
n12084808088,تمپریکس,,,,35.770236,51.440128,منطقه 3,north,standard,active,,osm,قلهک، خیابان شریعتی,02122008303,,,Sa-Fr 10:30-21:00,
n12512067218,خانواده قهوه استلا میرداماد,,,,35.757595,51.442616,منطقه 3,center,standard,active,,osm,نازآفرین 4178,,https://www.ptgiran.com,,09:00-21:00,coffee_shop;tea
n8633407620,دن کافه شعبه ظفر,Don Cafe Zafar,,ظفر,35.769697,51.426405,منطقه 3,north,standard,active,,osm,بلوار آرش شرقی,+989124771810,,,Sa-Fr 09:00-21:00,coffee_shop;cafe
n12326791463,رول کافه,,,,35.767946,51.395219,منطقه 3,north,standard,active,,osm,ونک، خیابان شیخ بهایی,02188606973,,,07:00-23:00,
n11237785516,قهوه موندیال,mondial coffee,,,35.757839,51.442386,منطقه 3,center,standard,active,,osm,شاه نظری/میدان مادر/میرداماد,+98 21 22274744,https://mondialcoffee.ir,,sa-th 10AM to 18PM,coffee_shop
n12108199409,كافه رستوران CIP جردن,,,,35.767701,51.420499,منطقه 3,north,standard,active,,osm,ونک، خیابان شهید وحید دستگردی,88651779,,,12:00-01:00,
n12245219301,کافه آفتابگردان,Sunflower Cafe,,,35.783055,51.456146,منطقه 3,north,standard,active,,osm,اختیاریه، خیابان آزاده,+98 21 2661 3345,,aftabgardan.cafe,Mo-Su 09:00-23:00,
n9000692134,کافه آنسه,anseh cafe,,,35.771798,51.429015,منطقه 3,north,standard,active,,osm,جم,+98 21 2200 2020,https://www.instagram.com/anseh.cafe,,Mo-Su 10:00-23:30,coffee_shop;coffee;burger;cake;pancakes;breakfast;pasta;cafe;cafetaria;sandwich;ice_cream;juice;fries;salad
n9469050766,کافه انس,,,مجتمع تجاری اداری رز میرداماد,35.760175,51.433761,منطقه 3,center,standard,active,,osm,میرداماد TF14,+982126403494,https://instagram.com/ons.cafe?utm_medium=copy_link,,Sa-Th 10:00-21:30,
n6165271859,کافه باب,Bob Cafe,,,35.760800,51.404928,منطقه 3,center,standard,active,,osm,ونک، خیابان ونک,,,,Mo-Su 08:00-23:00,
n12600865714,کافه بما بگو,Tell us art cafe,,,35.770695,51.395070,منطقه 3,north,standard,active,,osm,ونک، خیابان شیخ بهایی شمالی,,,tellus.cafe,,
n9747565217,کافه بیکری رولن,Rollen Cafe,,,35.775120,51.461430,منطقه 3,north,standard,active,,osm,7,+98 21 26917083,https://www.rollen.cafe/,https://www.instagram.com/rollen.cafe,08:30-22:30,
n3440411691,کافه پاپ,Pop Cafe,,,35.767844,51.441827,منطقه 3,north,standard,active,,osm,قلهک، خیابان حسن میری,,,,,
n4665562389,کافه پترا,Petra Café,,,35.762267,51.415263,منطقه 3,center,standard,active,,osm,میرداماد,,,,,
n10653608264,کافه تو کافه · ونک,Cafe to Cafe,,ونک,35.763642,51.405763,منطقه 3,center,standard,active,,osm,ونک، خیابان عطار نیشابوری,+98 21 8820 3956,,cafe_to_cafe,,
n4695790501,کافه درسا,Cafe Dorsa,,,35.772169,51.438923,منطقه 3,north,standard,active,,osm,شریعتی,,https://www.dorsa.net/,,,
n7269711103,کافه دلسا,Cafe delsa,,,35.757086,51.452961,منطقه 3,center,standard,active,,osm,28,+98 919 300 8487,https://www.instagram.com/cafedelsa/,,5:00-23:30,
n12610233969,کافه رستری بیدار,,,,35.789955,51.460852,منطقه 3,north,standard,active,,osm,دیباجی جنوبی 96,02122576907,https://www.instagram.com/bidar_coffeeroasters?igsh=MXQ1NnYyZGdhOWdlZg==,,Mo-Su 07:00-22:00,coffee_shop;قهوه;بیکری;رستری_قهوه;cake;کلاب
n5894406387,کافه رستری پانتیل,Pontiel Cafe,,,35.770490,51.396858,منطقه 3,north,standard,active,,osm,چهارم 80,+982191302346,https://pontiel.cafe/,,07:00-22:00,coffee_shop;cafe
w843752716,کافه رستوران ایزار,Izar Cafe,,,35.752989,51.431335,منطقه 3,center,standard,active,,osm,شهدای بانک مرکزی,,,,Sa-We 10:00-23:00; Th-Fr 10:00-24:00,pizza;coffee_shop;burger
n12862221680,کافه رستوران بانو,,,,35.758692,51.450787,منطقه 3,center,standard,active,,osm,دشتستان پنجم,09193034317,,,Mo-Sa 08:30-23:00,
n6737873385,کافه رستوران پارسا,Parsa italian restaurant,,,35.765242,51.426033,منطقه 3,north,standard,active,,osm,نیلوفر 14,,,,"Mo-Su 10:30-16:00, 19:00-22:00",
w1425816965,کافه رستوران زیرو وان,,,,35.744565,51.443941,منطقه 3,center,standard,active,,osm,خ ارسباران روبروی فرهنگ سرای ارسباران 15,+982191010019,https://zero1.cafe,,,
n9557643917,کافه رستوران هاوس,,,,35.771977,51.421776,منطقه 3,north,standard,active,,osm,جردن - پارک ملت، خیابان دریانوردان سانچی,+98 912 282 8456,http://houselounge.ir/,,,
n4561619990,کافه ری,cafe ray,,,35.759142,51.404634,منطقه 3,center,standard,active,,osm,کار و تجارت 19,,,,,
n7840775686,کافه قنات,,,,35.780317,51.453613,منطقه 3,north,standard,active,,osm,یوسف کلاهدوز,+982122561277,https://www.instagram.com/shokocafe_ghanat,,,coffee_shop;coffee;chocolate;قهوه;شکلات;کافی_شاپ
n9745219718,کافه قنادی مارژولن,Marjolain Cafe,,,35.790219,51.461131,منطقه 3,north,standard,active,,osm,3,+98 21 2631 6300,https://www.instagram.com/marjolainegateau/,,07:30-23:45,
n5943958386,کافه کاسبرگ,,,,35.782586,51.447653,منطقه 3,north,standard,active,,osm,مطلبی نژاد,,,,24/7,persian
n12278792801,کافه کای,Kai coffee,,,35.762007,51.405850,منطقه 3,center,standard,active,,osm,محمدباقر خدامی,+98 21 9101 0701,http://www.kaicoffeeco.com/,,,
n12827677223,کافه متیدا,,,,35.768435,51.419806,منطقه 3,north,standard,active,,osm,ونک، خیابان بلوار نلسون ماندلا,09332398396,,,08:00-22:00,
n4423203090,کافه من رو,Cafe Maanro,,,35.763530,51.411001,منطقه 3,center,standard,active,,osm,میرداماد,+98 21 8887 3774,,,Mo-Su 09:00-23:00,
n9653279512,کافه هایک,,,مجتمع تجاری اداری رز میرداماد,35.760250,51.434283,منطقه 3,center,standard,active,,osm,میرداماد، خیابان امیر سهیل تبریزیان,,,,,
n12732498508,کافه هایکا,,,,35.772130,51.438780,منطقه 3,north,standard,active,,osm,دکتر علی شریعتی,02122618876,,,Mo-Su 08:00-24:00,
n9350039701,کافه هومان,Hoomaan Cafe,,,35.762677,51.441637,منطقه 3,center,standard,active,,osm,3,+98 21 2227 6206,https://www.instagram.com/hoomaan.cafe/,,09:00-23:00,
n12325420167,کافه وی وی ین جردن,,,,35.768038,51.418146,منطقه 3,north,standard,active,,osm,شهید وحید دستگردی 332,+982188202295,https://vvn-cafe.com,,Mo-Su 08:00-23:00,coffee_shop
n13183560751,کافه وی‌ وی‌ یِن ونک,,,,35.763463,51.400114,منطقه 3,center,standard,active,,osm,ونک 150,,https://vvn-cafe.com,,,
n4620272389,کافی شاپ شیث,Sheis Coffey,,,35.762479,51.399964,منطقه 3,center,standard,active,,osm,عباس شیرازی,,,,Mo-Su 09:00-23:00,
n12157516419,کر کافه,Core Cafe,,,35.751092,51.432667,منطقه 3,center,standard,active,,osm,اراضی عباس آباد، خیابان شهدای بانک مرکزی,+98 21 8865 7246,,,,
n7592099903,وی کافه · قلهک,V Cafe,,قلهک,35.769640,51.440790,منطقه 3,north,standard,active,,osm,قلهک، خیابان محمدرضا بصیری,+98 21 22649561,https://www.instagram.com/vcafe.tehran/,,8:30-23:00,
n4724563789,پوریای ولی,pourya vali,,,35.744474,51.543631,منطقه 4,east,standard,active,,osm,بلوار شاهد,,,,,
n13415227276,دن کلاب هروی,,,,35.764204,51.475169,منطقه 4,east,standard,active,,osm,بلوار پناهی نیا,02122983220,,,Mo-Su 07:00-24:00,
n11085369981,قهوه آفر شعبه 2,,,2,35.744436,51.468194,منطقه 4,east,standard,active,,osm,خیابان رسول رحیمی،خیابان اتحاد 17,09198199793,https://www.offercoffee.ir/,,Mo-Su 09:00-22:30,coffee_shop
n13421495711,قهوه امیر,,,,35.753215,51.475578,منطقه 4,east,standard,active,,osm,اردستانی,+989127607362,,,09:00-22:00,coffee_shop
n9675639817,قهوه سربن,Serbon Coffee,,,35.770831,51.460387,منطقه 4,north,standard,active,,osm,پاسداران - ضرابخانه، خیابان پاسداران,+98 21 2256 0556,https://www.instagram.com/serboncoffee/,,07:00-23:30,
n11369415815,قهوه کافیینی,,,,35.745075,51.540592,منطقه 4,east,standard,active,,osm,۷۴,989125229702,,,Mo-Su 09:00-21:00,
n10564202909,قهوه کوبا,Cuba coffee,,,35.757644,51.453256,منطقه 4,center,standard,active,,osm,پاسداران - ضرابخانه، خیابان پاسداران,+98 912 183 4062,,,08:00-23:30,
n13404041703,کافه آچار,,,,35.747578,51.450374,منطقه 4,center,standard,active,,osm,نورمحمدی,09925007953,,,Mo-Su 08:00-20:00,
n12404376901,کافه آلبا,,,,35.744390,51.517103,منطقه 4,east,standard,active,,osm,گلستان ششم غربی,09123767189,,,Mo-Su 10:00-24:00,
n4423930989,کافه ارم,Eram Cafe,,,35.765591,51.455768,منطقه 4,north,standard,active,,osm,دروس، خیابان نیستان ۵,,,,,
n11966260744,کافه افق,,,,35.735044,51.528719,منطقه 4,east,standard,active,,osm,فرجام شرقی کافه افق,+989124770374,https://zil.ink/cafeofogh,,12:00-24:00,coffee_shop;pizza;burger;sandwich;ice_cream;french;salad;pasta
n12329089708,کافه اِوْ,,,,35.773625,51.483694,منطقه 4,north,standard,active,,osm,افتخاریان,02126913915,,,,
n9950473296,کافه اودسا,,,,35.736588,51.494809,منطقه 4,east,standard,active,,osm,دکتر آیت,,,,,coffee_shop
n14099253143,کافه این,,,,35.738290,51.516829,منطقه 4,east,standard,active,,osm,شهید حسن طباطبایی نسب ۳۴,09375476502,https://www.instagram.com/cafein.togo?igsh=MXEwZjJoamtrdXUzbw==,,10 am till 10 pm,coffee_shop
n8330714307,کافه باقوای ترکی تک سین,,,,35.741445,51.532863,منطقه 4,east,standard,active,,osm,علی دوستی ۱۹۰,+98 21 40772428,https://takseen-baklava.com,,Mo-Su 10:00-22:00,regional;coffee_shop
n4449050805,کافه بلور,Cafe Blur,,,35.755561,51.452959,منطقه 4,center,standard,active,,osm,پاسداران,,,,,
n12157589224,کافه بی تا,,,,35.736035,51.589572,منطقه 4,east,standard,active,,osm,بلوار بابائیان,02177002843,,,,
n14141880655,کافه بیکری آسونار,,,,35.756521,51.453240,منطقه 4,center,standard,active,,osm,"Negarestan no 4, Pasdaran st 31",02122873187,https://asoonar.ir/,asoonar.cafebakery,All day 8:00 - 23:00,coffee_shop;bakery
n12196377588,کافه دیت اسپرسو لته,,,,35.739681,51.541861,منطقه 4,east,standard,active,,osm,بلوار شاهد,09122181591,,,,
n9573963517,کافه رستوران دوبرا,Dobera Restaurant & Cafe,,,35.768776,51.466094,منطقه 4,north,standard,active,,osm,پاسداران - ضرابخانه، خیابان داوود اسلامی,+98 21 22797365,https://instagram.com/doberaa,,12:00-23:30,
n11043583386,کافه رستوران صدصا,Sedsa cafd restaurant,,,35.756244,51.475858,منطقه 4,east,standard,active,,osm,حسین پور 53,+989354844000,www.Instagram.com/sedsa_cafe,,Mo-Su 11:00-23:00,pasta;coffee_shop;pizza;italian;sandwich;ice_cream;juice;salad;hot_dog;cake
n9573976817,کافه رستوران گجا,Goja Cafe & Restaurant,,,35.768155,51.465098,منطقه 4,north,standard,active,,osm,پاسداران - ضرابخانه، خیابان مومن نژاد,,https://instagram.com/goja_cafe_restaurant,,Mo-Su 11:00-23:30,
n11046214205,کافه رستوران لانژ ١٢,Lounge 12,,,35.764495,51.458883,منطقه 4,center,standard,active,,osm,پاسداران - ضرابخانه، خیابان برادران پایدارفرد,+98 21 22 555 100,,,Mo-Su 11:00-23:30,
n4986809621,کافه روبرتو,Roberto cafe,,,35.762862,51.457571,منطقه 4,center,standard,active,,osm,پاسداران - ضرابخانه، خیابان اخوان,,https://instagram.com/roberto.cafe,,,
n12520180946,کافه ستارباکس,,,,35.747059,51.549689,منطقه 4,east,standard,active,,osm,جمیلی شبستری,09937862830,,,,
n14170691140,کافه طهران · تهرانپارس غربی,,,تهرانپارس غربی,35.745541,51.544190,منطقه 4,east,standard,active,,osm,تهرانپارس غربی، خیابان بلوار شاهد,09363037786,,,9:00_22:00,coffee_shop
n5848131086,کافه عربی,,,,35.739246,51.495666,منطقه 4,east,standard,active,,osm,دکتر آیت,+982177213269,,,,
n6592797431,کافه عربی هشتگ,,,,35.741550,51.591100,منطقه 4,east,standard,active,,osm,بلوار بهار 131,+98 912 610 8387,,,,coffee_shop
n11295043079,کافه فُروارد,Forward Cafe,,,35.745376,51.453142,منطقه 4,center,standard,active,,osm,پنجم پلاک 5,,www.cafeforward.ir,,12:00 to 00:00,coffee_shop;pizza;burger;pasta;salad
n6088538885,کافه کارزین,Karzin Cafe,,,35.768796,51.462345,منطقه 4,north,standard,active,,osm,گلستان ۱,+98 21 2277 7961,,,Mo-Su 08:00-23:00,
n9241892625,کافه کرگدن /بیرون بر,RHINO CAFE  TAKE AWAY,,,35.768467,51.473779,منطقه 4,north,standard,active,,osm,هروی - حسین آباد، خیابان کاظم موسوی,+98 935 7974653,https://www.instagram.com/lidia.coffee/,,10:00-22:00,
n5347235322,کافه گلاریس,gelaris cafe,,,35.764714,51.458949,منطقه 4,center,standard,active,,osm,پاسداران - ضرابخانه، خیابان بوستان ۵,,,,,
n10723663242,کافه گیم استرونات,,,روژه سنتر,35.765959,51.480155,منطقه 4,north,standard,active,,osm,کاظم موسوی,,,,Mo-Su 10:00-24:00,
n13420399178,کافه گیم لونا,,,,35.745372,51.570020,منطقه 4,east,standard,active,,osm,خیابان زهدی پلاک ۸۴۶,02177323494,,,Mo-Su 07:00-24:00,
n6440416815,کافه لابار,labar Cafe,,تجاری موسسه رفاهی کشتیرانی,35.770177,51.492022,منطقه 4,north,standard,active,,osm,لویزان - شیان,,,,"Sa-Tu 08:00-23:30; We-Fr 00:00-02:30, 08:00-23:30",
n11581583991,کافه مهرا,,,,35.741005,51.493058,منطقه 4,east,standard,active,,osm,ضیایی,02177198523,,,,
n13284693689,کافه نان بروله (شعبه پاسداران),,,پاسداران,35.757339,51.456536,منطقه 4,center,standard,active,,osm,پاسداران - ضرابخانه، خیابان محسن کشوری,+982122883262,,,Mo-Su 09:00-21:00,
n6098485886,کافه نوبو,Nobo Cafe,,مرکز خرید پریس سنتر,35.769818,51.459731,منطقه 4,north,standard,active,,osm,پاسداران - ضرابخانه، خیابان مومن نژاد,,,,Mo-Su 08:00-22:30,
n7826063912,کافه نیوا,Niwa Cafe,,,35.770458,51.461636,منطقه 4,north,standard,active,,osm,فلاح زاده 345,+98 21 2279 7889,,,,
n12347811567,کافه یونیس,,,,35.756518,51.546046,منطقه 4,east,standard,active,,osm,گلستان یکم,09031912770,,,Mo-Su 10:00-22:00,کافه_/رستوران
n11688050118,لاریسا,Larisa Cafe Bakery,,,35.764123,51.463272,منطقه 4,east,standard,active,,osm,پاسداران - ضرابخانه، خیابان داوود اسلامی,,https://www.larisa.ir/,,Mo-Su 08:00-23:00,
n7592115226,وی کافه · پاسداران - ضرابخانه,,,پاسداران - ضرابخانه,35.766004,51.456344,منطقه 4,north,standard,active,,osm,پاسداران - ضرابخانه، خیابان پاسداران,+98 21 22796521,https://www.instagram.com/vcafe.tehran/,,9:00-23:30,
n7165552032,Cofe Milan ( کافه میلان ),,,,35.764342,51.273764,منطقه 5,west,standard,active,,osm,12 Emam,,,,24/7,coffee_shop
n6357854959,Coffee House,,Coffee House,,35.767835,51.289401,منطقه 5,north,standard,active,,osm,شهران شمالی، خیابان ذالک زاده,,,,,
n7328338290,Coffee Time,,Coffee Time,,35.770730,51.291441,منطقه 5,north,standard,active,,osm,شهران شمالی، خیابان هشتم غربی,,,,,coffee_shop
n12911367757,رادیو قهوه,,,,35.738727,51.307525,منطقه 5,west,standard,active,,osm,پیامبر غربی,,,,Mo-Su 10:00-23:00,
n8259410260,قهوه آرمون,,,,35.701664,51.313124,منطقه 5,west,standard,active,,osm,اکباتان، خیابان پروانه,+21. 44699016,https://instagram.com/ghahve_armoon,,Mo-Su 10:00-22:00,
n9673741780,قهوه آریا روناسیان,,,,35.710040,51.312783,منطقه 5,west,standard,active,,osm,علیزاده 18,+982144674226,https://aria-coffee.com/,,24/7,coffee_shop
n11014465623,قهوه الی شعبه ۳,,,۳,35.746162,51.304097,منطقه 5,west,standard,active,,osm,جنت‌ آباد جنوبی، خیابان هشتم غربی,,,,Sa-Th 08:00-22:30,
n11804385514,قهوه گورین,,,,35.739730,51.292180,منطقه 5,west,standard,active,,osm,محمد رسول زاده فرساد,09121028288,,,,
n12888442360,قهوه لموند,Le mondu coffee,,,35.739636,51.310360,منطقه 5,west,standard,active,,osm,جهاد اکبر,,,,Mo-Su 08:00-22:00,coffee_shop;coffee
n13271306985,قهوه واکا,,,,35.759926,51.334300,منطقه 5,west,standard,active,,osm,پونک، خیابان بلوار میرزابابایی,۰۹۱۲۳۲۲۶۰۹۲,,,07:00-23:00,
n11341249817,قهوه وانیلا,,,,35.741546,51.289241,منطقه 5,west,standard,active,,osm,شهید شربیانی,09122758679,,,06:00-23:00,
n9845966178,کافه  جیران,,,,35.761456,51.312744,منطقه 5,west,standard,active,,osm,شاهین - بصارتی 40,+982144897863,www.jrangroup.com,,Sa-Fr 07:00-22:00,coffee_shop
n8685130191,کافه الحمرا,,,مگا مال اکباتان,35.704820,51.308796,منطقه 5,west,standard,active,,osm,ذاکر حسینی,+982144634898,,,,
n12952404720,کافه ایران,,,,35.737484,51.311460,منطقه 5,west,standard,active,,osm,جنت‌ آباد جنوبی، خیابان مطهری,,https://coffeeiran.menusaz.com/,,Mo-Su 08:00-23:00,
n11021478056,کافه باتیس,Batis Cafe,,,35.736289,51.332626,منطقه 5,west,standard,active,,osm,پیامبر شرقی,+982144973583,,,,
n10023912152,کافه تیراژه,,,مرکز خرید تیراژه,35.748317,51.330886,منطقه 5,west,standard,active,,osm,باغ فیض، خیابان محمد مؤمن,,,,,
n14234226409,کافه دَم,,,,35.726992,51.306230,منطقه 5,west,standard,active,,osm,شهرک پرواز، خیابان پروانه شمالی,+2144102048,,,شنبه تا پنج شنبه ۶:۳۰ تا ۲۳:۳۰-جمعه ۸:۳۰ تا ۲۴,
n13306087013,کافه دوناتو نیایش مال,,,نیایش مال,35.764650,51.305926,منطقه 5,west,standard,active,,osm,رجب صلاحی,,,,,
w916321797,کافه رستوران دوراک,Durock Cafe & Restaurant,,,35.703774,51.305834,منطقه 5,west,standard,active,,osm,شهرک اکباتان فاز 2 بین بلوک 15 و 17 02144696963,+982144696962,https://instagram.com/cafedurock,,08:00 23:59,burger;pizza;asian;coffee_shop;sandwich;ice_cream;آب_میوه;سوخاری
n6371789069,کافه رستوران دیاکو,Diaco Cafe Restaurant,,,35.781327,51.335053,منطقه 5,north,standard,active,,osm,شهرک کوهسار، خیابان معین,,,,11:00-23:30,
n6527838585,کافه رستوران سالمبا,Restaurant&coffe salemba,,,35.725931,51.307076,منطقه 5,west,standard,active,,osm,بین ورزی و پروانه جنوبی ساختمان کارون طبقه همکف پلاک۴۴۶,44145353--55,,,Mo-Su 11:00-00:00,
n6482380968,کافه شاتو,Cafe Shato,,,35.760024,51.333758,منطقه 5,west,standard,active,,osm,پونک، خیابان بلوار میرزابابایی,+98 44 42 2772,,https://www.instagram.com/cafe_shato/?hl=en,,
n8685130192,کافه شمرون,,,مگا مال اکباتان,35.704738,51.308752,منطقه 5,west,standard,active,,osm,ذاکر حسینی,+982144642490,,,,
n12909557039,کافه فؤاد,,,,35.740119,51.310490,منطقه 5,west,standard,active,,osm,ششم,,,,Mo-Sa 08:00-22:00,
n13333611401,کافه کارآ,,,,35.741369,51.300197,منطقه 5,west,standard,active,,osm,آیت الله کاشانی، نبش 200 دستگاه ( ملاحسینی ) کوچه یکم 12,,,,,
n12223558492,کافه کالیا | Cafe Kalya,,,,35.751546,51.269401,منطقه 5,west,standard,active,,osm,اندیشه - جوانمردان، خیابان حسین مرادی,+989123775893,https://cafekalya.ir,,Mo-Su 08:00-00:00,coffee_shop;burger;sandwich;tea;salad;cake;juice;fries
n8257522023,کافه کرفت,,,,35.700807,51.313066,منطقه 5,west,standard,active,,osm,اکباتان، خیابان ورودی جنوبی بلوک A1,+98 9128948318,,,Mo-Su 10:00-22:00,burger
n7733536283,کافه کلاسیک اکباتان,,,,35.706351,51.315875,منطقه 5,west,standard,active,,osm,کوی بیمه، خیابان عبدالرحمان نفیسی,+98 9122268224,https://www.instagram.com/cafeclassic_ekbatan/,,,
n4909183121,کافه لایچى,Lychee cafe,,,35.738737,51.313542,منطقه 5,west,standard,active,,osm,بزرگراه ستاری,,,,,
n14051620253,کافه لونا,,,,35.769145,51.275936,منطقه 5,north,standard,active,,osm,بهاران، خیابان حاج شعبانعلی,,https://snapp.ir,,,coffee_shop;bakery;cake
n5895610785,کافه لیبرو,,,,35.774773,51.316946,منطقه 5,north,standard,active,,osm,شعرا,,http://www.ketabrane.ir,,Sa-Th 10:00-19:00,
n10023912153,کافه ملانژ,,,مرکز خرید تیراژه,35.748070,51.331199,منطقه 5,west,standard,active,,osm,باغ فیض، خیابان محمدرضا زمانی,,,,,
n11733398058,کافه نان و شیرینی سمفونی,,,,35.765615,51.288277,منطقه 5,north,standard,active,,osm,شهران شمالی، خیابان ذبیح‌اله نعمت الهی,,,,,cake;coffee
n14248283932,کافی نت شروبن,,,,35.739056,51.301877,منطقه 5,west,standard,active,,osm,سازمان برنامه شمالی، خیابان محمود محرابی,+989965151841,,,sa-fr8:30-20:00,
n10621276841,کلانا · جنت‌ آباد شمالی,,,جنت‌ آباد شمالی,35.775012,51.318855,منطقه 5,north,standard,active,,osm,جنت‌ آباد شمالی، خیابان اخلاص,+98 21 4481 7050,http://cluna.ir/,,,
n7869154163,کلبه,Kolbeh,,مرکز خرید بوستان,35.761189,51.335124,منطقه 5,west,standard,active,,osm,پونک، خیابان بزرگراه آیت الله اشرفی اصفهانی,,,,,
n13995277258,Aram Coffee Store,,,,35.718177,51.422671,منطقه 6,center,standard,active,,osm,"قائم‌مقام فراهانی No. 12,",02188308730,,,"7 days, 8 AM–9:30 PM",
n8524059586,BlackBox Cafe,,,,35.712393,51.419651,منطقه 6,center,standard,active,,osm,مهاجر,+98 21 8830 7786,,,,
n6284709290,Cafe 78,,,,35.711187,51.412849,منطقه 6,center,standard,active,,osm,خیابان استاد جعفر شهری,88919862 3,http://cafe78.com,,Mo-Su 09:00-00:00,
n13130535500,Daily Cafe دیلی کافه,,,,35.705190,51.390409,منطقه 6,center,standard,active,,osm,مرتضی طباطبایی 1122,+989391153010,https://www.instagram.com/daily__caffee,,,coffee_shop;cafe
n11618352143,Daily Coffee,,,,35.704214,51.386986,منطقه 6,center,standard,active,,osm,North Jamalzadeh 239,09129473217,,,,
n14203076525,LOYI,,,,35.717449,51.405671,منطقه 6,center,standard,active,,osm,یزدان 8,+989358184950,,,10 - 18,coffee_shop
n6536785586,Melli Café,,,,35.724822,51.403988,منطقه 6,center,standard,active,,osm,جهاد، خیابان ۱۰/۱,,,,,coffee_shop
n9375692455,merat coffee,,,,35.709628,51.389542,منطقه 6,center,standard,active,,osm,صدوقی,+98 922 303 5109,https://coffeeeshop.com/,,Mo-Su 09:00-21:00,pizza;american;coffee_shop;coffee;italian;ice_cream;cafe;cafetaria
n13247251771,Nuu Collective Cafe نوو کافه,,,,35.727170,51.414636,منطقه 6,center,standard,active,,osm,آیت الله بهشتی 476,+982188558074,,,Mo-Su 07:00-22:30,coffee_shop;sandwich;breakfast;dessert
n4542947489,آن,Ann,,,35.710866,51.405886,منطقه 6,center,standard,active,,osm,برادران مظفر,,,,,
n4554381719,آوانسن,,,,35.707360,51.391917,منطقه 6,center,standard,active,,osm,بلوار کشاورز,+982188982084,,,,
n7094039285,اگزیت,Exit,,,35.709799,51.403599,منطقه 6,center,standard,active,,osm,علیرضا حجت دوست,+98 21 8897 2972,,,Mo-Su 08:00-23:30,
n11414667522,بلر کافه,Beler Cafe,,,35.714718,51.417851,منطقه 6,center,standard,active,,osm,خيابان سپهبد قرنى، تقاطع پل كريمخان 201,+982188490519,https://belercafe.com,,,coffee_shop
n5516363121,بودابار,BUDABAR COFFEE,,,35.721425,51.394134,منطقه 6,center,standard,active,,osm,میدان فرشته,,,,,
n4077439329,پلاک ۸,,,,35.715820,51.420438,منطقه 6,center,standard,active,,osm,سنائی، خیابان حسینی,,,,,
n8779146506,خانه آپ,UP house,,,35.722780,51.416813,منطقه 6,center,standard,active,,osm,میرزای شیرازی - کوچه 19 17,+989382303871,https://www.instagram.com/up.coffee/,,Mo-Su 08:30-23:30,italian;sandwich;coffee
n12422706059,خانه کتاب اُرسا,,,,35.712533,51.419649,منطقه 6,center,standard,active,,osm,استاد حمید سمندریان 17,+982188491426,https://www.instagram.com/orsa.house?igsh=MW5ub3dlc3k3OHdudg==,,08:00-23:00,
n6142873682,خانه گدار,Godar House,,,35.706556,51.393730,منطقه 6,center,standard,active,,osm,دانشگاه تهران، خیابان پورسینا,,,,Mo-Su 11:00-23:30,
n13569670801,خانه هنر تمام ناتمام,,,,35.711221,51.412922,منطقه 6,center,standard,active,,osm,خیابان استاد جعفر شهری,+982188917734,,,Mo-Su 09:00-21:00,
n11391575028,خانواده قهوه استلا شعبه مطهری,,,مطهری,35.722368,51.423320,منطقه 6,center,standard,active,,osm,Motohari St 35,+982188862600,https://www.ptgiran.com,,Sa-Tu 09:00-21:00 Fr 09:00-21:00,coffee_shop;cake;dessert
n8635753268,دن کافه شعبه انقلاب,Don Cafe Enqelab,,انقلاب,35.704711,51.390804,منطقه 6,center,standard,active,,osm,کارگر شمالی,+989126961867,https://doncafe.ir/,,Sa-Fr 09:00-21:00,coffee_shop
n12492875926,دن کلاب مرکز DONCLUB central,,,,35.741500,51.403848,منطقه 6,center,standard,active,,osm,یوسف آباد، خیابان اسماعیلی,09205055059,,,14:00-02:00,
n12887009911,دوبار,,,,35.723066,51.417800,منطقه 6,center,standard,active,,osm,سنایی,,,,,breakfast
n6390523538,رد کافه,Rad Cafe,,,35.701481,51.411667,منطقه 6,center,standard,active,,osm,خیابان پل کالج,+98 21 6640 3414,https://www.instagram.com/rad.cafe/,,8:00-23:30,
n10132883310,سپید سیاه,Sepid Siah,,,35.704448,51.399146,منطقه 6,center,standard,active,,osm,دانشگاه تهران، خیابان وصال شیرازی,,,,,coffee_shop;pizza;sandwich
n11375244380,عمارت جهان کوچک من,,,,35.708027,51.420579,منطقه 6,center,standard,active,,osm,ایرانشهر,+982188300240,,jahanekoochakeman_emarat,Mo-Su 09:00-22:00,breakfast;burger;cake;coffee_shop;diner;tea
n9758060076,عمارت دیباچه,Dibacheh Mansion,,,35.707426,51.399376,منطقه 6,center,standard,active,,osm,دانشگاه تهران، خیابان ایتالیا,+98 930 9045190,https://www.instagram.com/dibacheh_mansion/,,09:00-23:00,
n8728833120,عمارت یار,Yar Mansion,,,35.705338,51.409509,منطقه 6,center,standard,active,,osm,41,+98 933 2672244,https://www.instagram.com/yar.mansion/,,09:00-22:00,
n11072547471,قهوه آرمن,,,,35.721694,51.413408,منطقه 6,center,standard,active,,osm,خیابان لارستان کوچه جلالیان,+982188807328,,,Sa-Fr 09:00-20:00,
n8259660169,قهوه ست,,,,35.719686,51.422407,منطقه 6,center,standard,active,,osm,سنائی، خیابان فجر,+2188305827,,,Mo-Su 10:00-22:00,
n9613493554,قهوه فیشرآباد,,,,35.712155,51.418104,منطقه 6,center,standard,active,,osm,ایرانشهر، خیابان دهقانی‌نیا (خسرو سابق),,https://www.instagram.com/fisherabadcoffee/,,Mo-Su 09:00-21:00,
n6971074786,قهوه مارکو,,,,35.701939,51.419759,منطقه 6,center,standard,active,,osm,میدان فردوسی - ظلع شمال شرقی - پاساژ ده,,,,"Mo-Su,PH 09:00-21:00",coffee_shop
n12084765642,قهوه ننجون,,,,35.744483,51.405068,منطقه 6,center,standard,active,,osm,سید جمال‌الدین اسدآبادی,02188067300,https://www.nanjuncoffee.com/,,Sa-Fr 09:00-21:00,
n5587351221,کافه آپ آرت مان,Up Art Maan Café,,,35.712994,51.418585,منطقه 6,center,standard,active,,osm,48,+98 21 88866722,https://www.instagram.com/cafe_upartmaan/,,12:00-23:30,
n11114867208,کافه آج,Cafe Aj,,,35.720485,51.414109,منطقه 6,center,standard,active,,osm,حسن عضدی,+982188928531,www.ajbakerycafe.ir,,08:00-22:00,coffee_shop
n4375716989,کافه آنسو,Ansoo Cafe,,,35.725318,51.411098,منطقه 6,center,standard,active,,osm,یوسف آباد، خیابان ابن سینا,+982188552090,https://ansoocafe.com/en/,,Mo-Su 08:30-23:30,ice_cream;tea;cake;persian;local;coffee_shop;pasta;noodles
n4423203389,کافه اسپریس,Cafe Espriss,,,35.713088,51.414776,منطقه 6,center,standard,active,,osm,نجات‌اللهی 257,+98 21 8891 4377,http://www.espriss.net,,Mo-Su 09:00-23:00,
n4637030195,کافه النا,Elena,,,35.739627,51.402706,منطقه 6,center,standard,active,,osm,یوسف آباد، خیابان چهل و نهم,,,,,
n4554366355,کافه انگرام,Engram Cafe,,,35.714717,51.405110,منطقه 6,center,standard,active,,osm,پرویز روشن,+982188391669,http://engramcaffe.ir/,,,pizza;burger;ice_cream;cake;juice;pasta;salad;coffee;tea
n4828588727,کافه اوریانت,Orient Café and Pastry Shop,,,35.702539,51.425884,منطقه 6,center,standard,active,,osm,مفتح شمالی,,,,,
n4554366716,کافه ایما,ima cafe,,,35.707437,51.390462,منطقه 6,center,standard,active,,osm,کارگر شمالی 1555,,,,,
n5702272023,کافه ایما · دانشگاه تهران,ima cafe,,دانشگاه تهران,35.701792,51.391283,منطقه 6,center,standard,active,,osm,دانشگاه تهران، خیابان محمدرضا برهانی,,,,,
n12061993850,کافه بابل,Babel Cafe,,,35.707717,51.397823,منطقه 6,center,standard,active,,osm,وصال شیرازی,+982186052604,,,,
n10711085454,کافه بداهه,,,,35.718235,51.420617,منطقه 6,center,standard,active,,osm,سنائی، خیابان خردمند ۱۰,+98 21 8831 3639,,https://instagram.com/cafe.bedahe,12:00-23:30,
n13027997264,کافه برف,Barf Cafe,,,35.712433,51.408937,منطقه 6,center,standard,active,,osm,شاهد 20,+982188903965,,barf_cafe_,Mo-Su 09:00-23:00,
n11375344965,کافه برگ,,,,35.725447,51.416965,منطقه 6,center,standard,active,,osm,آزادگان,‎+982188711341,,,Sa-Fa 09:00-23:00,
n12660873152,کافه بهمرسی,,,,35.724828,51.405971,منطقه 6,center,standard,active,,osm,یوسف آباد، خ چهلستون، بین دهم و دوازدهم، پلاک 51,099-66-096-926,https://qbar.ir/Behamreci,,Sat-Fr 07:30-22:30,cafe;coffee_shop;breakfast;cake;tacos;brunch;salad;juice;tea
n8123987315,کافه بوداپست 1932,,,,35.702364,51.405657,منطقه 6,center,standard,active,,osm,ولی عصر,+982166957438,https://budapest1932.ir,,Mo-Su 08:00-22:00,coffee_shop;breakfast;ice_cream
n4573967891,کافه پرک,Perk Cafe,,,35.724864,51.404912,منطقه 6,center,standard,active,,osm,بیستون,,,,,
n11059475548,کافه پریش,,,,35.701577,51.410316,منطقه 6,center,standard,active,,osm,انقلاب اسلامی 791,+9802166478624,https://zil.ink/cafe.parish,,08:00-23:00,pizza;coffee_shop;burger;asian;juice;pasta;cake;salad;chocolate;dessert;pancake
n6113747685,کافه تایپ,Type Café,,,35.713133,51.419107,منطقه 6,center,standard,active,,osm,ایرانشهر، خیابان ایرانشهر,,,,Su-Fr 08:00-23:30; Sa 17:00-23:30,
n4834254321,کافه تبلیغات,Tablighat Cafe,,,35.705617,51.423271,منطقه 6,center,standard,active,,osm,ایرانشهر، خیابان سمیه,,https://www.cafetablighat.com/,,Mo-Su 09:00-23:30,
n4573973189,کافه تو کافه,Cafe to cafe,,,35.729496,51.399282,منطقه 6,center,standard,active,,osm,محمدعلی جهان آرا,,,,,
n10591533697,کافه توشات,,,,35.707050,51.396415,منطقه 6,center,standard,active,,osm,کوچه امیرشاهی 7,,,,,
n4339505193,کافه جَز,Jazz Cafe,,,35.703600,51.402015,منطقه 6,center,standard,active,,osm,دانشگاه تهران، خیابان حکمت,+98 21 6617 5064,https://www.instagram.com/jazz___cafe/,,,
n6401938085,کافه حياط شماره ۶۵,No. 65 Yard Cafe,,,35.702836,51.421249,منطقه 6,center,standard,active,,osm,عباس موسوی 32,+98 21 8830 2842,,,Mo-Su 09:00-23:00,coffee_shop
n6312985385,کافه دالون,,,,35.704666,51.416259,منطقه 6,center,standard,active,,osm,یاس,,https://www.instagram.com/cafe.dalon,,Mo-Su 15:00-23:30,coffee_shop;pizza;abdoogh_khiar
n7299181469,کافه دایمند,Diamond Cafe,,,35.703557,51.415853,منطقه 6,center,standard,active,,osm,غلامحسین فلاح‌ پور استان تهران، تهران، منطقه ۶، خیابان فلاح پور، پلاک #33,,,,Sa-Fr 08:00-23:30,pizza;pasta;meals;coffee_shop;sandwich
n4740088624,کافه دایموند,Diamond Café,,,35.703518,51.415854,منطقه 6,center,standard,active,,osm,نجات‌اللهی,+98 21 8889 0196,,,Mo-Su 08:00-22:00,cake;breakfast
n9339747262,کافه دکتر کافی,doctor coffee cafe,,,35.720312,51.405008,منطقه 6,center,standard,active,,osm,بیستون میدان فاطمی,+98 21 8898 9745,,,,
n7004867326,کافه دَمَن,Cafe Daman,,,35.704981,51.415755,منطقه 6,center,standard,active,,osm,254,+98 937 4444 927,https://www.instagram.com/cafe_daman/,,8:00-23:30,
n7537859186,کافه دو-رِ-می,Do-Re-Mi Cafe,,,35.720806,51.412955,منطقه 6,center,standard,active,,osm,لارستان 11,0982188890341,,,,breakfast;burger;buschenschank;cake;chicken;coffee_shop
n8259641286,کافه دیپلمات,,,,35.721478,51.422835,منطقه 6,center,standard,active,,osm,سنائی، خیابان فجر,+2188305090,,,,coffee
n7142414268,کافه دیسفان,Thisfun Cafe,,,35.708991,51.413078,منطقه 6,center,standard,active,,osm,حسن عضدی,+98 21 8891 8896,,,09:00-23:59,pizza;regional;burger;coffee_shop;sandwich;kebab;ice_cream;international;fish_and_chips;vietnamese
n4834254322,کافه راتا,Rata Cafe',,,35.705551,51.422781,منطقه 6,center,standard,active,,osm,سمیه,+982186070025,,,Mo-Su 10:00-23:55,
n14228157451,کافه رَج,Raj Cafe,,,35.702905,51.417491,منطقه 6,center,standard,active,,osm,شاهرود,+989190088178,,,,coffee_shop
n13277475633,کافه رستوران آراکو,,,,35.711186,51.410040,منطقه 6,center,standard,active,,osm,خیابان ۴,+989120446595,,,Mo-Su 09:00-21:00,
n12006427520,کافه رستوران آنا,,,,35.702906,51.412832,منطقه 6,center,standard,active,,osm,بن بست حیات,09126837232,,,,
n7623304784,کافه رستوران دنج,,,,35.711428,51.404443,منطقه 6,center,standard,active,,osm,فلسطین شمالی پلاک431-طبقه 1,,,,Mo-Su 11:00-23:59,coffee_shop;pizza;burger;sandwich;french;ice_cream;steak_house
n13200190574,کافه رستوران عربی عتیق,,,,35.711840,51.417780,منطقه 6,center,standard,active,,osm,بالاتر از میدان فردوسی خیابان سپهبد قرنی رو به روی بیمارستان آپادانا,02188925674,https://softmenu.ir/menu/atigh,,Mo-Su 10:00-03:00,
n12278745907,کافه رستوران گابریل,,,,35.702615,51.402728,منطقه 6,center,standard,active,,osm,علی شریعتمداری,02166409035,https://www.instagram.com/gabrielcafe_r?igsh=bTNiajZ1bGJhbXdk,,Mo-Su 11:00-23:00,
n10591469681,کافه رستوران موون,,,,35.706739,51.394261,منطقه 6,center,standard,active,,osm,پورسینا 13,,,,,
n4352748197,کافه ریو,Riv Cafe,,,35.727568,51.407842,منطقه 6,center,standard,active,,osm,سید جمال الدین اسدآبادی,,,,,
n12960073044,کافه زولا خانه شاهین,,,,35.702867,51.415636,منطقه 6,center,standard,active,,osm,Nejatollahi Street,,https://zolacoffee.net,,,coffee_shop
n5034646323,کافه ژس,Jes cafe,,,35.711920,51.421627,منطقه 6,center,standard,active,,osm,نوشهر 3,,,,,
n14039880636,کافه ژیه,,,,35.702011,51.412576,منطقه 6,center,standard,active,,osm,البرز ۱ 342,+982166488531,https://sefareshfood.com/rest/zhie-cafe-teh,,08:00-22:00,coffee_shop;cafe
n5261847922,کافه سارا,Sara cafe,,,35.705439,51.406159,منطقه 6,center,standard,active,,osm,ولی عصر,,,,Sa-Th 08:00-22:00; Fr 14:00-22:30,
n7702893085,کافه سفال آنسو,Ansoo Cafe,,,35.710240,51.414217,منطقه 6,center,standard,active,,osm,11,+98 21 8880 3714,https://ansoocafe.com/,https://www.instagram.com/ansoocafe/,,
n5620520022,کافه سلین,Celine,,,35.718201,51.422993,منطقه 6,center,standard,active,,osm,سنائی، خیابان قائم‌مقام فراهانی,+98 21 8882 4017,,,Mo-Su 09:30-23:30,
n11775251787,کافه سنتی · کشاورز - پارک لاله,,,کشاورز - پارک لاله,35.713791,51.400684,منطقه 6,center,standard,active,,osm,علیرضا دائمی,,,,24/7,
n5352745221,کافه سه لت,3lat café,,,35.702050,51.412404,منطقه 6,center,standard,active,,osm,البرز ۱ 2/1,+982166498510,http://www.3latcafe.com,,Sa-We 10:00-22:30; Th-Fr 08:00-22:30,italian
n9931031859,کافه طافه,Café Tafé,Café Tafé کافه طافه,,35.719123,51.424561,منطقه 6,center,standard,active,,osm,مشاهیر 52,+982188813799,https://zil.ink/tafe,,Mo-Su 07:00-23:30,coffee_shop
n11343311661,کافه طُرّه,Torre Cafe,,,35.710646,51.422640,منطقه 6,center,standard,active,,osm,ممیز,+98218834 4235,,,"Mo-Fr, Su 09:00-00:00; Sa 16:00-00:00",
n14169783813,کافه عمارت مسینه,,,,35.703413,51.400643,منطقه 6,center,standard,active,,osm,بزرگمهر 69,021-66478000,,,8:00 - 23:00,cafe;pizza;coffee_shop;burger;tea;coffee
n4347705990,کافه قنادی ورتا,Vorta Café,,,35.701280,51.399727,منطقه 6,center,standard,active,,osm,انقلاب اسلامی,+982166475301,,,Sa-Th 08:00-21:00; Fr 15:00-21:00,
n4536683893,کافه کتاب,Ketab Café,,,35.702812,51.392334,منطقه 6,center,standard,active,,osm,ادوارد براون,,,,,
n8728785980,کافه کتاب نیکو,Cafe Nikou,,,35.709960,51.418954,منطقه 6,center,standard,active,,osm,ایرانشهر,+98 21 8881 5824,https://www.instagram.com/cafenikou/,,,
n14091680378,کافه کد ۳,,,,35.731826,51.411534,منطقه 6,center,standard,active,,osm,ولی عصر 2147,02188104210,,,Sat-thu 8am to 10:30pm fri-11am to 10:30 pm,coffee_shop
n8952002918,کافه گفتار,Goftar Café,,,35.724652,51.415728,منطقه 6,center,standard,active,,osm,نعیمی,,,,,
n7773625487,کافه گنبد,Gonbad Cafe,,,35.714064,51.418299,منطقه 6,center,standard,active,,osm,کافه گنبد 7,+98 21 88312120,https://www.instagram.com/gonbadhostel/,,12:00-24:00,
n4834227322,کافه گوشه,Gooshe cafe,,,35.705802,51.425819,منطقه 6,center,standard,active,,osm,ایرانشهر، خیابان مفتح جنوبی,,,,,
n9026655573,کافه گیک,Cafe Geek,,,35.716291,51.418001,منطقه 6,center,standard,active,,osm,سنائی، خیابان شهیده فاطمه فاتحی,+982188300805,,https://instagram.com/_cafegeek_,"Mo-Th, Sa, Su 16:00-00:00; Fr 12:00-00:00",
n4305413692,کافه لند,,,دو,35.749918,51.398202,منطقه 6,center,standard,active,,osm,والفجر، خیابان آقا علیخانی,,,,,
n8259622466,کافه لینت,,,,35.719217,51.421365,منطقه 6,center,standard,active,,osm,سنائی، خیابان سهیل,+2188307690,,,Mo-Su 11:00-21:00,coffee;sandwich
n11439479669,کافه مانا,mana cafe,,,35.707758,51.396901,منطقه 6,center,standard,active,,osm,وصال شیرازی,88996273,,cafemaana,Mo-Su 10:00-23:00,cake;coffee_shop;sandwich;tea
n14206679441,کافه مودندو,,,,35.741107,51.405176,منطقه 6,center,standard,active,,osm,سید جمال‌الدین اسدآبادی 410,+989124909056,,,"Sun-Fr,8:00-24:00",pizza;burger;coffee_shop;sandwich;american;breakfast;cake;pasta;tea;coffee;dessert
n9026556090,کافه موزه آمیتیس,,,,35.717115,51.420396,منطقه 6,center,standard,active,,osm,سنائی، خیابان اعرابی شرقی,+989121201907,www.amitismuseum.com,,Mo-Su 10:00-22:00,
n10852876184,کافه مونولوگ,,,,35.701578,51.413332,منطقه 6,center,standard,active,,osm,پل کالج 709,,,,,
n4423102291,کافه نزدیک,Cafe Nazdik,,,35.715185,51.419683,منطقه 6,center,standard,active,,osm,کریم خان زند 134,+98 21 8849 0726,https://nazdikcafes.com/,,Mo-Su 10:00-23:00,burger;coffee_shop;persian;sandwich;tapas
n6958060258,کافه نفس,Nafas Cafe,,,35.701549,51.400447,منطقه 6,center,standard,active,,osm,وصال شیرازی,+98 21 6697 8043,,,Mo-Su 08:00-23:30,chicken;diner;italian;sandwich;coffee_shop;ice_cream;tea;burger;cake;turkish;pastabreakfast;grill
n4940409822,کافه نقش وصال,Naqsh Vesal Cafe,,,35.708073,51.397267,منطقه 6,center,standard,active,,osm,وصال شیرازی,+982188963578,,,Sa-Th 08:30-23:00; Fr 15:00-23:00,
n4796427721,کافه هنر,Honar Cafe,,,35.701866,51.398807,منطقه 6,center,standard,active,,osm,اسکو,,,,,
n5499264922,کافه والرین,Valerian cafe’,,,35.749911,51.398137,منطقه 6,center,standard,active,,osm,آقا علیخانی,,,,,
n13174010805,کافه ولا,,,,35.719068,51.424585,منطقه 6,center,standard,active,,osm,مشاهیر 52,+982188844673,instagram.com/vela__cafe,,sat-fr 8:00-24:00,coffee_shop
n8259482801,کانتینر,,,,35.729791,51.415267,منطقه 6,center,standard,active,,osm,ساعی، خیابان شهید نصرالله,+21 8723 4000,,,Mo-Su 07:30-22:00,
n4518012989,لیبرا,lybra,,,35.704907,51.405966,منطقه 6,center,standard,active,,osm,Valiasr St,+982166480710,,,,
n13327559497,مادوتا,,,,35.722330,51.409001,منطقه 6,center,standard,active,,osm,تهران، خیابان وليعصر، بالاتر از فاطمي 1643987654,+98021 8897 7034,https://qbar.ir/MaDotacafe,,24/7,coffee_shop
n7822035435,محفل جانان,,,,35.702942,51.422616,منطقه 6,center,standard,active,,osm,علی اکبر محمدآقا 27,,,,10:00-22:00,coffee_shop
n6931006912,هتریک کافه,,,,35.723820,51.405006,منطقه 6,center,standard,active,,osm,فتحی شقاقی 32,,,,,coffee_shop
n12115949611,وِم کافه,Vem Cafe,,,35.713489,51.423489,منطقه 6,center,standard,active,,osm,ابهری 30,,instagram.com/vem_cafe_,,,coffee_shop
n4358708890,پروانه,Parvaneh,,,35.733759,51.445156,منطقه 7,center,standard,active,,osm,شریعتی,+98 218 8519553,,,,persian
n8728821504,خانه فرهنگ و غذای هور,,,,35.715824,51.426693,منطقه 7,center,standard,active,,osm,مانی 75,+98 21 88822288,https://www.instagram.com/hoorfamily/,,09:00-21:00,
n6377319785,سین کافه,Seen Café,,,35.736993,51.432703,منطقه 7,center,standard,active,,osm,محمدرضا عشقیار 46,+98 21 88757329,https://seen.coffee/,,Mo-Su 07:00-23:55,breakfast;cake;coffee_shop;crepe;diner;ice_cream;persian;sandwich;tea
n11085369980,قهوه آفر شعبه مرکزی,,,مرکزی,35.719079,51.450549,منطقه 7,center,standard,active,,osm,خ شیخ صفی،کوچه چهل و پنجم 555,09902332926,https://www.offercoffee.ir,,Mo-Su 09:00-21:00,coffee_shop
n14220093560,قهوه سبز - Green Coffee,,,,35.710473,51.458783,منطقه 7,center,standard,active,,osm,علیرضا فتحنایی 179,02177582442,https://menu.greenix.ir/%DA%A9%D9%87%D9%86/,,Mo-St 08:00-22:00,
n8928352066,کافه امجدیه,,,,35.708969,51.429292,منطقه 7,center,standard,active,,osm,سلماسی,+98 21 88 303 947,https://instagram.com/amjadieh_cafe,,Su-Fr 10:00-22:00,
w233394791,کافه پارک,Cafe Park,,,35.738222,51.445190,منطقه 7,center,standard,active,,osm,نیلوفر، خیابان ورودی اصلی,,,,,
w1201658078,کافه پُز,,,,35.728021,51.442327,منطقه 7,center,standard,active,,osm,عباس میرزا 5 اندیشه,009802188422121,,,8:00 23:30,
n4104795991,کافه پنیر,,,,35.727655,51.431999,منطقه 7,center,standard,active,,osm,علی اکبری,,,,,
n13246650466,کافه دکان گل,,,,35.719938,51.429301,منطقه 7,center,standard,active,,osm,ملایری پور غربی 103,02188310836,,,08:00-23:00,coffee_shop;sandwich
n8726087935,کافه رستوران نوبو,Nobu Cafe Restaurant,,,35.741985,51.444197,منطقه 7,center,standard,active,,osm,میرمطهری 90,+98 912 940 0408,,,10:00-24:00,coffee_shop
n5643481022,کافه سی‌نود,Cafe synod,,,35.724268,51.433817,منطقه 7,center,standard,active,,osm,سهروردی - باغ صبا، خیابان آیت الله مطهری,+98 21 8886 7931,https://www.instagram.com/synod.cafe/,,12:00-23:00,
n7477296586,کافه صحرا,Cafe Sahra,,,35.707765,51.434471,منطقه 7,center,standard,active,,osm,عقیقه‌چی اول,09212293218,https://www.instagram.com/cafe.sahra/,,Mo-Su 11:30-22:00,persian
n4591875290,کافه عربی ملک سبا,Malek saba Arabian cafe,,,35.710221,51.445898,منطقه 7,center,standard,active,,osm,خواجه نظام الملک، خیابان عزیز آبادی فراهانی,,,,Mo-Su 12:00-00:00,
n12966713628,کافه عربی مهیار,,,,35.706233,51.433663,منطقه 7,center,standard,active,,osm,خواجه نصیر، خیابان طالقانی,09121487058,,,08:00-24:00,
n10297690730,کافه عمارت بهشت,Emarat-e Behesht,,,35.712054,51.429901,منطقه 7,center,standard,active,,osm,بهشت,+982188820002,https://emaratbehesht.ir/,,Mo-Sa 08:00-23:00,pizza;coffee_shop;burger;italian;salad;cake;coffee
n13275416454,کافه قلیون علی بی,,,,35.721057,51.427822,منطقه 7,center,standard,active,,osm,مشیری پ 2,09360095862,,,Mo-Su 09:00-23:00,
n4393737489,کافه کمی قرمز,A LITTLE BIT OF RED,,,35.724057,51.448714,منطقه 7,center,standard,active,,osm,پلیس,+98 9361332030,,https://www.instagram.com/a_little_bit_of_red,Mo-Su 08:00-23:55,barbecue;burger;cake;chicken;coffee_shop;crepe;diner;beef_bowl;breakfast;ice_cream;italian;italian_pizza;international;kebab;noodles;mexican;pasta;pancake;persian;pizza;sandwich;sausage;steak_house
n12386191898,کافه کوچه · خواجه نظام الملک,,,خواجه نظام الملک,35.715579,51.453988,منطقه 7,center,standard,active,,osm,محمود رجایی انارکی,,,,,coffee_shop
n11120435038,کافه کول باکس,Cafe Coolbox,,,35.737671,51.432450,منطقه 7,center,standard,active,,osm,نیلوفر، خیابان میدان نیلوفر,,,https://www.instagram.com/cafe.coolbox/,,
n6390499012,کافه کیمیا,Kimiya Cafe,,,35.723018,51.431470,منطقه 7,center,standard,active,,osm,سهروردی - باغ صبا، خیابان مسجد,+98 21 8831 5838,,,10:00-23:30,
n11192899925,کافه گالری‌دوست,,,,35.736702,51.432363,منطقه 7,center,standard,active,,osm,محمدرضا عشقیار,09216079123,,,10:00-23:00,
n9477210251,کافه گلزار,Golzar Cafe,,,35.721492,51.430840,منطقه 7,center,standard,active,,osm,گلزار 6,+982188865370,,,09:00-24:00,coffee_shop
n6310974228,کافه لقانطه,Cafe Loghanteh,,,35.722950,51.448637,منطقه 7,center,standard,active,,osm,انتهای خیابان مطهری، بعد از تقاطع خیابان شریعتی، باغ موزه قصر,+98 21 8844 2299,https://www.instagram.com/cafe.loghanteh/,,Su-Fr 08:00-23:00,coffee_shop
n6457274251,کافه مهربان,,,,35.702169,51.441085,منطقه 7,center,standard,active,,osm,خیابان انقلاب، نرسیده به پل چوبی، تقاطع خیابان انقلاب و نامجو شمال(گرگان)، مجتمع فرهنگی امام رضا(ع),+98 21 7763 9766,,,,
n5108031322,کافه نور,Noor Cafe,,,35.718647,51.428504,منطقه 7,center,standard,active,,osm,شاهرخ 16,+98 21 8831 3344,,,Mo-Su 07:00-23:00,
n13022656683,کافه نیوان,Nivan Cafe,,,35.740153,51.446381,منطقه 7,center,standard,active,,osm,دبستان، خیابان شریعتی,,,,,
n6832336078,کافی شاپ هتل پرشین پلازا,persian plaza coffee shop,,,35.728515,51.439583,منطقه 7,center,standard,active,,osm,میرزایی زینالی 42,,,,24/7,coffee_shop;pizza;ice_cream;turkish;fish_and_chips;burger;kebab;international
n14230084796,بوبو تهرانپارس,bobo tehranpars,bobo,,35.730470,51.527303,منطقه 8,east,standard,active,,osm,بلوار آیت الله خوشوقت بین خ ۱۵۴ و ۱۵۶شرقی ۱۲۱,09122845811,,,شنبه تا جمعه  ۱۰:۰۰ ـ ۲۴:۰۰,coffee_shop;ice_cream;bubble_tea;cake
n13069057458,قهوه آدنیس,,,,35.729297,51.501379,منطقه 8,east,standard,active,,osm,دردشت، خیابان جانبازان شرقی,02177958679,,,07:00-23:00,
n10939543154,قهوه سیتو شعبه دردشت,,,دردشت,35.727439,51.502526,منطقه 8,east,standard,active,,osm,نارمک جنوبی، دردشت جنوبی,09120768766,,,Sa-Fr 08:30-23:00,
n12172499901,قهوه لبخند,,,مرکز خرید رضا,35.732387,51.518648,منطقه 8,east,standard,active,,osm,تهران پارس، خیابان بزرگراه شهید سلیمانی,,,,,
n7741522469,کافه بلوط,Cafe Baloot,,مرکز خرید سپید,35.726239,51.526547,منطقه 8,east,standard,active,,osm,فلکه اول تهرانپارس - خیابان ۱۴۲ شرقی ( برادران قانع ) - پلاک ۲۴,+9877712870,,,Mo-Su 10:30-22:30,coffee_shop;ice_cream;milk_shake;smoothie;mocktail
n4497064532,کافه ترافیک,Traffic Cafe,,,35.732325,51.485182,منطقه 8,east,standard,active,,osm,فدک، خیابان گلستان,,https://www.instagram.com/traffic.cafe/,,Sa-Th 15:30-22:30; Fr 15:30-21:00,coffee_shop
n11651965235,کافه دیزلت,,,,35.720586,51.487327,منطقه 8,east,standard,active,,osm,بلوار شهید ثانی,09122469552,,,,
n8495228649,کافه رستوران ایتالیایی کاسا دل شف,Casa delchef,,,35.726275,51.523988,منطقه 8,east,standard,active,,osm,تهران پارس، خیابان امیری طائمه,+98 21 7773 6003,https://www.instagram.com/casa_delchef/,,9:00-23:00,
n7197435058,کافه قهوه دیدار,,,,35.725937,51.493297,منطقه 8,east,standard,active,,osm,جلال حاجی صادقی,,,,10:00-22:00,coffee_shop;tea
n13173173676,کافه لوف,,,,35.732906,51.494699,منطقه 8,east,standard,active,,osm,کیانی ثابت 38,00989912312362,,,09:00-23:00,pizza;coffee_shop;sandwich;breakfast;tea;cake;diner
n8264777914,کافه لیدوپلاس,LidoPlus Cafe,,,35.729435,51.492587,منطقه 8,east,standard,active,,osm,میدان نبوت، خیابان عظیمی نیا,+982177942336,https://instagram.com/lidopluss,,Mo-Su 08:00-22:00,
n12541158713,کافه ماهان,,,,35.719213,51.468823,منطقه 8,east,standard,active,,osm,شجاع الدین داوودی (وحیدیه),+989193143547,,,,
n13971332525,کافه همیشگی,,,,35.724390,51.492865,منطقه 8,east,standard,active,,osm,مدائن، خیابان گلستانی,+989120157914,,https://www.instagram.com/cafehamishegie,Mo-Su 09:00-00:00,coffee_shop;breakfast
n14167828065,کافه و تیست | Ve Taste,,,,35.729978,51.494368,منطقه 8,east,standard,active,,osm,میدان نبوت پلاک ۴۲,+982177970017,,,08:30-23:30,pizza;burger;coffee_shop;sandwich;italian;french;breakfast;pasta;cake;salad;tea;dessert;diner;bistro
n11520238351,های کافی,hi coffee,,,35.719629,51.491539,منطقه 8,east,standard,active,,osm,دکتر آیت 210,,,,09:00-22:00,coffee_shop
n13152124365,به لی,,,,35.676792,51.349048,منطقه 9,south,standard,active,,osm,جی خیابان برادران فلاح ۱۳ متری حاجیان ۴۵۲,09335061723,,,08:00-22:00,
n11597857598,کافه بال,Cafebal,,,35.668033,51.333567,منطقه 9,south,standard,active,,osm,سرآسیاب - مهرآباد، خیابان گلچینی,,https://cafebal.ir/,,,
n12465178345,کافه جی,,,,35.696951,51.348223,منطقه 9,west,standard,active,,osm,۲۱ متری جی,02166047512,,,Mo-Su 08:00-22:00,
n6295927411,Cafamoon,,,,35.799349,51.392189,منطقه 1,north,minor,hidden,inside_institution: university دانشگاه شهید بهشتی تهران,osm,,,,,07:30-17:00,coffee_shop
n7030162383,Shisha Lounge,,,,35.795559,51.441701,منطقه 1,north,minor,hidden,not_a_cafe_by_name,osm,,+98 212 645 8693,,,,
n11478353949,بن آیس طبیعی باش (آواسنتر),Cafe BenIce,,آواپلت,35.805028,51.476544,منطقه 1,north,minor,hidden,not_a_cafe_by_name,osm,,,https://avaplatt.com/fnb/%d8%a8%d9%86-%d8%a2%db%8c%d8%b3/,,,
n4870016521,سفره خانه آتش,,,,35.804322,51.427274,منطقه 1,north,minor,hidden,not_a_cafe_by_name,osm,,,,,,
n11350406027,سفره خانه سنتی باغچه شمرون,,,,35.804039,51.534588,منطقه 1,north,minor,hidden,not_a_cafe_by_name,osm,شهید سوهانی,09192546820,,,,
n8330676250,کافه باقلوای ترکی تک سین,,"تک سین , علی کنتیا",,35.805269,51.434252,منطقه 1,north,minor,hidden,not_a_cafe_by_name,osm,دربند خیابان شريعتي، ميدان قدس، ابتداي خيابان دربند، پلاك ١٩,+98 21 22710383,https://takseen-baklava.com,,Mo-Su 10:00-22:00,regional;coffee_shop
n8330701522,کافه باقلوای ترکی تک سین · منطقه 1,,"تک سین , علی کنتیا",,35.814321,51.459689,منطقه 1,north,minor,hidden,not_a_cafe_by_name,osm,جماران نياوران، جماران، جم سنتر،طبقه همكف,+98 21 40227365,https://takseen-baklava.com,,Mo-Su 10:00-22:00,regional;coffee_shop
n6293438720,کافه کتاب بهشت,,,,35.797597,51.394855,منطقه 1,north,minor,hidden,inside_institution: university دانشگاه شهید بهشتی تهران,osm,,,,,,
n11407449592,کافه نیکان,,,,35.800193,51.489621,منطقه 1,north,minor,hidden,inside_institution: hospital بیمارستان نیکان,osm,,,,,,
n4965993197,کافه هوکا,Cafe Hooka,,,35.795879,51.443938,منطقه 1,north,minor,hidden,not_a_cafe_by_name,osm,,,,,,
n7173757385,نان استاپ,Nonstop,,,35.811053,51.430903,منطقه 1,north,minor,hidden,not_a_cafe_by_name,osm,برادران فناخسرو,,,,,
n14099580445,چایخانه حضرت رضا · منطقه 10,,,,35.700070,51.365190,منطقه 10,west,minor,hidden,not_a_cafe_by_name,osm,,,,,,
n747884667,ویتامینه بهار ترافیک,Bahar Traffic,,,35.700151,51.377944,منطقه 10,west,minor,hidden,not_a_cafe_by_name,osm,نواب صفوی,,,,,
n13575203879,املت مشتی,,,,35.698267,51.400179,منطقه 11,center,minor,hidden,not_a_cafe_by_name,osm,ابوریحان، نبش روانمهر,,,,,coffee_shop;املت;میرزاقاسمی;نیمرو;tea
n12025402104,سفره خانه ایرانیان,,,,35.696658,51.391848,منطقه 11,center,minor,hidden,not_a_cafe_by_name,osm,,,,,,
n5317752792,ویتامینه علی بابا,,,,35.676391,51.408011,منطقه 11,south,minor,hidden,not_a_cafe_by_name,osm,,,,,,
n11917461524,چایخانه آراز,,,,35.660725,51.405452,منطقه 12,south,minor,hidden,not_a_cafe_by_name,osm,وحدت اسلامی,,,,,coffee_shop
n12079762740,چایخانِه دوستان,,,,35.673475,51.439944,منطقه 12,south,minor,hidden,not_a_cafe_by_name,osm,,,,,,coffee_shop
n11715802430,فروشگاه نسکافه آنلاین,,,,35.663974,51.414771,منطقه 12,south,minor,hidden,not_a_cafe_by_name,osm,آهن فروشان,09127439496,,,,
n12140477800,قهوه خانه,,,,35.701329,51.425752,منطقه 12,center,minor,hidden,not_a_cafe_by_name,osm,,,,,,
n6587440448,قهوه خانه فردوسی,,,,35.700100,51.419006,منطقه 12,center,minor,hidden,not_a_cafe_by_name,osm,گل پرور,,,,,persian
n6295580285,چایخانه خلیج فارس,,,,35.691884,51.476163,منطقه 13,east,minor,hidden,not_a_cafe_by_name,osm,,,,,,
n8330551066,کافه باقلوای ترکی علی کنتیا,,"علی کنتیا, تک سین",,35.696660,51.487859,منطقه 13,east,minor,hidden,not_a_cafe_by_name,osm,پنجم نیروی هوایی بین فلکه اول و دوم، روبروی بانک صادرات ، پلاک ۱۴۳,+98 21 77479753,https://takseen-baklava.com,,Mo-Su 09:00-24:00,regional;coffee_shop
n12732753755,کافه فست فود آمیتیس,,,,35.697863,51.485931,منطقه 13,east,minor,hidden,not_a_cafe_by_name,osm,,+982177488004,,,,
n11104217999,سفره خانه آدیش,,,,35.685346,51.491147,منطقه 14,east,minor,hidden,not_a_cafe_by_name,osm,,,,,,
n12864364043,قهوه خانه بزرگ آقا,,,,35.687402,51.481071,منطقه 14,east,minor,hidden,not_a_cafe_by_name,osm,محمدباقر داود آبادی,09367391730,,,Mo-Su 07:00-24:00,
w669584702,قهوه خانه دیاکو,Diako Hookah Bar,,,35.686437,51.447259,منطقه 14,center,minor,hidden,not_a_cafe_by_name,osm,هفده شهریور,,,,,
n12094851147,کافه بیکری و پیتزا داوین,,,,35.661079,51.487513,منطقه 14,south,minor,hidden,not_a_cafe_by_name,osm,,02133820338,,,08:00-24:00,
n10827392566,کافه خرما,,,,35.675702,51.477985,منطقه 14,south,minor,hidden,inside_institution: university دانشگاه علمی کاربردی محمد رسول الله (ص),osm,,,,,,
n4353445389,سفره خانه سنتی نار و نی,Nar o ney cafe,,,35.631525,51.418220,منطقه 16,south,minor,hidden,not_a_cafe_by_name,osm,,,,,,
n9345304229,کافه ویتامینه بوی سیب,,,,35.635125,51.421236,منطقه 16,south,minor,hidden,not_a_cafe_by_name,osm,,,,,,coffee_shop
n14177387794,لوازم قهوه حیدری,,,پاساژنورتهران,35.657578,51.428258,منطقه 16,south,minor,hidden,not_a_cafe_by_name,osm,دشتبان زاده,+982155082039,,,,
n12908914880,ویتامینه سندباد,,,,35.635263,51.410263,منطقه 16,south,minor,hidden,not_a_cafe_by_name,osm,,,,,,
n10286560048,دربند کوچولو رضا,,,,35.657796,51.362273,منطقه 17,south,minor,hidden,not_a_cafe_by_name,osm,میدان ابوذر,,,,,لواشک;آلوچه;لبو;باقالی
n13192089945,سفره خانه حس خوب,,,,35.664771,51.358312,منطقه 17,south,minor,hidden,not_a_cafe_by_name,osm,تهران ، خیابان شهید رضا کریمی نژاد، خیابان امامزاده حسن )امین الملک ،پاساژ پورهنگ ، پلاک 310 ،طبقه اول,+989354929245,,,Mo-Su 08:00-23:00,
n12738775020,سفره خانه محفل,,,,35.639345,51.359810,منطقه 17,south,minor,hidden,not_a_cafe_by_name,osm,تهران منطقه 17 زمزم خیابان غلامرضایی نبش کوچه 19 پلاک 167,02155836470,,,,
n13240932048,فروشگاه امین,,,,35.656928,51.341652,منطقه 18,south,minor,hidden,not_a_cafe_by_name,osm,موسی رضا بنایی 28,,,,,
n12121983030,قهوه خانه‌ی شب های ولایت,,,,35.639575,51.376196,منطقه 19,south,minor,hidden,not_a_cafe_by_name,osm,,‎09128480374,,,08:30-24:00,coffee_shop
n6920882526,آبمیوه ما ٢ تا,,,,35.754302,51.371353,منطقه 2,west,minor,hidden,not_a_cafe_by_name,osm,,,,,,
n3851341059,بن ایس,Ben Ice,,,35.771125,51.379686,منطقه 2,north,minor,hidden,not_a_cafe_by_name,osm,,,,,,ice_cream
n5958829944,بوفه دانشجویی دانشگاه امام صادق,,,,35.769454,51.380461,منطقه 2,north,minor,hidden,not_a_cafe_by_name,osm,,,,,,
n13119077701,جگرکی کبابی حبیبی,Habibi Barbecued,,,35.786691,51.372834,منطقه 2,north,minor,hidden,not_a_cafe_by_name,osm,امیرحسین جمشیدی,021 2208 2008,,habibi_barbecued,Mo-Su 11:00-02:00,persian
n13261351171,چایخانه و صبحانه سرای کاج,,,,35.708093,51.375408,منطقه 2,west,minor,hidden,not_a_cafe_by_name,osm,,09124106791,,,06:00-01:00,
n9944909880,سفره خانه شبهای دریا,,,,35.770185,51.361403,منطقه 2,north,minor,hidden,not_a_cafe_by_name,osm,,,,,,
n11969132557,فست فود سيب بال,,,,35.707660,51.375317,منطقه 2,west,minor,hidden,not_a_cafe_by_name,osm,ستارخان,02166434408,,,,
n8330687488,کافه باقلوای ترکی تک سین · منطقه 2,,"تک سین ,  علی کنتیا",,35.728600,51.379012,منطقه 2,west,minor,hidden,not_a_cafe_by_name,osm,کوی نصر كوي نصر (گيشا) ،بين خيابان پنجم وهفتم، پلاك ٩٠,+98 21 88288393,https://takseen-baklava.com,,Mo-Su 10:00-22:00,regional;coffee_shop
n8330741268,کافه باقلوای ترکی تک سین · منطقه 2 · شعبه 2,,,2,35.721854,51.335999,منطقه 2,west,minor,hidden,not_a_cafe_by_name,osm,فلکه دوم صادقیه فلکه دوم صادقیه، برج گلدیس، طبقه همکف، روبروی اطلاعات، باقلوا تک سین,+98 21 44254583,https://takseen-baklava.com,,Mo-Su 10:00-22:00,regional;coffee_shop
n8330742368,کافه باقلوای ترکی تک سین · منطقه 2 · شعبه 3,,"تک سین , علی کنتیا",3,35.770925,51.356050,منطقه 2,north,minor,hidden,not_a_cafe_by_name,osm,خیابان شهید محمود فخارمقدم شهرك غرب، بلوار دادمان، فخار مقدم، پلاك ٧٢، جنب پاركينگ مركز خريد آرن,+98 21 22362809,https://takseen-baklava.com,,Mo-Su 10:00-22:00,regional;coffee_shop
n5958829931,کافه دانشجویی دانشگاه امام صادق,,,,35.766224,51.382106,منطقه 2,north,minor,hidden,inside_institution: relation_member دانشگاه امام صادق,osm,,,,,,regional;pizza
n11118905791,کافه فست فود دلا,,,,35.767591,51.375238,منطقه 2,north,minor,hidden,not_a_cafe_by_name,osm,,,,,,
n9944699662,کافه لواشک گیلانار,,,مجتمع تجاری میلاد نور,35.753041,51.362479,منطقه 2,west,minor,hidden,not_a_cafe_by_name,osm,,,,,,
n12714063718,بستنی موسوی2,,,,35.589433,51.437721,منطقه 20,south,minor,hidden,not_a_cafe_by_name,osm,خیابان حرم، کوچه اعتمادی 6,+982155912662,,,08:00-22:00,ice_cream;coffee_shop;juice;dessert;persian
n8330739406,کافه باقلوای ترکی علی کنتیا · مجموعه فروشگاه و مرکز خرید نجم خاورمیانه,,,مجموعه فروشگاه و مرکز خرید نجم خاورمیانه,35.617783,51.436910,منطقه 20,south,minor,hidden,not_a_cafe_by_name,osm,بلوار فداییان اسلام بزرگراه آزادگان شرق، فداییان اسلام جنوب، هایپر استار نجم خاورمیانه، باقلوا علی کنتیا,,https://takseen-baklava.com,,,regional;coffee_shop
n5357247108,Hashtak Donut,,,,35.758320,51.402580,منطقه 3,center,minor,hidden,not_a_cafe_by_name,osm,,,,,,donut
n11690026659,باقلوا تک سین ملاصدرا,,takseen,,35.762417,51.399427,منطقه 3,center,minor,hidden,not_a_cafe_by_name,osm,دانشور شرقی 7,+982188041118,,,evryday 09:30-23:30,coffee_shop
n11165333171,بن آیس (طبیعی باش),Ben Ice,,,35.766969,51.399572,منطقه 3,north,minor,hidden,not_a_cafe_by_name,osm,,,https://benicejuice.com/,,08:00-23:30,vietnamese
n4003341075,بوفه,Buffet,,,35.790980,51.400404,منطقه 3,north,minor,hidden,not_a_cafe_by_name,osm,,,,,,
w397546049,بوفه · منطقه 3,,,,35.788854,51.397251,منطقه 3,north,minor,hidden,not_a_cafe_by_name,osm,,,,,,sandwich
w397546051,بوفه · منطقه 3 · شعبه 2,Buffet,,2,35.788714,51.401832,منطقه 3,north,minor,hidden,not_a_cafe_by_name,osm,,,,,,
n12474222725,دوناتو,Donutto,,,35.776978,51.458903,منطقه 3,north,minor,hidden,not_a_cafe_by_name,osm,,,https://donutto.cafe/branches/d-pasdaran/s,https://www.instagram.com/donutto.cafe,08:30-22:30,
n8330644310,کافه باقلوای ترکی علی کنتیا · منطقه 3,,"علی کنتیا, تک سین",,35.760147,51.433754,منطقه 3,center,minor,hidden,not_a_cafe_by_name,osm,میرداماد جنب درب شمالی مترو میرداماد، روبروی بانک مرکزی، مجتمع تجاری رز، طبقه همکف، روبروی درب مترو,+98 21 26645245,https://takseen-baklava.com,,Mo-Su 10:00-22:00,regional;coffee_shop
w222657688,مجموعهٔ پذیرایی آکو,AQU Fast Food,,,35.779107,51.409243,منطقه 3,north,minor,hidden,not_a_cafe_by_name,osm,"Valiasr Street, Mellat Park Besides Lake",+982122017456,,,,pizza
w1463684839,بوفهٔ پردیس رضایی‌نژاد,,,,35.750516,51.563790,منطقه 4,east,minor,hidden,inside_institution: university پردیس شهید رضایی‌نژاد دانشگاه صنعتی خواجه نصیرالدین طوسی,osm,,,,,,coffee_shop;breakfast
n12889163939,چایخانه سنتی امیران,,,,35.742228,51.468365,منطقه 4,east,minor,hidden,not_a_cafe_by_name,osm,,+989125870848,,,,bubble_tea
n9757867617,رویال هوکا,,,,35.772512,51.462764,منطقه 4,north,minor,hidden,not_a_cafe_by_name,osm,,,,,,
n4714001989,قهوه خانه حبیب,,,,35.739470,51.597434,منطقه 4,east,minor,hidden,not_a_cafe_by_name,osm,,,,,,
n12649630277,قهوه خانه و چایخانه نخل,,,,35.745013,51.544305,منطقه 4,east,minor,hidden,not_a_cafe_by_name,osm,بلوار شاهد,02177323987,,,Mo-Su 08:00-24:00,coffee_shop
n4713978495,قهوه خانه یاسین,,,,35.736672,51.599512,منطقه 4,east,minor,hidden,not_a_cafe_by_name,osm,,,,,,
n7269711104,كافه رستوران هوكاجى,HookahG Cafe,,,35.761967,51.459712,منطقه 4,center,minor,hidden,not_a_cafe_by_name,osm,گیلان غربی,+98 21 2288 6542,,https://www.instagram.com/hookahg/,,
w1023312409,کافه بستنی عمو مجید,,,,35.758549,51.515247,منطقه 4,east,minor,hidden,not_a_cafe_by_name,osm,آمره ای 398,+982177271640,https://www.instagram.com/explore/locations/519754318505733/iran/tehran-iran/ice-cream-uncle-majid/?hl=en,,10:00-24:00,ice_cream;coffee_shop
n13055086747,مجموعه بازی‌های فکری مافیا لجندری,,,,35.754952,51.453486,منطقه 4,center,minor,hidden,not_a_cafe_by_name,osm,,09351151929,,,16:00-01:00,
n4331659090,چایخانه حضرت رضا,,,,35.718275,51.301946,منطقه 5,west,minor,hidden,not_a_cafe_by_name,osm,,,,,,tea
n4464641693,چای‌خانه‌ی کیهان,,,,35.739934,51.296135,منطقه 5,west,minor,hidden,not_a_cafe_by_name,osm,,,,,Mo-Su 10:00-21:30,
n5142291726,شیرینی لادن,Ladan,,,35.779018,51.336099,منطقه 5,north,minor,hidden,not_a_cafe_by_name,osm,عزیزاله زارع (نفت),,,,,
n4363667391,قهوه خانه پروین,,,,35.743464,51.296156,منطقه 5,west,minor,hidden,not_a_cafe_by_name,osm,,,,,,
n12888535991,قهوه خانه حاج علی,,,,35.738267,51.306992,منطقه 5,west,minor,hidden,not_a_cafe_by_name,osm,بلوار شهید مصطفی پژوهنده,,,,,coffee_shop;coffee
n5260311123,قهوه خانه خان بابا,Khan baba,,,35.723002,51.328917,منطقه 5,west,minor,hidden,not_a_cafe_by_name,osm,بلوار فردوس شرق,,,,,
n5301838726,قهوه خانه خیام,Khayyam Cafe,,,35.721164,51.333246,منطقه 5,west,minor,hidden,not_a_cafe_by_name,osm,,,,,,
n12644764242,قهوه خانه محفل,,,,35.768975,51.327159,منطقه 5,north,minor,hidden,not_a_cafe_by_name,osm,کنارگذر سردار جنگل,02146135993,,,Mo-Su 08:00-22:00,coffee_shop
n13227413930,کافه باقلوای کریم اوغلو شعبه سوم,,,سوم,35.738430,51.313620,منطقه 5,west,minor,hidden,not_a_cafe_by_name,osm,,+989124491430,,,Mo-Su 09:00-21:00,
n12954659566,کافه قلیان دنج,,,,35.701890,51.313037,منطقه 5,west,minor,hidden,not_a_cafe_by_name,osm,,+989127745688,,,,
n11432439279,Coffee 54 فروشگاه قهوه,,,,35.718517,51.425531,منطقه 6,center,minor,hidden,not_a_cafe_by_name,osm,,88829903,,,,
w281565614,بوفه پردیس هنرهای زیبا,,,,35.702728,51.397324,منطقه 6,center,minor,hidden,inside_institution: university پردیس هنرهای زیبا,osm,,,,,,
n7086046764,بوفه دانشکده فنی,College of Engineering Buffet,,,35.724282,51.386993,منطقه 6,center,minor,hidden,inside_institution: university پردیس دانشکده‌های فنی دانشگاه تهران,osm,,,,,,
n10132894520,بوفه زیرج,,,,35.705532,51.395024,منطقه 6,center,minor,hidden,inside_institution: university پردیس مرکزی دانشگاه‌ تهران,osm,,,,,,
n7923012928,تاریخ آنلاین,,,,35.707551,51.398296,منطقه 6,center,minor,hidden,not_a_cafe_by_name,osm,مریم 5,+98 21 88997229,,,"Sa-We 16:00-23:00, Th-Fr 11:00-23:00",persian
n4987945291,سایبر کلاب,Cyber Club,,,35.704031,51.405075,منطقه 6,center,minor,hidden,not_a_cafe_by_name,osm,,,,,,
n12827877662,صبحانه سرای دنجه,,,,35.713715,51.419026,منطقه 6,center,minor,hidden,not_a_cafe_by_name,osm,ایرانشهر 250,+982188490369,https://denjeh.com,,,breakfast;tea
w671614644,صبحانه نودم,,,,35.717850,51.423677,منطقه 6,center,minor,hidden,not_a_cafe_by_name,osm,Mashahir 13,+989198180215,,,Mo-Fr 06:30-20:30,breakfast
n5904296724,قهوه خانه هشت بهشت,,,,35.717555,51.398753,منطقه 6,center,minor,hidden,not_a_cafe_by_name,osm,,,,,,
n8330586818,کافه باقلوای ترکی علی کنتیا · منطقه 6,,"تک سین,  علی کنتیا",,35.737696,51.414903,منطقه 6,center,minor,hidden,not_a_cafe_by_name,osm,الوند ابتداي خ الوند، نبش رستوران اركيده، پلاك ١٢,+98 21 88856519,https://takseen-baklava.com,,Mo-Su 10:00-22:00,regional;coffee_shop
n9026624333,کافه برگر ن,,,,35.715905,51.420604,منطقه 6,center,minor,hidden,not_a_cafe_by_name,osm,,+982188812278,,,"Mo-Fr, Su 11:00-22:00",
n10837730299,کافه بستنی پردیس,,,,35.728110,51.415792,منطقه 6,center,minor,hidden,not_a_cafe_by_name,osm,,,,,,
w1109026062,کافه رستوران شیشه ای دانشگاه امیرکبیر,,,,35.705157,51.409860,منطقه 6,center,minor,hidden,inside_institution: university دانشگاه صنعتی امیرکبیر,osm,,,,,,
n11205308983,کافه رومیس,,,,35.715858,51.407480,منطقه 6,center,minor,hidden,inside_institution: government تعزیرات استان تهران,osm,,,,,,
n6306150420,کافه سفره خانه میکس,,,,35.703434,51.405803,منطقه 6,center,minor,hidden,not_a_cafe_by_name,osm,خیابان ولیعصر بالاتر از چهارراه ولیعصر روبروی خیابان بزرگمهر ساختمان افشار طبقه اول,+982166466964,https://instagram.com/cafe__mix__,,,coffee_shop;قلیون
n7233614793,کافه فست فود آوا,,,,35.720093,51.400002,منطقه 6,center,minor,hidden,not_a_cafe_by_name,osm,,+98 91 0858 5993,,,Mo-Su 08:30-23:30,
n12862088342,کافه هفت,,,,35.722567,51.385628,منطقه 6,center,minor,hidden,inside_institution: hospital بیمارستان دکتر شریعتی,osm,,,,,,
n11727041953,آجیل گلزار,,,,35.704727,51.432489,منطقه 7,center,minor,hidden,not_a_cafe_by_name,osm,شریعتی، بین حقوقی و مشایخی، پلاک 83 (محله‌ی خواجه نصیر - حقوقی) 83,+98‎2177502637,https://golzarnuts.com,,,nuts
n5179429421,چایخانه قصر (سوادا),,,,35.729135,51.455281,منطقه 7,center,minor,hidden,not_a_cafe_by_name,osm,یاوری نژاد,,,,,
n4424055322,رستوران مراکشی مغرب,,,,35.730832,51.433063,منطقه 7,center,minor,hidden,not_a_cafe_by_name,osm,,,,,,
n8330686980,کافه باقلوای ترکی تک سین · منطقه 7,,"علی کنتیا , تک سین",,35.737467,51.432822,منطقه 7,center,minor,hidden,not_a_cafe_by_name,osm,محمدرضا عشقیار خیابان سهروردي شمالي، خیابان خرمشهر، خیابان نيلوفر نبش كوچه پنجم، پلاك ٣٣.١,+98 21 88175247,https://takseen-baklava.com,,Mo-Su 10:00-22:00,regional;coffee_shop
n6218806787,ویتامین سرای سپاه,,,,35.706204,51.440607,منطقه 7,center,minor,hidden,not_a_cafe_by_name,osm,,,,,,ice_cream;juice
n4816001521,دیزی سرای داریوش,,,,35.719819,51.506709,منطقه 8,east,minor,hidden,not_a_cafe_by_name,osm,خیابان دماوند,,,,,
