osm_id,name,name_en,lat,lng,district,zone,kind,address,phone,website,instagram,opening_hours,decision
n11673091530,Ariana Art Cafe,,35.786949,51.428426,منطقه 1,north,cafe,,,https://arianaartcafe.ir,,,import
n6292712385,Babe cafe,,35.818102,51.440875,منطقه 1,north,cafe,,,,,,import
n11676105622,Belle Cafe,,35.787766,51.424139,منطقه 1,north,cafe,,,,,,import
n12752678001,Bruncho,,35.804355,51.462009,منطقه 1,north,cafe,,,,,,import
n6295927411,Cafamoon,,35.799349,51.392189,منطقه 1,north,cafe,,,,,07:30-17:00,import
n5054592475,Cafe Babel,,35.794413,51.473376,منطقه 1,north,cafe,Azarmina,+982126131311,,https://www.instagram.com/cafe_babel,,import
n11896877140,cafe jibaji کافه جیباجی,,35.808617,51.429544,منطقه 1,north,cafe,برادران فناخسرو 72,+982126859051,https://jibaji.ir/,,08:00-22:00,import
n6380684123,Cafe Zhical,,35.799308,51.433474,منطقه 1,north,cafe,Shariati Street,,,,,import
n10922074659,E-One,,35.820102,51.425794,منطقه 1,north,cafe,,,,,,import
n5784682453,H Café Bakery,H Café Bakery,35.797283,51.445326,منطقه 1,north,cafe,,,https://hcafe.co,,,import
n12252625920,Lavie cafe,,35.820086,51.438635,منطقه 1,north,cafe,,02122742871,,,11:00-24:00,import
n14230510787,Leen Cafe,,35.792445,51.410026,منطقه 1,north,cafe,کونیکو یامامورا 1,+98 21 2266 6970,https://leencafe.ir,,Sat-Fri 8:00 - 23:00,import
n11676105621,Parlak cafe,,35.787618,51.423973,منطقه 1,north,cafe,,,https://parlak.menusaz.com/,,,import
n10783627574,pink flower cafe,,35.803008,51.447837,منطقه 1,north,cafe,,,,,,import
n13604730797,RooBeRoo Mansion Tajrish,,35.806551,51.427543,منطقه 1,north,cafe,,,rooberoo.art,,,import
n7030162383,Shisha Lounge,,35.795559,51.441701,منطقه 1,north,cafe,,+98 212 645 8693,,,,import
n8723035360,The D Project,,35.808045,51.469125,منطقه 1,north,cafe,,,http://thedproject.ir,,,import
n9441824717,الک دولک,Alakdolak,35.796366,51.443386,منطقه 1,north,cafe,,+98 21 2224 2183,https://instagram.com/alakdolak.games,,Su-Fr 14:00-23:30,import
n11030634605,ام کافه,eM Cafe,35.793266,51.424275,منطقه 1,north,cafe,,,,,Mo-Su 08:00-23:00,import
n3424949604,امیر شکلات,Amir Chocolate,35.814632,51.486796,منطقه 1,north,cafe,,,,,,import
n3925981857,امیر شکلات · منطقه 1,Amir Chocolate,35.788823,51.504819,منطقه 1,north,cafe,,,,,,import
n9922028431,ایلیو کافه,,35.808934,51.462635,منطقه 1,north,cafe,,+98 21 26156491,https://ilio.ir/,,,import
n6178454131,بلک برز,Black Bears,35.786248,51.426871,منطقه 1,north,cafe,,,,,,import
n11478353949,بن آیس طبیعی باش (آواسنتر),Cafe BenIce,35.805028,51.476544,منطقه 1,north,cafe,,,https://avaplatt.com/fnb/%d8%a8%d9%86-%d8%a2%db%8c%d8%b3/,,,import
n12749144102,بویا,,35.799133,51.478918,منطقه 1,north,cafe,,,https://boyaeatery.com,,Mo-Su 08:00-23:30,import
n5291333922,تی لانژ,tLOUNGE,35.790597,51.419761,منطقه 1,north,cafe,,,,,,import
n4469898389,چای بار,Chai Bar,35.804078,51.445128,منطقه 1,north,cafe,,+98 21 22210311,https://www.instagram.com/chaibartehran/,,9:00-23:00,import
n8888793605,حس کافه,Hes Cafe,35.787503,51.423527,منطقه 1,north,cafe,,+98 21 2620 9940,https://hes-cafe.com/,https://www.instagram.com/hescafe_cafe/,,import
n10723955705,رئیس,,35.791570,51.435247,منطقه 1,north,cafe,,,,,,import
n11478337807,روستار - بیکری، پیستری و کافه,"Roostar - Bakery, Pastry & Cafe",35.805022,51.476631,منطقه 1,north,cafe,,+982126455478,https://avaplatt.com/food-market/%da%a9%d8%a7%d9%81%d9%87-%d8%a8%db%8c%da%a9%d8%b1%db%8c-%d8%b1%d9%88%d8%b3%d8%aa%d8%a7%d8%b1/,,09:00-22:00,import
n11211206050,روکا لانژ,Rocca Lounge,35.799656,51.477877,منطقه 1,north,cafe,,+98 21 40227002,https://roccalounge.com/,https://www.instagram.com/rocca_lounge,08:00-23:30,import
n3854683539,سام کافه,Sam Cafe,35.790804,51.419781,منطقه 1,north,cafe,,,,,,import
n10554754643,سام کافه دربند,Darband Sam Cafe,35.813856,51.431021,منطقه 1,north,cafe,,,https://www.samcoffeeroasters.com/fa/spaces,,,import
n12749144101,سام کافه روسترز,,35.798715,51.475235,منطقه 1,north,cafe,,+98 21 26879941,https://www.samcoffeeroasters.com,,Mo-Su 07:30-23:00,import
n4870016521,سفره خانه آتش,,35.804322,51.427274,منطقه 1,north,cafe,,,,,,import
n11350406027,سفره خانه سنتی باغچه شمرون,,35.804039,51.534588,منطقه 1,north,cafe,شهید سوهانی,09192546820,,,,import
n11070616206,سیت کافه,Sit Cafe,35.790324,51.421394,منطقه 1,north,cafe,,+98 21 2261 6001,,sitcafee,Mo-Su 08:00-23:30,import
n6463107089,عمارت روشنان,Roshanan Mansion,35.805254,51.444837,منطقه 1,north,cafe,نوری,+982122206715,https://www.instagram.com/roshanan_mansion,,9:00-23:00,import
n3956551438,قهوه تلخ,Ghahveh Talkh Cofeeshop,35.803673,51.420932,منطقه 1,north,cafe,,,,,,import
n13083832564,قهوه فروشی امین کافه,,35.805272,51.431344,منطقه 1,north,cafe,,+989122896923,,,Mo-Su 10:00-22:00,import
n11808958233,قهوه کاژه,,35.806309,51.430047,منطقه 1,north,cafe,,,,,,import
n9986146376,قهوه لمیز شعبه باغ فردوس,,35.807023,51.425570,منطقه 1,north,cafe,,,,,,import
n9986146375,قهوه لمیز شعبه پل رومی,,35.791836,51.434856,منطقه 1,north,cafe,,,,,,import
n6591011998,قهوه لمیز شعبه فرمانیه,Lamiz Café,35.799349,51.472984,منطقه 1,north,cafe,,+98 21 2612 5853,https://lamizcoffee.com/,,07:00-00:00,import
n9901649724,قهوه ویل,,35.796078,51.443096,منطقه 1,north,cafe,,,,,,import
n11009689556,كافه رابي,,35.793502,51.448202,منطقه 1,north,cafe,,,,,,import
n9318275119,كافه كتاب كربن,Carbon Book Cafe,35.796733,51.444262,منطقه 1,north,cafe,,+98 21 2220 4930,https://www.instagram.com/carbon.b.c/,,09:00-22:00,import
n5295351021,کافه آوادیس,Cafe Avadis,35.791754,51.435256,منطقه 1,north,cafe,1765,+98 21 222 115 26,http://cafeavadis.com,,"Sa-We 10:00-24:00, Th,Fr 09:00-24:00",import
n8330701522,کافه باقلوای ترکی تک سین · منطقه 1,,35.814321,51.459689,منطقه 1,north,cafe,جماران نياوران، جماران، جم سنتر،طبقه همكف,+98 21 40227365,https://takseen-baklava.com,,Mo-Su 10:00-22:00,import
n8330676250,کافه باقلوای ترکی تک سین,,35.805269,51.434252,منطقه 1,north,cafe,دربند خیابان شريعتي، ميدان قدس، ابتداي خيابان دربند، پلاك ١٩,+98 21 22710383,https://takseen-baklava.com,,Mo-Su 10:00-22:00,import
n5471290346,کافه بالون,balloon cafe,35.795682,51.395359,منطقه 1,north,cafe,داوودیان 24,+982126804638,https://ballooncafe.ir/,,24/7,import
n12896402239,کافه بلوار,Boulevard Cafe,35.797641,51.412958,منطقه 1,north,cafe,,+98 21 22664534,,https://www.instagram.com/cafeblvdtehran,09:00-23:00,import
n4511172690,کافه بوسونی,,35.793504,51.451574,منطقه 1,north,cafe,بلوار قیطریه,,,,,import
n12635606507,کافه بیدل,,35.804745,51.422123,منطقه 1,north,cafe,,,,,,import
n7616161786,کافه بیزی,Bizi Cafe,35.809379,51.454630,منطقه 1,north,cafe,,,,,,import
n12096561533,کافه بیکری کامکوات,,35.785952,51.429577,منطقه 1,north,cafe,مرتضی فیاضی,02126232098,,,,import
n11279032522,کافه پرا,,35.790844,51.420822,منطقه 1,north,cafe,,,,,,import
n12080177171,کافه پستل دناتا,,35.797103,51.410056,منطقه 1,north,cafe,تهران مقدس اردبیلی نبش خیابان ب,09121728122,,,,import
n11676105627,کافه پنگان,,35.787043,51.425488,منطقه 1,north,cafe,,,,,,import
n11407067169,کافه پیک · منطقه 1,,35.799453,51.490741,منطقه 1,north,cafe,,,,,,import
n11436011919,کافه تئاتر جم,,35.814641,51.460051,منطقه 1,north,cafe,,09121132566,,,,import
n12167986307,کافه جریان,,35.798452,51.424626,منطقه 1,north,cafe,,,,,,import
n7745686023,کافه دانیال,,35.793011,51.450279,منطقه 1,north,cafe,,,,,,import
n11478353948,کافه دیر فکتوری,Deer Factory Cafe,35.804978,51.476688,منطقه 1,north,cafe,,,https://avaplatt.com/fnb/%da%a9%d8%a7%d9%81%d9%87-%d8%af%db%8c%d8%b1-%d9%81%da%a9%d8%aa%d9%88%d8%b1%db%8c/,,10:00-22:00,import
n4304851596,کافه رژ,Rouge cafe,35.792766,51.489803,منطقه 1,north,cafe,,,,,,import
n10930185306,کافه رستوران ٠٨,,35.799303,51.466979,منطقه 1,north,cafe,,+98 21 2228 3828,,food_cafe08,Mo-Su 08:30-23:00,import
n10076309166,کافه رستوران اوا پلاس,AVA+ Cafe,35.812048,51.449462,منطقه 1,north,cafe,تهران نیاوران نیاوران پلاک ۲۵۰ ساختمان اوا,02122728797,,,,import
n9891580820,کافه رستوران جو زد,Jo Z Cafe,35.792664,51.452789,منطقه 1,north,cafe,,+982188370236,,jo.generationz,Mo-Su 08:00-23:30,import
n6894785888,کافه رستوران جوجه تیغی,Hedgehog cafe,35.811450,51.461357,منطقه 1,north,cafe,,,,,,import
n10922142705,کافه رستوران ژینر,,35.820338,51.426120,منطقه 1,north,cafe,161,,,,,import
n6178454132,کافه رستوران ضیافه,Ziafeh Cafe Restaurant,35.785345,51.429789,منطقه 1,north,cafe,,,,,,import
n8739889617,کافه رستوران گارنت,,35.796559,51.444786,منطقه 1,north,cafe,,,http://www.garnetrestaurant.com/,,Mo-Su 12:30-23:30,import
n11212240541,کافه رستوران مایسا,,35.797216,51.446779,منطقه 1,north,cafe,,,,,,import
n12381444869,کافه رستوران نرسی,,35.789458,51.493519,منطقه 1,north,cafe,,,,,,import
n12177848249,کافه ساعدی نیا · منطقه 1,,35.797695,51.413069,منطقه 1,north,cafe,,,,,,import
n11684891369,کافه ساعدی نیا,,35.799607,51.469775,منطقه 1,north,cafe,,,,,Mo-Su 07:00-23:00,import
n14122463347,کافه سیره,,35.813418,51.459564,منطقه 1,north,cafe,جماران,09127384024,,,,import
n4316722569,کافه صب,,35.797318,51.451784,منطقه 1,north,cafe,,,,,,import
n11754512569,کافه عربی کوچ,,35.797575,51.446535,منطقه 1,north,cafe,,,,,,import
n6444244832,کافه فانتینو,Fantino Cafe,35.797879,51.448561,منطقه 1,north,cafe,اشکستان پور جنوبی 8,+982122215541,https://www.instagram.com/fantino_cafe/,,"Mo-Th, Sa, Su 08:00-00:00, 09:00-18:00; Fr 10:00-00:00",import
n7686851589,کافه قنادی کوپک,,35.799439,51.404307,منطقه 1,north,cafe,,,,,,import
n6293438720,کافه کتاب بهشت,,35.797597,51.394855,منطقه 1,north,cafe,,,,,,import
n5424754224,کافه کوکو · منطقه 1,Coco Cafe,35.801429,51.484825,منطقه 1,north,cafe,,,,,,import
n6322295307,کافه کیدل,Keydel Cafe,35.805502,51.419191,منطقه 1,north,cafe,,,,https://www.instagram.com/keydelcafe,,import
n355604340,کافه گالری,,35.799162,51.424196,منطقه 1,north,cafe,,,,,,import
n12282867111,کافه گالری هاگ,Hug Cafe Gallery,35.816602,51.462695,منطقه 1,north,cafe,,+98 21 2612 1280,https://menu.masterzi.com/hug-cafe-house/show,https://www.instagram.com/hugcafegallery/,,import
n8871611220,کافه لوکال,,35.808673,51.389497,منطقه 1,north,cafe,,+98 21 2218 0511,,,Sa-We 11:00-23:30; Th-Fr 09:00-23:30,import
w678513644,کافه لوی,Lavie cafe,35.812982,51.475572,منطقه 1,north,cafe,پورابتهاج 386,+989122501003,Laviecafe.ir,,sunrise-sunset,import
n9979686118,کافه موسیقی,Music Café,35.800618,51.428859,منطقه 1,north,cafe,موزه,,,,,import
n11591315750,کافه میم,,35.817113,51.482547,منطقه 1,north,cafe,,,,,,import
n11997805269,کافه نسپرسو,,35.812016,51.449307,منطقه 1,north,cafe,,,,,,import
n4446096892,کافه نی آوران,Cafe Karzin,35.811568,51.472027,منطقه 1,north,cafe,,+982126152124,,,,import
n11407449592,کافه نیکان,,35.800193,51.489621,منطقه 1,north,cafe,,,,,,import
n4965993197,کافه هوکا,Cafe Hooka,35.795879,51.443938,منطقه 1,north,cafe,,,,,,import
n11051603715,کافه و رستوران چشم تهران,,35.811887,51.459103,منطقه 1,north,cafe,,,,,,import
n4467507790,کافه وقت چای,Tea Time Cafe,35.812345,51.449765,منطقه 1,north,cafe,,,,,,import
n10558759009,کافه وی وی یِن,,35.785750,51.440854,منطقه 1,north,cafe,,,,,,import
n4734817721,کافه ویکولو,Vicolo Cafe,35.785368,51.423452,منطقه 1,north,cafe,,,,,Mo-Su 09:00-23:00,import
n11997801570,کافه ویونا · منطقه 1,,35.812035,51.449390,منطقه 1,north,cafe,,,,,,import
n3854683566,کافه ویونا · منطقه 1 · شعبه 2,Viuna Café,35.802699,51.422184,منطقه 1,north,cafe,,,https://cafe-viuna.com/,,,import
n6749444885,کافه ویونا · منطقه 1 · شعبه 4,Cafe Viuna,35.807801,51.427047,منطقه 1,north,cafe,,,,,,import
n5327935921,کافه ویونا · منطقه 1 · شعبه 3,Viuna Cafe,35.802587,51.457584,منطقه 1,north,cafe,,,,,,import
n9969989519,کافیمی,,35.793747,51.451137,منطقه 1,north,cafe,,,,,,import
w506623267,کیپ لیک,Kip lik,35.814477,51.425031,منطقه 1,north,cafe,,,,,,import
n4726450392,کین کافه,,35.800053,51.450899,منطقه 1,north,cafe,بلوار اندرزگو,,,,Mo-Su 09:00-23:00,import
n4842582121,موگه,Muge,35.804061,51.458791,منطقه 1,north,cafe,خیابان آریا,,,,Mo-Su 11:00-03:00,import
n7173757385,نان استاپ,Nonstop,35.811053,51.430903,منطقه 1,north,cafe,برادران فناخسرو,,,,,import
n12208397874,نون کافه اقدسیه,,35.800060,51.490055,منطقه 1,north,cafe,۲۲ بهمن,+98 21 29122539,https://www.nooncafe.co/,noon_cafe.co,24/7,import
n12195308746,نون کافه نیاوران,,35.816044,51.439357,منطقه 1,north,cafe,همایون,,,,,import
n12920791898,نيد كافه,,35.805862,51.438502,منطقه 1,north,cafe,,0212100126,,,08:00-23:00,import
n14168656080,وافـی لانژ | Vaafy Lounge,,35.802706,51.412264,منطقه 1,north,cafe,,09907584339,,,18:00-02:00,import
n13970164547,آنیتا,,35.697425,51.378132,منطقه 10,west,coffee_shop,توحید,+98 21 6693 5092,,,,import
n6110411087,امین,,35.694096,51.377952,منطقه 10,west,cafe,,,,,,import
n14022454801,اهوراکافی,,35.697713,51.371528,منطقه 10,west,cafe,آذربایجان غربی ۸۸۱;۸۸۳,,,,,import
n14099580445,چایخانه حضرت رضا · منطقه 10,,35.700070,51.365190,منطقه 10,west,cafe,,,,,,import
n12696716429,قهوه مهدا,,35.681904,51.377293,منطقه 10,west,cafe,,+982166837838,,mahda.coffee,,import
n12677060673,کافه دنیز,,35.672986,51.373549,منطقه 10,south,cafe,,,,,,import
n13985797965,کافه سنتی ایران زمین,,35.698510,51.368579,منطقه 10,west,cafe,آذربایجان غربی ۹۵۸,+98 21 6638 1861,,https://instagram.com/cofeiranzaminn,Mo-Su 11:00-23:59,import
n12119759452,کافه شیرینی ری‌را,Reera Cafe Pastry,35.689850,51.366999,منطقه 10,west,cafe,,+982166878817,https://reerapastry.com,,Mo-Su 07:30-23:30,import
n12994549515,کافه کولاچینو (رد),,35.688505,51.376250,منطقه 10,west,cafe,,+989121100360,,,Mo-Su 09:00-21:00,import
n13985179834,کافه گرین,,35.697210,51.372031,منطقه 10,west,cafe,آذربایجان غربی,,,,Mo-Su 08:00-23:00,import
n747884667,ویتامینه بهار ترافیک,Bahar Traffic,35.700151,51.377944,منطقه 10,west,coffee_shop,نواب صفوی,,,,,import
n7045433423,Board Game Cafe,,35.700464,51.397841,منطقه 11,center,cafe,,,,,,import
n7045401813,Mira cafe,,35.700520,51.390517,منطقه 11,center,cafe,,,,,,import
n7045280724,The Coffee Club,,35.694275,51.378972,منطقه 11,west,cafe,,,,,,import
n13575203879,املت مشتی,,35.698267,51.400179,منطقه 11,center,cafe,ابوریحان، نبش روانمهر,,,,,import
n11660029965,امیر کافه,,35.700918,51.401199,منطقه 11,center,cafe,,,,,,import
n12871684359,برگون کافه,,35.694335,51.392211,منطقه 11,center,cafe,,,,,,import
n4736287822,تنور خانگی,Tanoor Khanegi,35.699961,51.410084,منطقه 11,center,cafe,Khark st.,+98 912 297 8375,http://tanoorkhanegi.com,,,import
n12025402104,سفره خانه ایرانیان,,35.696658,51.391848,منطقه 11,center,cafe,,,,,,import
n8998370868,قهوه آدوراز,,35.701094,51.409121,منطقه 11,center,cafe,,,,,,import
n12786152125,قهوه بروژ,,35.700096,51.410089,منطقه 11,center,cafe,,,,,,import
n9209064535,قهوه بلوط,,35.696744,51.379058,منطقه 11,west,coffee_shop,,,,,,import
n8998306398,قهوه پل,,35.701126,51.410751,منطقه 11,center,cafe,,,,,,import
n9016188565,قهوه فروشی الی,,35.664582,51.390819,منطقه 11,south,coffee_shop,,,,,,import
n4715094197,قهوه قجری,Qajari Coffee,35.700275,51.403724,منطقه 11,center,cafe,,,,,,import
n11825779610,قهوه قلب,,35.696085,51.395325,منطقه 11,center,cafe,,,,,,import
n11076959814,کافه آرت گالری,,35.698296,51.407275,منطقه 11,center,cafe,,,,,,import
n12786194461,کافه آما,,35.699011,51.409881,منطقه 11,center,cafe,,,,,,import
n12786182202,کافه ایرا,,35.700148,51.410105,منطقه 11,center,cafe,,,,,,import
n14219717233,کافه بیشتر از یک,,35.698904,51.409866,منطقه 11,center,cafe,خارک 14,02191090908,https://bishtarazyek.cafe/,,11:00-23:00,import
n11795117969,کافه پاندا,,35.699322,51.388675,منطقه 11,center,cafe,,,https://cafepandafun.ir/,,,import
n5265655921,کافه پیانو,Piano Cafe,35.699713,51.402795,منطقه 11,center,cafe,,,,,,import
n6312207686,کافه تور,,35.696903,51.407068,منطقه 11,center,cafe,,,,,,import
n11033961582,کافه جاگویل,jogwheel cafe,35.697621,51.394692,منطقه 11,center,cafe,دوازدهم فروردین نبش بهشت آیین,+982166404241,https://instagram.com/jogwheel_cafe?igshid=MzRlODBiNWFlZA==,,Mo-Fr 09:00-23:00,import
n11263012493,کافه چپ کوک,,35.697008,51.404804,منطقه 11,center,cafe,,,,,,import
n10983624802,کافه دوربین,,35.696526,51.391553,منطقه 11,center,cafe,,,,,,import
n5593962428,کافه دیوان,Divan cafe,35.697845,51.378563,منطقه 11,west,cafe,ارومیه,,,,,import
n12149062073,کافه رستوران کوتاه قامتان شعبه دو,,35.700817,51.396020,منطقه 11,center,cafe,,,,,,import
n8258267970,کافه زی,,35.697214,51.400063,منطقه 11,center,cafe,لبافی‌نژاد 87,+989022400292,https://instagram.com/zee.house,,,import
n4713069892,کافه شیشا,Shisha Cafe,35.700361,51.389498,منطقه 11,center,cafe,,,,,,import
n11392592180,کافه عربی A&M,,35.700967,51.402520,منطقه 11,center,cafe,انقلاب اسلامی,09211640162,,,07:00-23:00,import
n9033704365,کافه فلسفه,,35.697029,51.405260,منطقه 11,center,cafe,,+982166435423,,,Mo-Su 10:00-10:00,import
n11763758948,کافه کازان,,35.697809,51.407197,منطقه 11,center,cafe,,,,,,import
n6301845427,کافه کافا,Cafe kaffa,35.698024,51.405795,منطقه 11,center,cafe,اتفاق 1,,,,,import
n6415986485,کافه کتاب دارالخلافه,Daralkhelafe Cafe ketab,35.689467,51.407045,منطقه 11,center,cafe,,,,,,import
n9890057455,کافه کوچ,,35.700274,51.389269,منطقه 11,center,cafe,,,,,,import
n4741776521,کافه گرامافون,Gramophone Cafe,35.700287,51.404569,منطقه 11,center,cafe,,,,,,import
n12286011856,کافه گریز,,35.699978,51.398054,منطقه 11,center,cafe,دانشگاه,09962908939,,,Mo-Su 08:00-23:00,import
n14225653424,کافه گمشدگان,,35.699093,51.405512,منطقه 11,center,cafe,پرتویی (بهرامی) 13/1,,,,Mo-Sa 12-24,import
n11029953906,کافه معما,,35.699831,51.390321,منطقه 11,center,cafe,رشتچی,,,,,import
n6321282186,کافه موئل,Café Moel,35.697035,51.407145,منطقه 11,center,cafe,,66724394,,,,import
n9131945424,کافه مورف,Café Murph,35.699445,51.403876,منطقه 11,center,cafe,,,,,,import
n10797258229,کافه همراز,,35.696934,51.407101,منطقه 11,center,cafe,,,,,,import
n11212484638,کافه همه,Every Cafe,35.700766,51.395772,منطقه 11,center,cafe,,,,,,import
n11659513303,کافه هورمزد,,35.699489,51.388220,منطقه 11,center,cafe,,,,,,import
n12560549754,کافه ویرو,,35.693885,51.392307,منطقه 11,center,cafe,,+98 901 441 4041,,,,import
n10147437584,کافی شاپ فنجانه,,35.700607,51.395996,منطقه 11,center,cafe,,,,,,import
n12245827726,کافی شاپ هی کافی,,35.698203,51.389255,منطقه 11,center,cafe,,,,,,import
n8998810772,کلانه,,35.700839,51.399434,منطقه 11,center,cafe,,,,,,import
n13012999435,منزل بهرامی,,35.697513,51.407561,منطقه 11,center,cafe,,,,,,import
n5317752792,ویتامینه علی بابا,,35.676391,51.408011,منطقه 11,south,coffee_shop,,,,,,import
n6882132585,Cedar Café,,35.680001,51.411672,منطقه 12,center,cafe,,,,,Mo-Su 11:00-20:00,import
n8998303683,پدرخوانده,The Godfather Cafe,35.701181,51.414157,منطقه 12,center,cafe,,,,,,import
n11917461524,چایخانه آراز,,35.660725,51.405452,منطقه 12,south,cafe,وحدت اسلامی,,,,,import
n12079762740,چایخانِه دوستان,,35.673475,51.439944,منطقه 12,south,cafe,,,,,,import
n6060971857,خانه فرهنگ رومنس,,35.701148,51.414818,منطقه 12,center,cafe,انقلاب اسلامی 854,+98912 061 6523,https://www.hitehranhostel.com,,Mo-Su 08:00-24:00,import
n6052879185,دن کافه شعبه فردوسی,Don cafe Ferdowsi,35.699589,51.419444,منطقه 12,center,cafe,فردوسی,+989125371377,https://doncafe.ir/,,"Sa-Th 08:00-21:00 , Fr 10:00-21:00",import
n13088603017,سرای باب الخان,,35.696742,51.435486,منطقه 12,center,cafe,بهارستان,+98 930 515 1655,,,,import
n11715802430,فروشگاه نسکافه آنلاین,,35.663974,51.414771,منطقه 12,south,coffee_shop,آهن فروشان,09127439496,,,,import
n12140477800,قهوه خانه,,35.701329,51.425752,منطقه 12,center,cafe,,,,,,import
n6587440448,قهوه خانه فردوسی,,35.700100,51.419006,منطقه 12,center,cafe,گل پرور,,,,,import
n5155648421,قهوه خونه حاج علی درویش,Haj Ali Darvish Cafe,35.676116,51.421273,منطقه 12,south,cafe,,,,,,import
n4475628692,قهوه ریو,Rio Coffee,35.694621,51.419596,منطقه 12,center,coffee_shop,,,,,,import
n8998285613,قهوه ست · منطقه 12,,35.701238,51.415163,منطقه 12,center,coffee_shop,انقلاب اسلامی 852,+982166726563,https://set-coffee.com,,,import
n12648294916,قهوه سناتور مروی,,35.678138,51.425451,منطقه 12,south,coffee_shop,,02133947609,,,09:00-19:00,import
n5953408386,قهوه قالی,Rug Coffee,35.674139,51.419048,منطقه 12,south,cafe,,,,,,import
n5649724121,کافه آگر,Cafe Agor,35.701374,51.416903,منطقه 12,center,cafe,,,,,,import
n8973195017,کافه آموره,AMORE CAFE,35.700507,51.419036,منطقه 12,center,cafe,,,,,,import
n11610658669,کافه ایوان,,35.696892,51.422616,منطقه 12,center,cafe,,+982133532270,,,,import
n12438670897,کافه باغ,,35.694843,51.426286,منطقه 12,center,cafe,,02136916816,,,10:00-22:00,import
n4892294425,کافه پالت برمیس,Barmis Pallet Café,35.682393,51.428168,منطقه 12,center,cafe,پامنار 283,+989121548928,https://instagram.com/barmis.pallet.cafe,,,import
n12759372725,کافه پنگوئن,,35.687732,51.438582,منطقه 12,center,cafe,گل محمدی,+982133540254,https://qbar.ir/CafePangoan/menu,,Mo-Su 010:00-22:00,import
n4740097821,کافه رستوران ریرا,Reera Café and Restaurant,35.696417,51.412559,منطقه 12,center,cafe,نوفل لوشاتو,+98 21 6670 7646,,,,import
n4647512822,کافه رستوران گل رضائیه,Gol-e Rezaieh,35.693895,51.414163,منطقه 12,center,cafe,سی تیر 172,,,,,import
n5976092423,کافه روحی,Rouhi cafe,35.695202,51.432661,منطقه 12,center,cafe,,,,,,import
n10852902879,کافه روسو,,35.701318,51.415484,منطقه 12,center,cafe,,,,,,import
n8998313260,کافه رومنس,Cafe Romance,35.701152,51.414843,منطقه 12,center,cafe,انقلاب اسلامی 854,+98 912 061 6523,,,,import
n10991544693,کافه شاباد,,35.691611,51.428068,منطقه 12,center,cafe,جمهوری اسلامی,,,,,import
n7150534423,کافه عربی منصور ۶۹,,35.678186,51.438289,منطقه 12,south,cafe,,,,,,import
n8998282604,کافه فم شیک,,35.701241,51.415034,منطقه 12,center,cafe,,,,,,import
n11868957185,کافه کارامل,,35.674771,51.427607,منطقه 12,south,cafe,,09353448936,,,,import
n5585669821,کافه کایوت,Cafe coyote,35.701339,51.435139,منطقه 12,center,cafe,توانا,,,,,import
n6018501592,کافه مسعودیه,Massoudie Cafe,35.689900,51.428304,منطقه 12,center,cafe,,,,,,import
n4825871824,کافه ملک,Malek Cafe,35.688617,51.419173,منطقه 12,center,cafe,کوشک مصری 9,+982166734393,,,Mo-Su 10:00-10:00,import
n4420694289,کافه نادری,Naderi Cafe,35.694716,51.416818,منطقه 12,center,cafe,جمهوری اسلامی,,,,,import
n4396120192,توت طلایی,Golden Berry,35.690620,51.458619,منطقه 13,center,cafe,,,,,,import
n6295580285,چایخانه خلیج فارس,,35.691884,51.476163,منطقه 13,east,cafe,,,,,,import
n8330551066,کافه باقلوای ترکی علی کنتیا,,35.696660,51.487859,منطقه 13,east,cafe,پنجم نیروی هوایی بین فلکه اول و دوم، روبروی بانک صادرات ، پلاک ۱۴۳,+98 21 77479753,https://takseen-baklava.com,,Mo-Su 09:00-24:00,import
n12789123678,کافه رستوران آی کو,,35.692573,51.485801,منطقه 13,east,cafe,پیروزی,+989191070025,https://www.instagram.com/cafe_aiko_1403?igsh=dHg2aDhtOXNyZm1k,,,import
n12512086043,کافه سنتی فدیا,,35.694348,51.477942,منطقه 13,east,cafe,دهقان,۳۳۷۹۵۶۹۸,,,Mo-Su 09:00-23:30,import
n12732753755,کافه فست فود آمیتیس,,35.697863,51.485931,منطقه 13,east,cafe,,+982177488004,,,,import
n13338726848,کافه نارملا,,35.695284,51.477314,منطقه 13,east,cafe,,,,,,import
n5119218048,بیا و ببین,Bia o bebin,35.688504,51.487659,منطقه 14,east,cafe,مقداد,+989024948989,https://t.me/joinchat/AAAAAEBXOsY2RucuXpL41A,,24/7,import
n12429552608,سرای سنتی کندو,,35.659551,51.489081,منطقه 14,south,cafe,,,,,,import
n11104217999,سفره خانه آدیش,,35.685346,51.491147,منطقه 14,east,cafe,,,,,,import
n12864364043,قهوه خانه بزرگ آقا,,35.687402,51.481071,منطقه 14,east,cafe,محمدباقر داود آبادی,09367391730,,,Mo-Su 07:00-24:00,import
w669584702,قهوه خانه دیاکو,Diako Hookah Bar,35.686437,51.447259,منطقه 14,center,cafe,هفده شهریور,,,,,import
n12094851147,کافه بیکری و پیتزا داوین,,35.661079,51.487513,منطقه 14,south,cafe,,02133820338,,,08:00-24:00,import
n10827392566,کافه خرما,,35.675702,51.477985,منطقه 14,south,cafe,,,,,,import
n12401460868,کافه شمعدونی,,35.678626,51.480376,منطقه 14,south,cafe,دادآفرین,02133090144,@cafe_shamdonii,,Mo-Su 10:00-24:00,import
n4837881323,کافه عرفان,,35.673499,51.462839,منطقه 14,south,cafe,,,,,,import
n4720207490,گرکانی,Gorgani,35.674177,51.459220,منطقه 14,south,cafe,قرائی گرکانی 14,+989356149595,,,24/7,import
n12434340668,2مهر کافی,,35.650726,51.448485,منطقه 15,south,cafe,,09122231892,,,07:00-24:00,import
n12100247471,کافه توسکا,,35.628777,51.454240,منطقه 15,south,cafe,بزرگراه نجفی رستگار,09126042638,,,,import
n12806851387,کافه راز,,35.636276,51.504559,منطقه 15,south,cafe,,+989123905284,,,,import
n11773164016,کافه لیون,,35.638649,51.487650,منطقه 15,south,cafe,رضائی,+989195207225,,,08:00-22:00,import
n12738339074,کافه مجنون,,35.616784,51.478664,منطقه 15,south,cafe,زرین خواه شرقی,09919865541,,,06:00 -23:00,import
n11888394211,کافه نیک,,35.659617,51.433060,منطقه 15,south,cafe,,09128435221,,,,import
n4353445389,سفره خانه سنتی نار و نی,Nar o ney cafe,35.631525,51.418220,منطقه 16,south,cafe,,,,,,import
n10873949505,کافه ایلی علی,cafe ileali,35.647801,51.393266,منطقه 16,south,cafe,,,,,,import
n11962885109,کافه ایلیا,,35.644145,51.405611,منطقه 16,south,cafe,,,,,,import
w1350435164,کافه بالدی بال,,35.638848,51.398917,منطقه 16,south,cafe,,,,,,import
n14161967695,کافه جی · منطقه 16,,35.636825,51.404634,منطقه 16,south,cafe,احمد بابایی,09339213350,,,,import
n11191683237,کافه رستوران بیست,cafe returan bist,35.635146,51.409288,منطقه 16,south,cafe,,,,,,import
n11473857126,کافه میتسورین,,35.635391,51.408915,منطقه 16,south,cafe,,,,,,import
n9345304229,کافه ویتامینه بوی سیب,,35.635125,51.421236,منطقه 16,south,cafe,,,,,,import
n10790309400,کافه یاسر,,35.639781,51.404922,منطقه 16,south,cafe,,,,,,import
n14177387794,لوازم قهوه حیدری,,35.657578,51.428258,منطقه 16,south,coffee_shop,دشتبان زاده,+982155082039,,,,import
n12908914880,ویتامینه سندباد,,35.635263,51.410263,منطقه 16,south,cafe,,,,,,import
n10286560048,دربند کوچولو رضا,,35.657796,51.362273,منطقه 17,south,cafe,میدان ابوذر,,,,,import
n13192089945,سفره خانه حس خوب,,35.664771,51.358312,منطقه 17,south,cafe,تهران ، خیابان شهید رضا کریمی نژاد، خیابان امامزاده حسن )امین الملک ،پاساژ پورهنگ ، پلاک 310 ،طبقه اول,+989354929245,,,Mo-Su 08:00-23:00,import
n12738775020,سفره خانه محفل,,35.639345,51.359810,منطقه 17,south,cafe,تهران منطقه 17 زمزم خیابان غلامرضایی نبش کوچه 19 پلاک 167,02155836470,,,,import
n13325762221,قهوه کاپیتان,,35.666759,51.366746,منطقه 17,south,coffee_shop,,,,,,import
n14177277007,کافه پیچاکوته,,35.663579,51.356975,منطقه 17,south,cafe,ابدام 8,+989981879765,,,,import
n12749662189,کافه دنیای قهوه,,35.661813,51.363409,منطقه 17,south,coffee_shop,تهران فريدون احمدي نبش كوچه بدري,02155135737,,,,import
n10852996127,کافه رستوران دورهمی,,35.664467,51.357858,منطقه 17,south,cafe,,,,,,import
w1528737492,کافه فود هامون,,35.660270,51.375189,منطقه 17,south,cafe,,,,,,import
n12025739407,کافه کاسپین,,35.662553,51.346192,منطقه 17,south,cafe,یافت آباد,09121332129,,,,import
n6933252346,کافی شاپ کاسیت (شعبه ۱),Kasit Coffee Shop,35.661295,51.345983,منطقه 17,south,cafe,,,,,,import
n13904723372,حمید کافه,,35.660692,51.331545,منطقه 18,south,cafe,تختی 8/1,+989351590090,,,07:00-22:00,import
n12039036568,شفاهی,,35.666031,51.311662,منطقه 18,south,cafe,جعفر عزیزی,,,,,import
n13240932048,فروشگاه امین,,35.656928,51.341652,منطقه 18,south,coffee_shop,موسی رضا بنایی 28,,,,,import
n11812404569,قهوه کاکو قدرت,,35.660614,51.340130,منطقه 18,south,cafe,,+98919728215,,,,import
n11618413485,کافه آتا,,35.654692,51.341951,منطقه 18,south,cafe,,,,,,import
n10871087546,کافه پروانه,,35.660435,51.338762,منطقه 18,south,cafe,بلوار معلم 106,,,,,import
n13240924525,کافه تورین,,35.656866,51.341231,منطقه 18,south,cafe,38,,,,,import
n12064353924,کافه دریا,,35.646130,51.337672,منطقه 18,south,cafe,,,,,,import
n11062782397,کافه دژاوو,,35.650410,51.336323,منطقه 18,south,cafe,,,,,,import
n11820469387,کافه راد,,35.664068,51.342379,منطقه 18,south,cafe,,,,,,import
n11067979465,کافه سفید,,35.660526,51.329711,منطقه 18,south,cafe,,,,,Mo-Su 09:00-23:00,import
n12872909784,کافه شیخ,,35.645635,51.303966,منطقه 18,south,cafe,میرهاشمی,09125086004,,,Mo-Su 06:30-22:30,import
n12178601532,کافه مامانی,,35.659128,51.328995,منطقه 18,south,cafe,,,,,,import
n11830055988,کافه من,,35.661189,51.331679,منطقه 18,south,cafe,,,,,,import
n11978706242,کافه مون,,35.659968,51.334069,منطقه 18,south,cafe,,,,,,import
n11820464737,کافه ناردینو,,35.662078,51.344031,منطقه 18,south,cafe,,,,,"Mo-Su,PH 12:00-24:00+",import
n12218754820,LucaffeINN,,35.632951,51.385498,منطقه 19,south,cafe,,+989171966012,https://lucaffeiran.ir/,,,import
n5860976485,خانلو · منطقه 19 · شعبه 2,,35.621879,51.397652,منطقه 19,south,cafe,,,,,,import
n5707270822,خانلو,,35.625010,51.394353,منطقه 19,south,cafe,,,,,,import
n5707375421,خانلو · منطقه 19,,35.619151,51.398214,منطقه 19,south,cafe,,,,,,import
n11254406460,داژو کافی,,35.622164,51.392697,منطقه 19,south,cafe,,,,,,import
n12121983030,قهوه خانه‌ی شب های ولایت,,35.639575,51.376196,منطقه 19,south,cafe,,‎09128480374,,,08:30-24:00,import
n10870121688,کافه رستوران دل,,35.639004,51.374671,منطقه 19,south,cafe,,+982155850001,,,08:00-24:00,import
n11969314194,کافه رویا,,35.631458,51.355551,منطقه 19,south,cafe,تهران بازار مبل نعمت آباد خیابان طالقانی کوچه هجدهم کافه و برگر رویا هجدهم پلاک 8,02155879660,,,,import
n11862470278,Alo geleyoun | Telyoon,,35.776814,51.357302,منطقه 2,north,cafe,بوستان ششم,+98 21 2661 7687,https://w4share.com/Home/Job/20228,,24/7,import
n13952724170,Arun cafe,,35.784432,51.377049,منطقه 2,north,cafe,مجد,98 021 2207 4794,https://www.instagram.com/arun_cafe777?utm_source=ig_web_button_share_sheet&igsh=ZDNlZDc0MzIxNw==,,9:00am-22:00pm,import
n14168621104,Cafe Kalej | کافه کالج,,35.725206,51.349468,منطقه 2,west,cafe,ارمکان سوم 420,+989300056665,www.instagram/cafekalej.com,,All day 8:00 in 00:00,import
n9775021466,Cafe Viuna,,35.752228,51.364774,منطقه 2,west,cafe,,,,,,import
n13249888045,Dero Cafe Bakery,,35.753411,51.374620,منطقه 2,west,cafe,,,,,,import
n9944921598,Farmer Cafe,,35.768415,51.361120,منطقه 2,north,cafe,,,,,,import
n9527947304,GameGeekCafe,,35.745926,51.340562,منطقه 2,west,cafe,,,,,,import
n13249888048,Hamisheh Cafe,,35.753069,51.374352,منطقه 2,west,cafe,,,,,,import
n14174228557,hot coffe tehroonقهوه داغ طهرون,,35.770393,51.362318,منطقه 2,north,cafe,سعدی 244,021_88097386,https://www.hot-cafetehroon.ir/,,6/30  AM 12/30 PM,import
n13249888051,L.A Cafe,,35.752774,51.375182,منطقه 2,west,cafe,,,,,,import
n13249888050,Lime Cafe,,35.753032,51.375225,منطقه 2,west,cafe,,,,http://www.instagram.com/golestan_lime_cafe,,import
n9775021467,Line Cafe,,35.752569,51.364991,منطقه 2,west,cafe,,,,,,import
n10003062056,Mon Chéri Restaurant & Café,,35.766234,51.357308,منطقه 2,north,cafe,,,,,,import
n9958908891,Monaco Cafe,,35.734011,51.345302,منطقه 2,west,cafe,,,,,,import
n9944909828,Pumpkin Bakery Café,,35.758310,51.358206,منطقه 2,west,cafe,,,,,,import
n9949929264,Sinnan Coffe,,35.737474,51.382075,منطقه 2,west,cafe,,,,,,import
n6920882526,آبمیوه ما ٢ تا,,35.754302,51.371353,منطقه 2,west,cafe,,,,,,import
n7010421821,آلبرتیکا,Albertika,35.729438,51.375973,منطقه 2,west,coffee_shop,جواد فاضل جنوبی 361.1,+982186018891,https://albertika.com/,,,import
n1334442660,آمیستریس,Amisteris,35.765102,51.354553,منطقه 2,north,cafe,,,,,,import
n9965517777,اسپرسو ایلیا,,35.798248,51.360612,منطقه 2,north,coffee_shop,یاس,+9892136623129,https://espressoiliya.com/,,sa-th 09:00-18:00,import
n11536270729,استودیو روژان,Design Cafe,35.707854,51.374397,منطقه 2,west,cafe,ستارخان کوثردوم پلاک 1 استودیو معماری روژان 1,+982166433203,,,Mo-Sa 08:00-18:00,import
n9210379019,امیر شکلات · منطقه 2 · شعبه 2,,35.786976,51.373392,منطقه 2,north,cafe,,,,,,import
n4503244289,امیر شکلات · منطقه 2,Amir Chocolate,35.771221,51.356171,منطقه 2,north,cafe,,,,,Mo-Su 08:00-00:00,import
n6348953085,او ام,OM Cafe,35.780124,51.360834,منطقه 2,north,cafe,آسمان چهارم شرقی,,,,,import
n9627052358,برسین کافه,,35.753944,51.371387,منطقه 2,west,cafe,,,,,,import
n3851341059,بن ایس,Ben Ice,35.771125,51.379686,منطقه 2,north,cafe,,,,,,import
n11933125440,بن کافه,,35.771075,51.364856,منطقه 2,north,cafe,بلوار دریا,+982188680992,,,24/7,import
n5958829944,بوفه دانشجویی دانشگاه امام صادق,,35.769454,51.380461,منطقه 2,north,cafe,,,,,,import
n13119077701,جگرکی کبابی حبیبی,Habibi Barbecued,35.786691,51.372834,منطقه 2,north,cafe,امیرحسین جمشیدی,021 2208 2008,,habibi_barbecued,Mo-Su 11:00-02:00,import
n13261351171,چایخانه و صبحانه سرای کاج,,35.708093,51.375408,منطقه 2,west,cafe,,09124106791,,,06:00-01:00,import
n11764481136,خانه هرمز,,35.775696,51.372228,منطقه 2,north,cafe,,+982188681707,,,,import
n11764505425,خانه هرمز 44,,35.775624,51.371558,منطقه 2,north,cafe,,,,,,import
n10765902562,دات کام,,35.806305,51.383566,منطقه 2,north,cafe,,,,,,import
n3858819061,دل پیانو,,35.785264,51.388519,منطقه 2,north,cafe,سوری ۲۰,+982122382050,,,Mo-Su 11:00-24:00,import
n1334364363,سدل روم,,35.763801,51.357493,منطقه 2,west,cafe,,,,,,import
n9944909880,سفره خانه شبهای دریا,,35.770185,51.361403,منطقه 2,north,cafe,,,,,,import
n12987313246,سین کافه · منطقه 2,,35.757565,51.371403,منطقه 2,west,cafe,,,,,,import
n13322992253,فروش قهوه عمده AM,,35.706360,51.364726,منطقه 2,west,coffee_shop,,09120778049,,,07:00-21:00,import
n11969132557,فست فود سيب بال,,35.707660,51.375317,منطقه 2,west,cafe,ستارخان,02166434408,,,,import
n4749069323,فستیز,Fastis Cafe,35.771156,51.376474,منطقه 2,north,cafe,,,,,,import
n11197479564,قهوه تایم,,35.720166,51.356977,منطقه 2,west,coffee_shop,,,,,,import
n12791985520,قهوه ریکو,,35.721550,51.344991,منطقه 2,west,coffee_shop,,009121790645,,,07:00-22:00,import
n9986204849,قهوه لمیز شعبه سعادت آباد,,35.782014,51.377160,منطقه 2,north,cafe,,,,,,import
n9689750129,قهوه لمیز شعبه شهرک غرب,,35.754495,51.374601,منطقه 2,west,cafe,,,,,,import
n8928388009,قهوه و شکلات داریو,Dario Coffee & Chocolate,35.722356,51.372869,منطقه 2,west,coffee_shop,بیست وششم 2,+98 912 5445146,,,,import
n9944699657,كافه ثلث,,35.753758,51.362251,منطقه 2,west,cafe,,,,,,import
n9944699631,كافه رستوران كايا,,35.754164,51.363316,منطقه 2,west,cafe,,,,,,import
n9944921528,كافه مپ,,35.771228,51.363966,منطقه 2,north,cafe,,,,,,import
n13109178301,كافه و رستوران ريك,Rick's Cafe,35.792732,51.357204,منطقه 2,north,cafe,سی‌سوم,02122118102,,rick_s_cafe,Mo-Su 10:00-23:30,import
n4740213900,کافه ۲۴,24 Cafe,35.776527,51.362233,منطقه 2,north,cafe,استاد مطهری 10,+98 21 2237 5150,https://www.instagram.com/24_lounge/,,11:00-23:00,import
n11236004790,کافه آرتیست,Artist Cafe mode,35.785031,51.369366,منطقه 2,north,cafe,سوم غربی 11,021 2238 1146,https://instagram.com/artistcafemode,,Mo-Su 08:00-24:00,import
n14225798519,کافه آک,,35.765017,51.358931,منطقه 2,north,cafe,,,,,,import
n11953236409,کافه آلایلا,,35.768853,51.372544,منطقه 2,north,cafe,بیست و یک متری گلها نبش توحید 3,02188366692,,https://www.instagram.com/alayla_cafe,Mo-Su 08:00-23:00,import
n10889367593,کافه اسکواش برج میلاد,,35.744333,51.373497,منطقه 2,west,cafe,ورودی برج میلاد,+989120459971,https://squash-cafe.ir.ink/menu?utm_source=behtarino,,Mo-Su 09:00-21:00,import
n11494104359,کافه اسمک آتابای,,35.755439,51.376492,منطقه 2,west,cafe,,09120297303,,,,import
n4257789066,کافه ایوانک,Eivanak Cafe,35.756943,51.343698,منطقه 2,west,cafe,,,,,,import
n4402455291,کافه باران,Baran Cafe,35.725251,51.335502,منطقه 2,west,cafe,اشرفی اصفهانی,+982144241949,https://www.barancafe.ir/,,Sa-Th 10:00-23:00; Fr 15:00-23:00,import
n8330741268,کافه باقلوای ترکی تک سین · منطقه 2 · شعبه 2,,35.721854,51.335999,منطقه 2,west,cafe,فلکه دوم صادقیه فلکه دوم صادقیه، برج گلدیس، طبقه همکف، روبروی اطلاعات، باقلوا تک سین,+98 21 44254583,https://takseen-baklava.com,,Mo-Su 10:00-22:00,import
n8330742368,کافه باقلوای ترکی تک سین · منطقه 2 · شعبه 3,,35.770925,51.356050,منطقه 2,north,cafe,خیابان شهید محمود فخارمقدم شهرك غرب، بلوار دادمان، فخار مقدم، پلاك ٧٢، جنب پاركينگ مركز خريد آرن,+98 21 22362809,https://takseen-baklava.com,,Mo-Su 10:00-22:00,import
n8330687488,کافه باقلوای ترکی تک سین · منطقه 2,,35.728600,51.379012,منطقه 2,west,cafe,کوی نصر كوي نصر (گيشا) ،بين خيابان پنجم وهفتم، پلاك ٩٠,+98 21 88288393,https://takseen-baklava.com,,Mo-Su 10:00-22:00,import
n12014278672,کافه بان,BUN Cafe Bakery,35.752923,51.373978,منطقه 2,west,cafe,,,,,,import
n8981025917,کافه بوتیک زی بن,,35.752830,51.373373,منطقه 2,west,cafe,,,,,,import
n4826740023,کافه بیشه,Bishe cofe,35.736260,51.339837,منطقه 2,west,cafe,بلوار مرزداران,+98 21 4429 4204,,,Mo-Su 09:00-23:00,import
n9883823464,کافه بیکری آریلا,Cafe Bakery Ariella,35.763750,51.357514,منطقه 2,west,cafe,,+98 21 8707 8088,https://www.ariellacafe.com/,,,import
n9178020785,کافه پروژه د,The D Project,35.752516,51.357701,منطقه 2,west,cafe,سیمای ایران,+982188372680,https://thedproject.ir/,https://www.instagram.com/the_d_project_cafe,Mo-Fr 07:00-24:00,import
n9958908886,کافه پندار,Pendar Cafe,35.733780,51.345206,منطقه 2,west,cafe,,,,,,import
n9944699661,کافه تهران,,35.753144,51.362747,منطقه 2,west,cafe,,,,,,import
n5958829931,کافه دانشجویی دانشگاه امام صادق,,35.766224,51.382106,منطقه 2,north,cafe,,,,,,import
n7137104983,کافه دست,,35.760291,51.370171,منطقه 2,west,cafe,,,,,,import
n14234036194,کافه دسر جارُ,,35.771294,51.363803,منطقه 2,north,cafe,,,,,,import
n5823513659,کافه دهه شصتی ها,,35.753487,51.372075,منطقه 2,west,cafe,,,,,,import
n12336929375,کافه دورچه,,35.776967,51.351785,منطقه 2,north,cafe,بلوار شهید منفرد نیاکی,+982122362882,https://dorchecafe.com,,11:00-23:00,import
n4352205689,کافه دی,,35.727213,51.377600,منطقه 2,west,cafe,,,,,,import
n7236396787,کافه راک,,35.768564,51.372554,منطقه 2,north,cafe,بیست و یک متری گلها,+982188361233,https://cafe-rock.com,https://www.instagram.com/cafe.rock,07:30-24:00,import
n8442737374,کافه رست,Roast Cafe,35.771153,51.355170,منطقه 2,north,cafe,حافظی 84,+982122081557,,,8:30-23:30,import
n12085180899,کافه رُستری نوژ,Noj Coffee Roastery,35.753954,51.370718,منطقه 2,west,cafe,,,,,Mo-Su 08:00-23:00+,import
n9958908892,کافه رستوران 703,,35.733969,51.345302,منطقه 2,west,cafe,,,,,,import
n7719885714,کافه رستوران اچ اند اچ,,35.725835,51.381380,منطقه 2,west,cafe,,,,,,import
n13946059691,کافه رستوران اسپارک,,35.738261,51.346065,منطقه 2,west,cafe,,,,,,import
n9527947305,کافه رستوران بین الملی ابینا,,35.745914,51.340728,منطقه 2,west,cafe,,,,,,import
n9958913544,کافه رستوران سنتی دیبا,,35.726675,51.341245,منطقه 2,west,cafe,,,,,,import
n11383726098,کافه رستوران لاوازا,,35.784585,51.374184,منطقه 2,north,cafe,,,,,,import
n6486905782,کافه رستوران ماینس وان,,35.770792,51.358937,منطقه 2,north,cafe,بهار,+982122113008,https://www.instagram.com/minus1cafe/,,Mo-Su 09:00-23:59,import
n10003062087,کافه رستوران مکسان,,35.765795,51.356238,منطقه 2,north,cafe,,,,,,import
n11904364363,کافه رستوران نویز,,35.766255,51.349210,منطقه 2,north,cafe,سپهر,09128227162,,,,import
n9401642133,کافه رستوران وَن وُياژ,,35.783233,51.377765,منطقه 2,north,cafe,,,,,,import
n12378228434,کافه رستوران وود لند لانژ,,35.758049,51.342950,منطقه 2,west,cafe,بلوار فلاح زاده,09128227162,Wood_land_lounge,,Mo-Su 07:00-24:00,import
n4714615289,کافه سنسو,Senso Cafe,35.762082,51.381325,منطقه 2,west,cafe,مهستان,,,,,import
n8935893917,کافه سنو,seno cafe,35.778156,51.365462,منطقه 2,north,cafe,پلاک 17,02122356709,https://instagram.com/coffeeseno,,08:00-22:00,import
n9949929263,کافه شمرون · منطقه 2,,35.737415,51.382012,منطقه 2,west,cafe,,,,,,import
n4557844889,کافه عصر حجر,,35.790396,51.353259,منطقه 2,north,cafe,,,,,,import
n11875777205,کافه علی,,35.770992,51.357063,منطقه 2,north,cafe,,,,,,import
n11118905791,کافه فست فود دلا,,35.767591,51.375238,منطقه 2,north,cafe,,,,,,import
n5986596956,کافه فلورانس,,35.736368,51.381876,منطقه 2,west,cafe,,,,,,import
n4441686896,کافه قانون,Qanun Cafe,35.763760,51.336913,منطقه 2,west,cafe,,,,,,import
n11917190868,کافه قنادی عمه عادله,,35.721122,51.350932,منطقه 2,west,cafe,رحیم صحرایی,02144222324,,,,import
n4328362691,کافه کاراکال,Caracalcafe,35.772114,51.383123,منطقه 2,north,cafe,علامه جنوبی,+982188690375,,,Sa-Th 08:00-00:00; Fr 16:00-00:00,import
w697133371,کافه کارزین · منطقه 2,Karzin cafe,35.751086,51.381978,منطقه 2,west,cafe,,+98 21 88378949,https://instagram.com/majnooncafe/,,08:00-24:00,import
n12208396427,کافه کالوشه,,35.781501,51.365525,منطقه 2,north,cafe,,,,,,import
n4423901689,کافه کوکو,Coco Café,35.772377,51.360633,منطقه 2,north,cafe,مهدی عباسی اناری 8,+98 21 88385277,,,Sa-Th 09:30-23:00; Fr 10:00-23:00,import
n12846721310,کافه گالری هانیس,,35.771816,51.374702,منطقه 2,north,cafe,سی و سوم شرقی,02188681534,https://www.zarmes.ir,,Mo-Su 08:00-23:00,import
n6983181785,کافه گردو,,35.777544,51.365538,منطقه 2,north,cafe,,,,,,import
n8133566301,کافه گرید,,35.711410,51.347653,منطقه 2,west,cafe,بلوار علی تیموری,+982166085190,https://gridcafe.ir/,,Sa-Tu 08:00-20:00,import
n14169671937,کافه گل,,35.753742,51.340487,منطقه 2,west,cafe,انتهای پارکینگ داخل سرای محله پونک کافه گل,02188992610,https://cafegoll.ir/,,09:00 -  23:00,import
n4317122192,کافه لالین,,35.763076,51.337820,منطقه 2,west,cafe,,,,,,import
n9944699662,کافه لواشک گیلانار,,35.753041,51.362479,منطقه 2,west,cafe,,,,,,import
n9958908885,کافه لومیِر,,35.734058,51.345000,منطقه 2,west,cafe,,,,,,import
n4145959507,کافه لیو,,35.764650,51.341080,منطقه 2,west,cafe,,,,,,import
n8153700054,کافه لی‌وان,,35.714464,51.371196,منطقه 2,west,cafe,,,,,,import
n3351727092,کافه میلان,Cafe Milan,35.774653,51.376757,منطقه 2,north,cafe,,,,,,import
n12921031438,کافه نان برگ سبز,,35.726329,51.354584,منطقه 2,west,cafe,,021۴۴۲۰۲۴۲۴,,,08:00-23:00,import
n14056128163,کافه نان کانتینر,,35.784416,51.384890,منطقه 2,north,cafe,,,,,,import
n5614997823,کافه هپ,Hope Cafe,35.778104,51.363069,منطقه 2,north,cafe,,+982122117311,,,,import
n10808047094,کافه و رستوران بینج,,35.767260,51.372466,منطقه 2,north,cafe,,,,,,import
n12270730255,کافه و رستوران لیزدا,,35.724134,51.336076,منطقه 2,west,cafe,کوه‌دشت,09197636817,,,Mo-Su 07:00-24:00,import
n7236402187,کافه وآته,,35.769824,51.372584,منطقه 2,north,cafe,,,,,,import
n11068492546,کافه وبوتیک نان وشیرینی ساوردو,,35.747102,51.333190,منطقه 2,west,cafe,,,,,,import
n4419263190,کافه وود,Wood Cafe,35.753084,51.333253,منطقه 2,west,cafe,,+98 935 888 6883,,,Mo-Su 10:00-22:00,import
n4545875691,کافه ویونا · منطقه 2 · شعبه 2,Viona Cafe,35.766033,51.354737,منطقه 2,north,cafe,درختی,,,,,import
n12842360895,کافه ویونا · منطقه 2,,35.718491,51.364691,منطقه 2,west,cafe,,,,,,import
n13011939851,کای کافه,,35.752757,51.358505,منطقه 2,west,cafe,,,,,,import
n6075140185,کوبار,koobar,35.747980,51.334606,منطقه 2,west,cafe,,,,,,import
n9954984924,همیشه,,35.753351,51.374941,منطقه 2,west,cafe,,,,,,import
n12000654469,وریا,,35.768962,51.354070,منطقه 2,north,cafe,,,,,,import
n8781307806,ویونا,,35.789655,51.375013,منطقه 2,north,cafe,,,,,,import
n12714063718,بستنی موسوی2,,35.589433,51.437721,منطقه 20,south,cafe,خیابان حرم، کوچه اعتمادی 6,+982155912662,,,08:00-22:00,import
n7224444385,رضا روشن,Reza Rooshan,35.574533,51.466166,منطقه 20,south,cafe,,,,,,import
n11128397160,قهوه نارنج,,35.587672,51.440128,منطقه 20,south,coffee_shop,میدان نارنج,,,,,import
n8996599230,قهوه هاوانا,,35.602923,51.431514,منطقه 20,south,cafe,بلوار امام حسین 160,,Instagram.com/havanacoffee1,,Mo-Su 09:00-23:00,import
n8330739406,کافه باقلوای ترکی علی کنتیا · منطقه 20,,35.617783,51.436910,منطقه 20,south,cafe,بلوار فداییان اسلام بزرگراه آزادگان شرق، فداییان اسلام جنوب، هایپر استار نجم خاورمیانه، باقلوا علی کنتیا,,https://takseen-baklava.com,,,import
n13383188779,کافه پاتوق,,35.590586,51.435764,منطقه 20,south,cafe,قم,,,,Mo-Su 09:00-22:00,import
n14206667674,کافه چری,,35.602746,51.435048,منطقه 20,south,cafe,,0098 912 6856838,,,sat-fri 05:00- 23:30,import
n12036822057,کافه چوبی,,35.585145,51.448796,منطقه 20,south,cafe,,09358512228,,,10:00-23:00,import
n13013094024,کافه رستوران احمد ظاهر,,35.592982,51.428854,منطقه 20,south,cafe,,,,,,import
n12012026276,کافه رستوران پاپیرو,,35.601815,51.438222,منطقه 20,south,cafe,,,,,,import
n7472289966,کافه سیاه و سفید,,35.605130,51.434746,منطقه 20,south,cafe,,,,,,import
n14124500493,کافه لین,,35.608831,51.448621,منطقه 20,south,cafe,بلوار بسیج,+989199248235,,,,import
n12809219253,کافه موکا · منطقه 20,,35.596367,51.438975,منطقه 20,south,cafe,کوچه امامزاده عبدالله,02155952067,,,Mo-Su 07:00-23:00,import
n12068019844,کافه نادری · منطقه 20,,35.584921,51.442176,منطقه 20,south,cafe,دانش,09126332533,,,,import
n12776476387,کافه نان رویا,,35.624821,51.451615,منطقه 20,south,cafe,,02133395053,,,07:00-24:00,import
n13563580642,wascafe,,35.713468,51.227553,منطقه 21,west,cafe,کیلومتر 10 بزرگراه لشگری نرسیده به خیابان بیست و یکم وس,+982144523091,www.cafewas.ir,,09:00-19:00,import
n8787702518,جهان شیشه کردی,,35.689859,51.244143,منطقه 21,west,cafe,,,,,,import
n11361389230,کافه رز,,35.697530,51.257582,منطقه 21,west,cafe,,,,,,import
n12517618598,کافه رستوران تیوا,,35.697691,51.254103,منطقه 21,west,cafe,,+982144523039,,,,import
n12072340987,کافه ریو · منطقه 21,,35.712744,51.277033,منطقه 21,west,cafe,امام خمینی,+989905624399,,,,import
n14137018312,کافه صبحانه سیب,,35.681629,51.261438,منطقه 21,west,cafe,,,,,,import
n11960044787,کافه کاج,,35.710477,51.270723,منطقه 21,west,cafe,مصطفی خمینی,09938359941,,,,import
n11811990629,کافه گیم فانتوم کلاب,,35.696940,51.254442,منطقه 21,west,cafe,تهرانسر ، بلوار اصلی ، کوچه هجدهم ، ساختمان مهرگان پلاک ۱۲,09129173707,,,Mo-Su 09:00-24:00,import
n11922248986,کافه مدیوم شات,,35.703187,51.258639,منطقه 21,west,cafe,دوم شرقی شهدای پارس الکتریک,09191511338,,,,import
n14251129219,وس کافه,,35.713180,51.227493,منطقه 21,west,cafe,,,https://cafewas.ir,,9:00-21:00,import
n9464235381,Cafe Eskamoo,,35.739832,51.222752,منطقه 22,west,cafe,,,,,,import
n14221221351,Gap Coffee,,35.729435,51.248009,منطقه 22,west,cafe,,00982144771200,,,Mo-Fr 9:00 - 23:30,import
w552646909,تراس لانژ,Terrace Laounge,35.747844,51.185264,منطقه 22,west,cafe,,+98 912 714 9307,,,Mo-Su 10:00-22:00,import
n14110419787,قهوه بن سای,,35.746068,51.232097,منطقه 22,west,coffee_shop,,,,,,import
n12517699754,كافه شايان,,35.753920,51.233438,منطقه 22,west,cafe,تهران شهرك گلستان بلوارهاشم زاده خيابان قائم هشتم قائم هشتم پلاك ۱۰,09124273768,,,,import
n12504457239,کافه بابایی,,35.727494,51.218920,منطقه 22,west,cafe,بلوار دستواره,09129248598,,,,import
n10688707834,کافه تایم,,35.765036,51.241166,منطقه 22,north,cafe,,,,,,import
n13165414639,کافه چاو,,35.756610,51.160273,منطقه 22,west,cafe,شهرک خرازی,09362210060,,,,import
n11524682343,کافه خاتون,,35.726392,51.246609,منطقه 22,west,cafe,,,,,,import
n11092823299,کافه خلیج فارس,,35.751408,51.213371,منطقه 22,west,cafe,,,,,,import
n13306182591,کافه دوناتو باملند,,35.744629,51.221291,منطقه 22,west,cafe,کناررو دریاچه,,,,,import
n12616800101,کافه رستوران ابرا,Abra,35.756680,51.216696,منطقه 22,west,cafe,,,,,Mo-Su 10:00-23:00,import
n10688707833,کافه رستوران بام قلهک دره,,35.765395,51.241287,منطقه 22,north,cafe,,,,,,import
n12551160103,کافه رستوران سیلوا,,35.744108,51.228968,منطقه 22,west,cafe,,02144745066,,,09:00-24:00,import
n10121432059,کافه رستوران ویداس,,35.723144,51.244077,منطقه 22,west,cafe,,,,,,import
n14155426048,کافه رونیکا پالاس کوهک,,35.733492,51.249866,منطقه 22,west,cafe,,,,,,import
n12200923480,کافه ریحا,,35.746221,51.221300,منطقه 22,west,cafe,کناررو دریاچه,09102086039,,,Mo-Su 10:00-22:00,import
n4983216713,کافه سنتی کاج,Kaj Cafe,35.755190,51.236330,منطقه 22,west,cafe,سروستان نهم,,,,10:30-23:59,import
n12495432000,کافه گالری گیلدا,,35.756980,51.163443,منطقه 22,west,cafe,شهرک خرازی,09203267644,,,Mo-Su 10:00-22:00,import
n11650613885,کافه نان طُره,torreh cafe bakery,35.747347,51.246746,منطقه 22,west,cafe,بلوار امیرکبیر 278,02144707000,https://www.instagram.com/torrehcafebakery/,,08:00-22:00,import
n10121432057,کافه نان و شیرینی سرو,,35.722987,51.244042,منطقه 22,west,cafe,,,,,,import
n11626866060,کافه ولی,,35.743969,51.253302,منطقه 22,west,cafe,مهستان ب 9,09122072921,,,,import
n9926291133,لمیز · منطقه 22,,35.731996,51.200355,منطقه 22,west,cafe,,,,,,import
n12649160267,هالین کافه,,35.745961,51.222702,منطقه 22,west,cafe,,00989022252559,,,,import
n4157855634,Cafe Artin,,35.760116,51.414865,منطقه 3,center,cafe,,,,,,import
n5493660217,Cafe Mian,,35.754252,51.419796,منطقه 3,center,cafe,,,,,,import
n9346232107,Café Viuna,,35.752485,51.417599,منطقه 3,center,cafe,,,,,,import
n9346216140,Eskeleh Café,,35.752650,51.418365,منطقه 3,center,cafe,,,,,,import
n5357247108,Hashtak Donut,,35.758320,51.402580,منطقه 3,center,cafe,,,,,,import
n9346232089,Kolbeh Cafe Restaurant,,35.753786,51.417696,منطقه 3,center,cafe,,,,,,import
n12533589599,river,,35.760219,51.409975,منطقه 3,center,cafe,,,,,,import
n7870842100,Roberto Cafe,,35.752955,51.430710,منطقه 3,center,cafe,,,,,,import
n9346232108,Social Café,,35.752290,51.418119,منطقه 3,center,cafe,,,,,,import
n6780523186,آی دی کافه,ID Cafe,35.756804,51.442651,منطقه 3,center,cafe,ابن سینا,+982126400486,https://idcafe.ir,,Mo-Su 8:00-22:00,import
n8930554517,امیر شکلات · منطقه 3,,35.759689,51.446306,منطقه 3,center,cafe,,,,,,import
n11690026659,باقلوا تک سین ملاصدرا,,35.762417,51.399427,منطقه 3,center,cafe,دانشور شرقی 7,+982188041118,,,evryday 09:30-23:30,import
n10092269818,بالکافه,BalCafe,35.771009,51.420746,منطقه 3,north,cafe,,+98 21 91070635,,,08:00-23:00,import
n14210347866,بزم کافه,,35.756406,51.444647,منطقه 3,center,cafe,مهدی وزیری پور 13,+982122220212,https://www.bazmcafe.ir/,https://instagram.com/bazmcafe.ir,mo-su 7:00 am 12:00 pm,import
n11165333171,بن آیس (طبیعی باش),Ben Ice,35.766969,51.399572,منطقه 3,north,cafe,,,https://benicejuice.com/,,08:00-23:30,import
n4003341075,بوفه,Buffet,35.790980,51.400404,منطقه 3,north,cafe,,,,,,import
w397546049,بوفه · منطقه 3,,35.788854,51.397251,منطقه 3,north,cafe,,,,,,import
w397546051,بوفه · منطقه 3 · شعبه 2,Buffet,35.788714,51.401832,منطقه 3,north,cafe,,,,,,import
n10994740362,پوریسا (سارا&پوریا),,35.745848,51.445280,منطقه 3,center,cafe,سیمرغ شرقی 29,0098212281690,,,,import
n12084808088,تمپریکس,,35.770236,51.440128,منطقه 3,north,coffee_shop,,02122008303,,,Sa-Fr 10:30-21:00,import
n9445952408,جی کافه,J Cafe,35.772197,51.420914,منطقه 3,north,cafe,,,,,,import
n13252255100,خانه فرهنگ و هنر دوبار,,35.765130,51.438000,منطقه 3,north,cafe,,,,,,import
n12512067218,خانواده قهوه استلا میرداماد,,35.757595,51.442616,منطقه 3,center,cafe,نازآفرین 4178,,https://www.ptgiran.com,,09:00-21:00,import
n10092296517,دان تان,,35.771156,51.420686,منطقه 3,north,cafe,,,,,,import
n8633407620,دن کافه شعبه ظفر,Don Cafe Zafar,35.769697,51.426405,منطقه 3,north,cafe,بلوار آرش شرقی,+989124771810,,,Sa-Fr 09:00-21:00,import
n13232650875,دوبار (پارک پرنس),,35.758279,51.402519,منطقه 3,center,cafe,,,,,,import
n12474222725,دوناتو,Donutto,35.776978,51.458903,منطقه 3,north,cafe,,,https://donutto.cafe/branches/d-pasdaran/s,https://www.instagram.com/donutto.cafe,08:30-22:30,import
n4640351489,رئیس فود,,35.768132,51.396631,منطقه 3,north,cafe,سئول 02188050660,,,,,import
n12326791463,رول کافه,,35.767946,51.395219,منطقه 3,north,cafe,,02188606973,,,07:00-23:00,import
n11148573606,قهوه رامونا,,35.781174,51.466328,منطقه 3,north,coffee_shop,,,,,,import
n10887028905,قهوه سرکو,,35.767775,51.433437,منطقه 3,north,coffee_shop,,,,,,import
n9947248717,قهوه شمرون,,35.789522,51.460991,منطقه 3,north,coffee_shop,,,,,,import
n9986146373,قهوه لمیز · منطقه 3,,35.781621,51.423250,منطقه 3,north,cafe,,+98 21 2620 7976,https://lamizcoffee.com/,,,import
n4367368889,قهوه لمیز شعبه میرداماد,Lamiz,35.760002,51.434391,منطقه 3,center,cafe,میرداماد,,,,,import
n9971396627,قهوه لمیز شعبه ونک,,35.758854,51.409795,منطقه 3,center,cafe,,,,,,import
n11237785516,قهوه موندیال,mondial coffee,35.757839,51.442386,منطقه 3,center,cafe,شاه نظری/میدان مادر/میرداماد,+98 21 22274744,https://mondialcoffee.ir,,sa-th 10AM to 18PM,import
n12108199409,كافه رستوران CIP جردن,,35.767701,51.420499,منطقه 3,north,cafe,,88651779,,,12:00-01:00,import
n12115203939,کاف کافه,,35.753282,51.410671,منطقه 3,center,cafe,,,,,,import
n12245219301,کافه آفتابگردان,Sunflower Cafe,35.783055,51.456146,منطقه 3,north,cafe,,+98 21 2661 3345,,aftabgardan.cafe,Mo-Su 09:00-23:00,import
n9000692134,کافه آنسه,anseh cafe,35.771798,51.429015,منطقه 3,north,cafe,جم,+98 21 2200 2020,https://www.instagram.com/anseh.cafe,,Mo-Su 10:00-23:30,import
n12362283018,کافه ارس,,35.744575,51.443330,منطقه 3,center,cafe,,,,,,import
n9469050766,کافه انس,,35.760175,51.433761,منطقه 3,center,cafe,میرداماد TF14,+982126403494,https://instagram.com/ons.cafe?utm_medium=copy_link,,Sa-Th 10:00-21:30,import
n6165271859,کافه باب,Bob Cafe,35.760800,51.404928,منطقه 3,center,cafe,,,,,Mo-Su 08:00-23:00,import
n11363593470,کافه بادوس,,35.767582,51.422281,منطقه 3,north,cafe,,,,,,import
n11034529405,کافه باربیکیو دلبار,,35.779863,51.450283,منطقه 3,north,cafe,,,,,,import
n8330644310,کافه باقلوای ترکی علی کنتیا · منطقه 3,,35.760147,51.433754,منطقه 3,center,cafe,میرداماد جنب درب شمالی مترو میرداماد، روبروی بانک مرکزی، مجتمع تجاری رز، طبقه همکف، روبروی درب مترو,+98 21 26645245,https://takseen-baklava.com,,Mo-Su 10:00-22:00,import
n12600865714,کافه بما بگو,Tell us art cafe,35.770695,51.395070,منطقه 3,north,cafe,,,,tellus.cafe,,import
n9747565217,کافه بیکری رولن,Rollen Cafe,35.775120,51.461430,منطقه 3,north,cafe,7,+98 21 26917083,https://www.rollen.cafe/,https://www.instagram.com/rollen.cafe,08:30-22:30,import
n3440411691,کافه پاپ,Pop Cafe,35.767844,51.441827,منطقه 3,north,cafe,,,,,,import
n4665562389,کافه پترا,Petra Café,35.762267,51.415263,منطقه 3,center,cafe,میرداماد,,,,,import
n4768927221,کافه پلاس,plus cafe,35.777078,51.413603,منطقه 3,north,cafe,,,,,,import
n10653608264,کافه تو کافه · منطقه 3,Cafe to Cafe,35.763642,51.405763,منطقه 3,center,cafe,,+98 21 8820 3956,,cafe_to_cafe,,import
n8929419419,کافه داریما,Darima Café,35.757029,51.452602,منطقه 3,center,cafe,,,,,,import
n4695790501,کافه درسا,Cafe Dorsa,35.772169,51.438923,منطقه 3,north,cafe,شریعتی,,https://www.dorsa.net/,,,import
n5389762322,کافه دستاس,,35.763074,51.450666,منطقه 3,center,cafe,,,,,,import
n7269711103,کافه دلسا,Cafe delsa,35.757086,51.452961,منطقه 3,center,cafe,28,+98 919 300 8487,https://www.instagram.com/cafedelsa/,,5:00-23:30,import
n4416044733,کافه دیدارو,,35.743134,51.445884,منطقه 3,center,cafe,,,,,,import
n11278971765,کافه راه,,35.754010,51.446794,منطقه 3,center,cafe,,,,,,import
n12610233969,کافه رستری بیدار,,35.789955,51.460852,منطقه 3,north,cafe,دیباجی جنوبی 96,02122576907,https://www.instagram.com/bidar_coffeeroasters?igsh=MXQ1NnYyZGdhOWdlZg==,,Mo-Su 07:00-22:00,import
n5894406387,کافه رستری پانتیل,Pontiel Cafe,35.770490,51.396858,منطقه 3,north,cafe,چهارم 80,+982191302346,https://pontiel.cafe/,,07:00-22:00,import
w843752716,کافه رستوران ایزار,Izar Cafe,35.752989,51.431335,منطقه 3,center,cafe,شهدای بانک مرکزی,,,,Sa-We 10:00-23:00; Th-Fr 10:00-24:00,import
n12862221680,کافه رستوران بانو,,35.758692,51.450787,منطقه 3,center,cafe,دشتستان پنجم,09193034317,,,Mo-Sa 08:30-23:00,import
n6737873385,کافه رستوران پارسا,Parsa italian restaurant,35.765242,51.426033,منطقه 3,north,cafe,نیلوفر 14,,,,"Mo-Su 10:30-16:00, 19:00-22:00",import
w1425816965,کافه رستوران زیرو وان,,35.744565,51.443941,منطقه 3,center,cafe,خ ارسباران روبروی فرهنگ سرای ارسباران 15,+982191010019,https://zero1.cafe,,,import
n5856268485,کافه رستوران کاریز,,35.779542,51.444366,منطقه 3,north,cafe,,,,,,import
n9557643917,کافه رستوران هاوس,,35.771977,51.421776,منطقه 3,north,cafe,,+98 912 282 8456,http://houselounge.ir/,,,import
n10949085105,کافه رستوران هرو,,35.781292,51.467039,منطقه 3,north,cafe,,,,,,import
n4561619990,کافه ری,cafe ray,35.759142,51.404634,منطقه 3,center,cafe,کار و تجارت 19,,,,,import
n10860045605,کافه ریور,,35.757077,51.443882,منطقه 3,center,cafe,,,,,,import
n10239590845,کافه سبزیجات,,35.775759,51.440224,منطقه 3,north,cafe,,,,,,import
n5291308122,کافه شیرینی دانژه,Danjeh the pastry cafe,35.774323,51.421456,منطقه 3,north,cafe,,,,,,import
n14061343848,کافه صفر و یک,,35.744472,51.443896,منطقه 3,center,cafe,,,,,,import
n5293327020,کافه طهران,Tehran Cafe,35.776404,51.413358,منطقه 3,north,cafe,,,,,,import
n9839968795,کافه عربی عدنان,,35.774957,51.436495,منطقه 3,north,cafe,,,,https://www.instagram.com/adnan.cafe/,,import
n7840775686,کافه قنات,,35.780317,51.453613,منطقه 3,north,coffee_shop,یوسف کلاهدوز,+982122561277,https://www.instagram.com/shokocafe_ghanat,,,import
n9790288717,کافه قنادی سالی,saly cafe pastry,35.762513,51.414446,منطقه 3,center,cafe,,,,,,import
n9745219718,کافه قنادی مارژولن,Marjolain Cafe,35.790219,51.461131,منطقه 3,north,cafe,3,+98 21 2631 6300,https://www.instagram.com/marjolainegateau/,,07:30-23:45,import
n8091074324,کافه کارگاه,,35.765508,51.439779,منطقه 3,north,cafe,,,,,,import
n5943958386,کافه کاسبرگ,,35.782586,51.447653,منطقه 3,north,cafe,مطلبی نژاد,,,,24/7,import
n12278792801,کافه کای,Kai coffee,35.762007,51.405850,منطقه 3,center,cafe,محمدباقر خدامی,+98 21 9101 0701,http://www.kaicoffeeco.com/,,,import
n4672249989,کافه کتاب جایی دیگر,,35.773772,51.437340,منطقه 3,north,cafe,,,,,,import
n9934190618,کافه کتاب من,,35.789761,51.457230,منطقه 3,north,cafe,,,,,,import
n5700038852,کافه لوشه,Losheh Cafe,35.775052,51.436335,منطقه 3,north,cafe,,,,,,import
n11232976688,کافه ماکسیم,,35.762498,51.417672,منطقه 3,center,cafe,,,,,,import
n12827677223,کافه متیدا,,35.768435,51.419806,منطقه 3,north,cafe,,09332398396,,,08:00-22:00,import
n4423203090,کافه من رو,Cafe Maanro,35.763530,51.411001,منطقه 3,center,cafe,میرداماد,+98 21 8887 3774,,,Mo-Su 09:00-23:00,import
n12327441401,کافه نان لون,,35.784434,51.459671,منطقه 3,north,cafe,,,,,,import
n12774482602,کافه نولان,,35.760148,51.414072,منطقه 3,center,cafe,,,,,,import
n9653279512,کافه هایک,,35.760250,51.434283,منطقه 3,center,cafe,,,,,,import
n12732498508,کافه هایکا,,35.772130,51.438780,منطقه 3,north,cafe,دکتر علی شریعتی,02122618876,,,Mo-Su 08:00-24:00,import
n9350039701,کافه هومان,Hoomaan Cafe,35.762677,51.441637,منطقه 3,center,cafe,3,+98 21 2227 6206,https://www.instagram.com/hoomaan.cafe/,,09:00-23:00,import
n10092352817,کافه واران,,35.771518,51.439689,منطقه 3,north,cafe,,,,,,import
n12325420167,کافه وی وی ین جردن,,35.768038,51.418146,منطقه 3,north,cafe,شهید وحید دستگردی 332,+982188202295,https://vvn-cafe.com,,Mo-Su 08:00-23:00,import
n13183560751,کافه وی‌ وی‌ یِن ونک,,35.763463,51.400114,منطقه 3,center,cafe,ونک 150,,https://vvn-cafe.com,,,import
n6311012870,کافه ویونا · منطقه 3,,35.752006,51.431716,منطقه 3,center,cafe,,,,,,import
n11054677089,کافه ویونا پلاس,,35.757318,51.417365,منطقه 3,center,cafe,,+98 21 88 200 610,https://www.cafe-viuna.com,,,import
n4620272389,کافی شاپ شیث,Sheis Coffey,35.762479,51.399964,منطقه 3,center,cafe,عباس شیرازی,,,,Mo-Su 09:00-23:00,import
n12157516419,کر کافه,Core Cafe,35.751092,51.432667,منطقه 3,center,cafe,,+98 21 8865 7246,,,,import
n10814061273,کلانا · منطقه 3,,35.759014,51.409750,منطقه 3,center,cafe,,,,,,import
w222657688,مجموعهٔ پذیرایی آکو,AQU Fast Food,35.779107,51.409243,منطقه 3,north,cafe,"Valiasr Street, Mellat Park Besides Lake",+982122017456,,,,import
n10905404605,هات کاپ,,35.772314,51.420940,منطقه 3,north,cafe,,,,,,import
n7592099903,وی کافه · منطقه 3,V Cafe,35.769640,51.440790,منطقه 3,north,cafe,,+98 21 22649561,https://www.instagram.com/vcafe.tehran/,,8:30-23:00,import
n10094596386,Shomineh Cafe,,35.760115,51.534417,منطقه 4,east,cafe,,,,,,import
n11787493869,آدلی کافه هروی,,35.767165,51.473979,منطقه 4,north,cafe,,,,,,import
w1463684839,بوفهٔ پردیس رضایی‌نژاد,,35.750516,51.563790,منطقه 4,east,cafe,,,,,,import
n4724563789,پوریای ولی,pourya vali,35.744474,51.543631,منطقه 4,east,cafe,بلوار شاهد,,,,,import
n12889163939,چایخانه سنتی امیران,,35.742228,51.468365,منطقه 4,east,cafe,,+989125870848,,,,import
n13415227276,دن کلاب هروی,,35.764204,51.475169,منطقه 4,east,cafe,بلوار پناهی نیا,02122983220,,,Mo-Su 07:00-24:00,import
n9757867617,رویال هوکا,,35.772512,51.462764,منطقه 4,north,cafe,,,,,,import
n9953371317,شوکو قهوه بولوت,,35.772254,51.461631,منطقه 4,north,cafe,,,,,,import
n11085369981,قهوه آفر شعبه 2,,35.744436,51.468194,منطقه 4,east,cafe,خیابان رسول رحیمی،خیابان اتحاد 17,09198199793,https://www.offercoffee.ir/,,Mo-Su 09:00-22:30,import
n13421495711,قهوه امیر,,35.753215,51.475578,منطقه 4,east,cafe,اردستانی,+989127607362,,,09:00-22:00,import
n4714001989,قهوه خانه حبیب,,35.739470,51.597434,منطقه 4,east,cafe,,,,,,import
n12649630277,قهوه خانه و چایخانه نخل,,35.745013,51.544305,منطقه 4,east,cafe,بلوار شاهد,02177323987,,,Mo-Su 08:00-24:00,import
n4713978495,قهوه خانه یاسین,,35.736672,51.599512,منطقه 4,east,cafe,,,,,,import
n9675639817,قهوه سربن,Serbon Coffee,35.770831,51.460387,منطقه 4,north,cafe,,+98 21 2256 0556,https://www.instagram.com/serboncoffee/,,07:00-23:30,import
n12257737203,قهوه سنتر پروین,,35.744089,51.543277,منطقه 4,east,coffee_shop,,,,,,import
n11229670737,قهوه شات,,35.738751,51.598330,منطقه 4,east,coffee_shop,,,,,,import
n11369415815,قهوه کافیینی,,35.745075,51.540592,منطقه 4,east,cafe,۷۴,989125229702,,,Mo-Su 09:00-21:00,import
n10564202909,قهوه کوبا,Cuba coffee,35.757644,51.453256,منطقه 4,center,coffee_shop,,+98 912 183 4062,,,08:00-23:30,import
n4537670990,قهوه لمیز شعبه پاسداران,Lamiz Cafe,35.768663,51.458247,منطقه 4,north,cafe,,,https://www.lamizcoffee.com/,,Mo-Su 07:00-23:30,import
n9258082217,قهوه لمیز شعبه پایدارفر,,35.763357,51.458585,منطقه 4,center,cafe,,,,,,import
n5979279085,قهوه هرمس,,35.742053,51.531670,منطقه 4,east,coffee_shop,,,,,,import
n7269711104,كافه رستوران هوكاجى,HookahG Cafe,35.761967,51.459712,منطقه 4,center,cafe,گیلان غربی,+98 21 2288 6542,,https://www.instagram.com/hookahg/,,import
n7234487785,كافه-بار ژوزک,,35.770804,51.467351,منطقه 4,north,cafe,,,,,Mo-Su 08:00-23:00,import
n9222270118,کافه 24,,35.731594,51.527617,منطقه 4,east,cafe,,,,,,import
n13404041703,کافه آچار,,35.747578,51.450374,منطقه 4,center,cafe,نورمحمدی,09925007953,,,Mo-Su 08:00-20:00,import
n12404376901,کافه آلبا,,35.744390,51.517103,منطقه 4,east,cafe,گلستان ششم غربی,09123767189,,,Mo-Su 10:00-24:00,import
n11108619705,کافه آوا,,35.767821,51.474576,منطقه 4,north,cafe,,,,,,import
n4423930989,کافه ارم,Eram Cafe,35.765591,51.455768,منطقه 4,north,cafe,,,,,,import
n11727460451,کافه اسموک,,35.732675,51.521258,منطقه 4,east,coffee_shop,,,,,,import
n11966260744,کافه افق,,35.735044,51.528719,منطقه 4,east,cafe,فرجام شرقی کافه افق,+989124770374,https://zil.ink/cafeofogh,,12:00-24:00,import
n9991362217,کافه الوا,,35.741483,51.592035,منطقه 4,east,cafe,,,,,,import
n12329089708,کافه اِوْ,,35.773625,51.483694,منطقه 4,north,cafe,افتخاریان,02126913915,,,,import
n9950473296,کافه اودسا,,35.736588,51.494809,منطقه 4,east,cafe,دکتر آیت,,,,,import
n14099253143,کافه این,,35.738290,51.516829,منطقه 4,east,cafe,شهید حسن طباطبایی نسب ۳۴,09375476502,https://www.instagram.com/cafein.togo?igsh=MXEwZjJoamtrdXUzbw==,,10 am till 10 pm,import
n8330714307,کافه باقوای ترکی تک سین,,35.741445,51.532863,منطقه 4,east,cafe,علی دوستی ۱۹۰,+98 21 40772428,https://takseen-baklava.com,,Mo-Su 10:00-22:00,import
w1023312409,کافه بستنی عمو مجید,,35.758549,51.515247,منطقه 4,east,cafe,آمره ای 398,+982177271640,https://www.instagram.com/explore/locations/519754318505733/iran/tehran-iran/ice-cream-uncle-majid/?hl=en,,10:00-24:00,import
n4449050805,کافه بلور,Cafe Blur,35.755561,51.452959,منطقه 4,center,cafe,پاسداران,,,,,import
n13031168002,کافه بولرو,,35.745686,51.448888,منطقه 4,center,cafe,,,,,,import
n12157589224,کافه بی تا,,35.736035,51.589572,منطقه 4,east,cafe,بلوار بابائیان,02177002843,,,,import
n14141880655,کافه بیکری آسونار,,35.756521,51.453240,منطقه 4,center,cafe,"Negarestan no 4, Pasdaran st 31",02122873187,https://asoonar.ir/,asoonar.cafebakery,All day 8:00 - 23:00,import
n11094227205,کافه پتوس,,35.742025,51.590540,منطقه 4,east,cafe,,,,,,import
n12869154024,کافه پولی,,35.768585,51.473455,منطقه 4,north,cafe,,,,,,import
n7265865785,کافه تولد,,35.761782,51.460221,منطقه 4,east,cafe,,,,,,import
n8714654046,کافه چیاکو,Cafe Chiaco,35.755149,51.453050,منطقه 4,center,cafe,,,,,,import
n12196377588,کافه دیت اسپرسو لته,,35.739681,51.541861,منطقه 4,east,cafe,بلوار شاهد,09122181591,,,,import
n4790572321,کافه رستوران آکاژو,,35.772992,51.483885,منطقه 4,north,cafe,,,,,,import
n12115942001,کافه رستوران پاگانی,,35.761916,51.461660,منطقه 4,east,cafe,,,,,Mo-Su 11:00-23:55,import
n7265871087,کافه رستوران پونل,,35.761223,51.461673,منطقه 4,east,cafe,,,,,,import
n12869154021,کافه رستوران پی وان P1,,35.768559,51.473914,منطقه 4,north,cafe,,,,,,import
n9573963517,کافه رستوران دوبرا,Dobera Restaurant & Cafe,35.768776,51.466094,منطقه 4,north,cafe,,+98 21 22797365,https://instagram.com/doberaa,,12:00-23:30,import
n11043583386,کافه رستوران صدصا,Sedsa cafd restaurant,35.756244,51.475858,منطقه 4,east,cafe,حسین پور 53,+989354844000,www.Instagram.com/sedsa_cafe,,Mo-Su 11:00-23:00,import
n12147197724,کافه رستوران کنعان,,35.768756,51.466140,منطقه 4,north,cafe,,,,,,import
n9573976817,کافه رستوران گجا,Goja Cafe & Restaurant,35.768155,51.465098,منطقه 4,north,cafe,,,https://instagram.com/goja_cafe_restaurant,,Mo-Su 11:00-23:30,import
n11046214205,کافه رستوران لانژ ١٢,Lounge 12,35.764495,51.458883,منطقه 4,center,cafe,,+98 21 22 555 100,,,Mo-Su 11:00-23:30,import
n4986809621,کافه روبرتو,Roberto cafe,35.762862,51.457571,منطقه 4,center,cafe,,,https://instagram.com/roberto.cafe,,,import
n3939540461,کافه روژه,,35.734965,51.503005,منطقه 4,east,cafe,,,,,,import
n5087935739,کافه ژوان,,35.739298,51.495701,منطقه 4,east,cafe,فرجام,,,,,import
n3924048558,کافه سام,,35.742464,51.501446,منطقه 4,east,cafe,,,,,,import
n7515355347,کافه سپنج · منطقه 4,,35.747144,51.530972,منطقه 4,east,cafe,,,,,,import
n12520180946,کافه ستارباکس,,35.747059,51.549689,منطقه 4,east,cafe,جمیلی شبستری,09937862830,,,,import
n4834152621,کافه سنتی,,35.741326,51.591089,منطقه 4,east,cafe,,,,,,import
n4846019321,کافه سنتی ۲,,35.741399,51.590309,منطقه 4,east,cafe,,,,,,import
n6205778385,کافه شهر کتاب,,35.763227,51.457179,منطقه 4,center,cafe,,,,,,import
n14170691140,کافه طهران · منطقه 4,,35.745541,51.544190,منطقه 4,east,cafe,,09363037786,,,9:00_22:00,import
n5848131086,کافه عربی,,35.739246,51.495666,منطقه 4,east,cafe,دکتر آیت,+982177213269,,,,import
n9289808935,کافه عربی فیکا,,35.764077,51.475129,منطقه 4,east,cafe,,,,,,import
n6592797431,کافه عربی هشتگ,,35.741550,51.591100,منطقه 4,east,cafe,بلوار بهار 131,+98 912 610 8387,,,,import
n11295043079,کافه فُروارد,Forward Cafe,35.745376,51.453142,منطقه 4,center,cafe,پنجم پلاک 5,,www.cafeforward.ir,,12:00 to 00:00,import
n6088538885,کافه کارزین,Karzin Cafe,35.768796,51.462345,منطقه 4,north,cafe,گلستان ۱,+98 21 2277 7961,,,Mo-Su 08:00-23:00,import
n13013058319,کافه کای · منطقه 4,,35.766685,51.460747,منطقه 4,north,cafe,,,,,,import
n9241892625,کافه کرگدن /بیرون بر,RHINO CAFE  TAKE AWAY,35.768467,51.473779,منطقه 4,north,cafe,,+98 935 7974653,https://www.instagram.com/lidia.coffee/,,10:00-22:00,import
n5347235322,کافه گلاریس,gelaris cafe,35.764714,51.458949,منطقه 4,center,cafe,,,,,,import
n10723663242,کافه گیم استرونات,,35.765959,51.480155,منطقه 4,north,cafe,کاظم موسوی,,,,Mo-Su 10:00-24:00,import
n13420399178,کافه گیم لونا,,35.745372,51.570020,منطقه 4,east,cafe,خیابان زهدی پلاک ۸۴۶,02177323494,,,Mo-Su 07:00-24:00,import
n6440416815,کافه لابار,labar Cafe,35.770177,51.492022,منطقه 4,north,cafe,,,,,"Sa-Tu 08:00-23:30; We-Fr 00:00-02:30, 08:00-23:30",import
n12745581301,کافه لمیز,,35.768135,51.474585,منطقه 4,north,cafe,,,,,,import
n8511472517,کافه لوتوس,,35.768994,51.476508,منطقه 4,north,cafe,,,,,,import
n10554088678,کافه لیما,,35.763464,51.473501,منطقه 4,east,cafe,,,,,,import
n4535709091,کافه مانی,,35.767115,51.457214,منطقه 4,north,cafe,پاسداران,,,,,import
n11581583991,کافه مهرا,,35.741005,51.493058,منطقه 4,east,cafe,ضیایی,02177198523,,,,import
n12513309825,کافه موکا,,35.740535,51.467027,منطقه 4,east,cafe,,,,,,import
n10948833468,کافه میسان,,35.778248,51.477543,منطقه 4,north,cafe,,,,,,import
n13284693689,کافه نان بروله (شعبه پاسداران),,35.757339,51.456536,منطقه 4,center,cafe,,+982122883262,,,Mo-Su 09:00-21:00,import
n6098485886,کافه نوبو,Nobo Cafe,35.769818,51.459731,منطقه 4,north,cafe,,,,,Mo-Su 08:00-22:30,import
n7826063912,کافه نیوا,Niwa Cafe,35.770458,51.461636,منطقه 4,north,coffee_shop,فلاح زاده 345,+98 21 2279 7889,,,,import
n12041919889,کافه یولو,,35.739792,51.539359,منطقه 4,east,cafe,مظفری,,,,,import
n12347811567,کافه یونیس,,35.756518,51.546046,منطقه 4,east,cafe,گلستان یکم,09031912770,,,Mo-Su 10:00-22:00,import
n11751188069,گراند حیات کافه,,35.757694,51.455802,منطقه 4,center,cafe,,,,,,import
n11688050118,لاریسا,Larisa Cafe Bakery,35.764123,51.463272,منطقه 4,east,cafe,,,https://www.larisa.ir/,,Mo-Su 08:00-23:00,import
n13055086747,مجموعه بازی‌های فکری مافیا لجندری,,35.754952,51.453486,منطقه 4,center,cafe,,09351151929,,,16:00-01:00,import
n10234580219,ولفز دن,Wolf’s Den,35.768592,51.462246,منطقه 4,north,cafe,,,,,,import
n7592115226,وی کافه · منطقه 4,,35.766004,51.456344,منطقه 4,north,cafe,,+98 21 22796521,https://www.instagram.com/vcafe.tehran/,,9:00-23:30,import
n11020007302,Cafe Dream World,,35.777193,51.335613,منطقه 5,north,cafe,,,,,,import
n7165552032,Cofe Milan ( کافه میلان ),,35.764342,51.273764,منطقه 5,west,cafe,12 Emam,,,,24/7,import
n6357854959,Coffee House,,35.767835,51.289401,منطقه 5,north,cafe,,,,,,import
n7328338290,Coffee Time,,35.770730,51.291441,منطقه 5,north,cafe,,,,,,import
n4715979491,ابراهیم برلیان,,35.727876,51.318650,منطقه 5,west,cafe,,,,,,import
n4331659090,چایخانه حضرت رضا,,35.718275,51.301946,منطقه 5,west,cafe,,,,,,import
n4464641693,چای‌خانه‌ی کیهان,,35.739934,51.296135,منطقه 5,west,cafe,,,,,Mo-Su 10:00-21:30,import
n11111922875,حال خوب,,35.776970,51.333200,منطقه 5,north,cafe,,,,,,import
n12911367757,رادیو قهوه,,35.738727,51.307525,منطقه 5,west,cafe,پیامبر غربی,,,,Mo-Su 10:00-23:00,import
n5142291726,شیرینی لادن,Ladan,35.779018,51.336099,منطقه 5,north,cafe,عزیزاله زارع (نفت),,,,,import
n8259410260,قهوه آرمون,,35.701664,51.313124,منطقه 5,west,coffee_shop,,+21. 44699016,https://instagram.com/ghahve_armoon,,Mo-Su 10:00-22:00,import
n9673741780,قهوه آریا روناسیان,,35.710040,51.312783,منطقه 5,west,cafe,علیزاده 18,+982144674226,https://aria-coffee.com/,,24/7,import
n11014465623,قهوه الی شعبه ۳,,35.746162,51.304097,منطقه 5,west,cafe,,,,,Sa-Th 08:00-22:30,import
n4363667391,قهوه خانه پروین,,35.743464,51.296156,منطقه 5,west,cafe,,,,,,import
n12888535991,قهوه خانه حاج علی,,35.738267,51.306992,منطقه 5,west,cafe,بلوار شهید مصطفی پژوهنده,,,,,import
n5260311123,قهوه خانه خان بابا,Khan baba,35.723002,51.328917,منطقه 5,west,cafe,بلوار فردوس شرق,,,,,import
n5301838726,قهوه خانه خیام,Khayyam Cafe,35.721164,51.333246,منطقه 5,west,cafe,,,,,,import
n12644764242,قهوه خانه محفل,,35.768975,51.327159,منطقه 5,north,cafe,کنارگذر سردار جنگل,02146135993,,,Mo-Su 08:00-22:00,import
n11804385514,قهوه گورین,,35.739730,51.292180,منطقه 5,west,coffee_shop,محمد رسول زاده فرساد,09121028288,,,,import
n12888442360,قهوه لموند,Le mondu coffee,35.739636,51.310360,منطقه 5,west,cafe,جهاد اکبر,,,,Mo-Su 08:00-22:00,import
n4523490296,قهوه لمیز,,35.722963,51.318881,منطقه 5,west,cafe,بلوار فردوس شرق,,,,Mo-Su 11:00-23:00,import
n13986214188,قهوه نوی,,35.760461,51.289758,منطقه 5,west,coffee_shop,,,,,,import
n13271306985,قهوه واکا,,35.759926,51.334300,منطقه 5,west,cafe,,۰۹۱۲۳۲۲۶۰۹۲,,,07:00-23:00,import
n11341249817,قهوه وانیلا,,35.741546,51.289241,منطقه 5,west,cafe,شهید شربیانی,09122758679,,,06:00-23:00,import
n7980935679,کارفودلند,,35.726137,51.310728,منطقه 5,west,cafe,,,,,,import
n9845966178,کافه  جیران,,35.761456,51.312744,منطقه 5,west,cafe,شاهین - بصارتی 40,+982144897863,www.jrangroup.com,,Sa-Fr 07:00-22:00,import
n12205304119,کافه اف پلاس,,35.767870,51.327973,منطقه 5,north,cafe,یاس ۳,,,,,import
n8685130191,کافه الحمرا,,35.704820,51.308796,منطقه 5,west,cafe,ذاکر حسینی,+982144634898,,,,import
n12952404720,کافه ایران,,35.737484,51.311460,منطقه 5,west,cafe,,,https://coffeeiran.menusaz.com/,,Mo-Su 08:00-23:00,import
n11021478056,کافه باتیس,Batis Cafe,35.736289,51.332626,منطقه 5,west,cafe,پیامبر شرقی,+982144973583,,,,import
n13227413930,کافه باقلوای کریم اوغلو شعبه سوم,,35.738430,51.313620,منطقه 5,west,cafe,,+989124491430,,,Mo-Su 09:00-21:00,import
n6482404267,کافه بونچیبو,,35.760546,51.330828,منطقه 5,west,coffee_shop,,,,,,import
n10197579274,کافه پستو,,35.737674,51.312647,منطقه 5,west,cafe,,,,,,import
n10023912152,کافه تیراژه,,35.748317,51.330886,منطقه 5,west,cafe,,,,,,import
n6435356056,کافه چارگوش,,35.763698,51.293074,منطقه 5,west,cafe,,,,,,import
n14234226409,کافه دَم,,35.726992,51.306230,منطقه 5,west,cafe,,+2144102048,,,شنبه تا پنج شنبه ۶:۳۰ تا ۲۳:۳۰-جمعه ۸:۳۰ تا ۲۴,import
n13306087013,کافه دوناتو نیایش مال,,35.764650,51.305926,منطقه 5,west,cafe,رجب صلاحی,,,,,import
n12373075616,کافه رستری فیشبرد,,35.779382,51.335789,منطقه 5,north,cafe,,,,,,import
w916321797,کافه رستوران دوراک,Durock Cafe & Restaurant,35.703774,51.305834,منطقه 5,west,cafe,شهرک اکباتان فاز 2 بین بلوک 15 و 17 02144696963,+982144696962,https://instagram.com/cafedurock,,08:00 23:59,import
n6371789069,کافه رستوران دیاکو,Diaco Cafe Restaurant,35.781327,51.335053,منطقه 5,north,cafe,,,,,11:00-23:30,import
n10621276896,کافه رستوران راکان,,35.778088,51.322312,منطقه 5,north,cafe,,,https://www.rackanrestaurant.ir/,,,import
n6527838585,کافه رستوران سالمبا,Restaurant&coffe salemba,35.725931,51.307076,منطقه 5,west,cafe,بین ورزی و پروانه جنوبی ساختمان کارون طبقه همکف پلاک۴۴۶,44145353--55,,,Mo-Su 11:00-00:00,import
n13267281472,کافه سبو,,35.759220,51.289543,منطقه 5,west,cafe,,,,,,import
n6482380968,کافه شاتو,Cafe Shato,35.760024,51.333758,منطقه 5,west,cafe,,+98 44 42 2772,,https://www.instagram.com/cafe_shato/?hl=en,,import
n8685130192,کافه شمرون,,35.704738,51.308752,منطقه 5,west,cafe,ذاکر حسینی,+982144642490,,,,import
n9766089114,کافه عربی آقاجون,,35.765440,51.274761,منطقه 5,north,cafe,,,,,,import
n12909557039,کافه فؤاد,,35.740119,51.310490,منطقه 5,west,cafe,ششم,,,,Mo-Sa 08:00-22:00,import
n12954659566,کافه قلیان دنج,,35.701890,51.313037,منطقه 5,west,cafe,,+989127745688,,,,import
n13333611401,کافه کارآ,,35.741369,51.300197,منطقه 5,west,cafe,آیت الله کاشانی، نبش 200 دستگاه ( ملاحسینی ) کوچه یکم 12,,,,,import
n11204945197,کافه کافمون,,35.746963,51.305093,منطقه 5,west,cafe,,,,,,import
n12223558492,کافه کالیا | Cafe Kalya,,35.751546,51.269401,منطقه 5,west,cafe,,+989123775893,https://cafekalya.ir,,Mo-Su 08:00-00:00,import
n8257522023,کافه کرفت,,35.700807,51.313066,منطقه 5,west,cafe,,+98 9128948318,,,Mo-Su 10:00-22:00,import
n7733536283,کافه کلاسیک اکباتان,,35.706351,51.315875,منطقه 5,west,cafe,,+98 9122268224,https://www.instagram.com/cafeclassic_ekbatan/,,,import
n11939717346,کافه گیلاس,,35.760144,51.291152,منطقه 5,west,cafe,عباسی,,,,,import
n9958913711,کافه لاتین,,35.722066,51.332819,منطقه 5,west,cafe,,,,,,import
n5149342922,کافه لازم,Cafe Lazem,35.726698,51.304120,منطقه 5,west,cafe,,,,,,import
n4909183121,کافه لایچى,Lychee cafe,35.738737,51.313542,منطقه 5,west,cafe,بزرگراه ستاری,,,,,import
n13318774769,کافه لون,,35.761708,51.302853,منطقه 5,west,cafe,,,,,,import
n14051620253,کافه لونا,,35.769145,51.275936,منطقه 5,north,cafe,,,https://snapp.ir,,,import
n5895610785,کافه لیبرو,,35.774773,51.316946,منطقه 5,north,cafe,شعرا,,http://www.ketabrane.ir,,Sa-Th 10:00-19:00,import
n10023912153,کافه ملانژ,,35.748070,51.331199,منطقه 5,west,cafe,,,,,,import
n9958913695,کافه نارینا,,35.720827,51.333843,منطقه 5,west,cafe,,,,,,import
n11733398058,کافه نان و شیرینی سمفونی,,35.765615,51.288277,منطقه 5,north,cafe,,,,,,import
n14155788270,کافه ویش,,35.719039,51.330172,منطقه 5,west,cafe,,,,,,import
n5352272722,کافه ویونا · منطقه 5,Viuna Cafe,35.738581,51.313663,منطقه 5,west,cafe,,,,,,import
n10023912154,کافی شاپ امیرشکلات,,35.748227,51.331537,منطقه 5,west,cafe,,,,,,import
n14248283932,کافی نت شروبن,,35.739056,51.301877,منطقه 5,west,cafe,,+989965151841,,,sa-fr8:30-20:00,import
n10621276841,کلانا · منطقه 5,,35.775012,51.318855,منطقه 5,north,cafe,,+98 21 4481 7050,http://cluna.ir/,,,import
n7869154163,کلبه,Kolbeh,35.761189,51.335124,منطقه 5,west,cafe,,,,,,import
n7317196968,گل صحرا,,35.802927,51.256657,منطقه 5,north,cafe,,,,,,import
n13995277258,Aram Coffee Store,,35.718177,51.422671,منطقه 6,center,coffee_shop,"قائم‌مقام فراهانی No. 12,",02188308730,,,"7 days, 8 AM–9:30 PM",import
n4721895718,balcony cafe,,35.731827,51.411596,منطقه 6,center,cafe,,,,,,import
n12719579246,beat cafe,,35.702794,51.385565,منطقه 6,center,cafe,,,,,,import
n8524059586,BlackBox Cafe,,35.712393,51.419651,منطقه 6,center,cafe,مهاجر,+98 21 8830 7786,,,,import
n6284709290,Cafe 78,,35.711187,51.412849,منطقه 6,center,cafe,,88919862 3,http://cafe78.com,,Mo-Su 09:00-00:00,import
n4924789514,Cafe Chaplin,,35.716430,51.423590,منطقه 6,center,cafe,,,,,,import
n9041254674,Cafe Dito | کافه دیتو,,35.703348,51.401127,منطقه 6,center,cafe,,,,,,import
n9041092070,Cafe Night Land,,35.704910,51.400442,منطقه 6,center,cafe,,,,,,import
n10002967099,Cafe Pamella,,35.725423,51.411023,منطقه 6,center,cafe,,,,https://www.instagram.com/cafepamella/,,import
n10147437548,Cafe Sols,,35.701558,51.409851,منطقه 6,center,cafe,,,,,,import
n11432439279,Coffee 54 فروشگاه قهوه,,35.718517,51.425531,منطقه 6,center,cafe,,88829903,,,,import
n13130535500,Daily Cafe دیلی کافه,,35.705190,51.390409,منطقه 6,center,cafe,مرتضی طباطبایی 1122,+989391153010,https://www.instagram.com/daily__caffee,,,import
n11618352143,Daily Coffee,,35.704214,51.386986,منطقه 6,center,cafe,North Jamalzadeh 239,09129473217,,,,import
n12198584985,lamiz coffee,,35.705664,51.390346,منطقه 6,center,cafe,,,https://lamizcoffee.com/,,,import
n14203076525,LOYI,,35.717449,51.405671,منطقه 6,center,cafe,یزدان 8,+989358184950,,,10 - 18,import
n12296993955,maya cafe,,35.707141,51.390530,منطقه 6,center,cafe,,,,,,import
n6536785586,Melli Café,,35.724822,51.403988,منطقه 6,center,cafe,,,,,,import
n9375692455,merat coffee,,35.709628,51.389542,منطقه 6,center,cafe,صدوقی,+98 922 303 5109,https://coffeeeshop.com/,,Mo-Su 09:00-21:00,import
n12672512910,Mondial Café,,35.705144,51.399399,منطقه 6,center,cafe,,,,,,import
n13247251771,Nuu Collective Cafe نوو کافه,,35.727170,51.414636,منطقه 6,center,cafe,آیت الله بهشتی 476,+982188558074,,,Mo-Su 07:00-22:30,import
n12719579247,offroad cafe,,35.701324,51.385254,منطقه 6,center,cafe,,,,,,import
n10037740067,Pallet Cafe,,35.710139,51.411677,منطقه 6,center,cafe,,,,,,import
n9870630350,Qashqaee Cafe,,35.705615,51.391445,منطقه 6,center,cafe,,,,,,import
n8785472817,rafid,,35.722110,51.422568,منطقه 6,center,cafe,,,,,,import
n9866134507,Tehran Cafe,,35.745144,51.390463,منطقه 6,center,cafe,,,,,,import
n4542947489,آن,Ann,35.710866,51.405886,منطقه 6,center,cafe,برادران مظفر,,,,,import
n4554381719,آوانسن,,35.707360,51.391917,منطقه 6,center,cafe,بلوار کشاورز,+982188982084,,,,import
n7094039285,اگزیت,Exit,35.709799,51.403599,منطقه 6,center,cafe,علیرضا حجت دوست,+98 21 8897 2972,,,Mo-Su 08:00-23:30,import
n12139912289,ال کافه,,35.750094,51.399474,منطقه 6,center,cafe,یاس,,,,,import
n9870630342,اوی کافه,,35.705574,51.388274,منطقه 6,center,cafe,,,,,,import
n11414667522,بلر کافه,Beler Cafe,35.714718,51.417851,منطقه 6,center,cafe,خيابان سپهبد قرنى، تقاطع پل كريمخان 201,+982188490519,https://belercafe.com,,,import
n5516363121,بودابار,BUDABAR COFFEE,35.721425,51.394134,منطقه 6,center,cafe,میدان فرشته,,,,,import
w281565614,بوفه پردیس هنرهای زیبا,,35.702728,51.397324,منطقه 6,center,cafe,,,,,,import
n7086046764,بوفه دانشکده فنی,College of Engineering Buffet,35.724282,51.386993,منطقه 6,center,cafe,,,,,,import
n10132894520,بوفه زیرج,,35.705532,51.395024,منطقه 6,center,cafe,,,,,,import
n6825407885,بيرشيان,,35.703396,51.413299,منطقه 6,center,cafe,,,,,,import
n6416728129,بیتر سوییت,Bittersweet,35.709928,51.398638,منطقه 6,center,cafe,,,,,,import
n5801934093,بیسترو,Rum Bistro,35.715604,51.423135,منطقه 6,center,cafe,,,,,,import
n13288717567,پاریس,,35.725435,51.416151,منطقه 6,center,cafe,,,,,,import
n3777178307,پشت‌بوم,Poshte Boom,35.710019,51.399891,منطقه 6,center,cafe,,,,,,import
n4077439329,پلاک ۸,,35.715820,51.420438,منطقه 6,center,cafe,,,,,,import
n10879447702,پنگان,,35.704618,51.383234,منطقه 6,west,cafe,,,,,,import
n7923012928,تاریخ آنلاین,,35.707551,51.398296,منطقه 6,center,cafe,مریم 5,+98 21 88997229,,,"Sa-We 16:00-23:00, Th-Fr 11:00-23:00",import
n11477738206,تم کافه,,35.711356,51.390643,منطقه 6,center,cafe,,,,,,import
n6634447991,تورو تورو,,35.721346,51.408961,منطقه 6,center,cafe,,,,,,import
n8779146506,خانه آپ,UP house,35.722780,51.416813,منطقه 6,center,cafe,میرزای شیرازی - کوچه 19 17,+989382303871,https://www.instagram.com/up.coffee/,,Mo-Su 08:30-23:30,import
n9669334617,خانه پاپریکا,,35.704663,51.416989,منطقه 6,center,cafe,,,https://instagram.com/paprika__house,,,import
n10119779523,خانه پنیر پرچک,,35.740237,51.409852,منطقه 6,center,cafe,,,,,,import
n12422706059,خانه کتاب اُرسا,,35.712533,51.419649,منطقه 6,center,cafe,استاد حمید سمندریان 17,+982188491426,https://www.instagram.com/orsa.house?igsh=MW5ub3dlc3k3OHdudg==,,08:00-23:00,import
n10681368987,خانه کناری,,35.701402,51.404750,منطقه 6,center,cafe,,,,,"Sa-Th 08:00-22:00, Fr 12:00-22:00",import
n6142873682,خانه گدار,Godar House,35.706556,51.393730,منطقه 6,center,cafe,,,,,Mo-Su 11:00-23:30,import
n13569670801,خانه هنر تمام ناتمام,,35.711221,51.412922,منطقه 6,center,cafe,,+982188917734,,,Mo-Su 09:00-21:00,import
n11391575028,خانواده قهوه استلا شعبه مطهری,,35.722368,51.423320,منطقه 6,center,cafe,Motohari St 35,+982188862600,https://www.ptgiran.com,,Sa-Tu 09:00-21:00 Fr 09:00-21:00,import
n8635753268,دن کافه شعبه انقلاب,Don Cafe Enqelab,35.704711,51.390804,منطقه 6,center,cafe,کارگر شمالی,+989126961867,https://doncafe.ir/,,Sa-Fr 09:00-21:00,import
n12492875926,دن کلاب مرکز DONCLUB central,,35.741500,51.403848,منطقه 6,center,cafe,,09205055059,,,14:00-02:00,import
n12887009911,دوبار,,35.723066,51.417800,منطقه 6,center,cafe,سنایی,,,,,import
n6390523538,رد کافه,Rad Cafe,35.701481,51.411667,منطقه 6,center,cafe,,+98 21 6640 3414,https://www.instagram.com/rad.cafe/,,8:00-23:30,import
n6916635985,روز کافه,,35.711879,51.403628,منطقه 6,center,cafe,,,,,Sa-Th 11:00-23:30; Fr 13:00-23:30,import
n6346713985,ژیوا,,35.710855,51.406647,منطقه 6,center,cafe,,,,,,import
n4987945291,سایبر کلاب,Cyber Club,35.704031,51.405075,منطقه 6,center,cafe,,,,,,import
n10132883310,سپید سیاه,Sepid Siah,35.704448,51.399146,منطقه 6,center,cafe,,,,,,import
n12584775420,شهریار,,35.726156,51.413014,منطقه 6,center,cafe,,,,,,import
n12827877662,صبحانه سرای دنجه,,35.713715,51.419026,منطقه 6,center,cafe,ایرانشهر 250,+982188490369,https://denjeh.com,,,import
w671614644,صبحانه نودم,,35.717850,51.423677,منطقه 6,center,cafe,Mashahir 13,+989198180215,,,Mo-Fr 06:30-20:30,import
n11387495069,عمارت آرنوش,,35.714444,51.420517,منطقه 6,center,cafe,,,,,,import
n11375244380,عمارت جهان کوچک من,,35.708027,51.420579,منطقه 6,center,cafe,ایرانشهر,+982188300240,,jahanekoochakeman_emarat,Mo-Su 09:00-22:00,import
n9758060076,عمارت دیباچه,Dibacheh Mansion,35.707426,51.399376,منطقه 6,center,cafe,,+98 930 9045190,https://www.instagram.com/dibacheh_mansion/,,09:00-23:00,import
n8728833120,عمارت یار,Yar Mansion,35.705338,51.409509,منطقه 6,center,cafe,41,+98 933 2672244,https://www.instagram.com/yar.mansion/,,09:00-22:00,import
n4589503573,فیکا کافه,,35.729340,51.406940,منطقه 6,center,cafe,,,,,,import
n11072547471,قهوه آرمن,,35.721694,51.413408,منطقه 6,center,coffee_shop,خیابان لارستان کوچه جلالیان,+982188807328,,,Sa-Fr 09:00-20:00,import
n11218192819,قهوه چی باشی شعبه انقلاب,,35.701957,51.390835,منطقه 6,center,cafe,,,,,,import
n5904296724,قهوه خانه هشت بهشت,,35.717555,51.398753,منطقه 6,center,cafe,,,,,,import
n13048694963,قهوه سام,,35.722811,51.388950,منطقه 6,center,cafe,1855,,,,,import
n8259660169,قهوه ست,,35.719686,51.422407,منطقه 6,center,coffee_shop,,+2188305827,,,Mo-Su 10:00-22:00,import
n9613493554,قهوه فیشرآباد,,35.712155,51.418104,منطقه 6,center,coffee_shop,,,https://www.instagram.com/fisherabadcoffee/,,Mo-Su 09:00-21:00,import
n6339857785,قهوه لمیز شعبه فاطمی,,35.719979,51.405065,منطقه 6,center,cafe,,,,,,import
n6971074786,قهوه مارکو,,35.701939,51.419759,منطقه 6,center,cafe,میدان فردوسی - ظلع شمال شرقی - پاساژ ده,,,,"Mo-Su,PH 09:00-21:00",import
n9870630358,قهوه نارا,,35.705669,51.390687,منطقه 6,center,coffee_shop,,,,,,import
n12084765642,قهوه ننجون,,35.744483,51.405068,منطقه 6,center,coffee_shop,سید جمال‌الدین اسدآبادی,02188067300,https://www.nanjuncoffee.com/,,Sa-Fr 09:00-21:00,import
n7171065285,كافه لاوژه,lavzhe,35.721993,51.415791,منطقه 6,center,cafe,,,,,,import
n12604226558,کافه ۱۲۷,,35.719790,51.418765,منطقه 6,center,cafe,,,,,,import
n9417052114,کافه 13,,35.711540,51.404478,منطقه 6,center,cafe,,,,,,import
n11834667397,کافه AM:PM,,35.713898,51.419169,منطقه 6,center,cafe,,,,,,import
n5587351221,کافه آپ آرت مان,Up Art Maan Café,35.712994,51.418585,منطقه 6,center,cafe,48,+98 21 88866722,https://www.instagram.com/cafe_upartmaan/,,12:00-23:30,import
n11114867208,کافه آج,Cafe Aj,35.720485,51.414109,منطقه 6,center,cafe,حسن عضدی,+982188928531,www.ajbakerycafe.ir,,08:00-22:00,import
n9041077460,کافه آجری,Ajori Cafe,35.704461,51.400893,منطقه 6,center,cafe,,,,,,import
n4778118298,کافه آندورا,Andorra coffee,35.703412,51.420186,منطقه 6,center,cafe,ایرانشهر 57,982188323021+,https://www.instagram.com/cafeandorra/,,09:00-23:30,import
n4375716989,کافه آنسو,Ansoo Cafe,35.725318,51.411098,منطقه 6,center,cafe,,+982188552090,https://ansoocafe.com/en/,,Mo-Su 08:30-23:30,import
n10651477592,کافه ارغوان,,35.709134,51.413143,منطقه 6,center,cafe,,,,,,import
n4423203389,کافه اسپریس,Cafe Espriss,35.713088,51.414776,منطقه 6,center,cafe,نجات‌اللهی 257,+98 21 8891 4377,http://www.espriss.net,,Mo-Su 09:00-23:00,import
n4637030195,کافه النا,Elena,35.739627,51.402706,منطقه 6,center,cafe,,,,,,import
n4554366355,کافه انگرام,Engram Cafe,35.714717,51.405110,منطقه 6,center,cafe,پرویز روشن,+982188391669,http://engramcaffe.ir/,,,import
n4828588727,کافه اوریانت,Orient Café and Pastry Shop,35.702539,51.425884,منطقه 6,center,cafe,مفتح شمالی,,,,,import
n12347202871,کافه ایران جان,,35.702205,51.408689,منطقه 6,center,cafe,,,,,,import
n4554366716,کافه ایما,ima cafe,35.707437,51.390462,منطقه 6,center,cafe,کارگر شمالی 1555,,,,,import
n5702272023,کافه ایما · منطقه 6,ima cafe,35.701792,51.391283,منطقه 6,center,cafe,,,,,,import
n12061993850,کافه بابل,Babel Cafe,35.707717,51.397823,منطقه 6,center,cafe,وصال شیرازی,+982186052604,,,,import
n8330586818,کافه باقلوای ترکی علی کنتیا · منطقه 6,,35.737696,51.414903,منطقه 6,center,cafe,الوند ابتداي خ الوند، نبش رستوران اركيده، پلاك ١٢,+98 21 88856519,https://takseen-baklava.com,,Mo-Su 10:00-22:00,import
n10711085454,کافه بداهه,,35.718235,51.420617,منطقه 6,center,cafe,,+98 21 8831 3639,,https://instagram.com/cafe.bedahe,12:00-23:30,import
n13027997264,کافه برف,Barf Cafe,35.712433,51.408937,منطقه 6,center,cafe,شاهد 20,+982188903965,,barf_cafe_,Mo-Su 09:00-23:00,import
n11375344965,کافه برگ,,35.725447,51.416965,منطقه 6,center,cafe,آزادگان,‎+982188711341,,,Sa-Fa 09:00-23:00,import
n9026624333,کافه برگر ن,,35.715905,51.420604,منطقه 6,center,cafe,,+982188812278,,,"Mo-Fr, Su 11:00-22:00",import
n10837730299,کافه بستنی پردیس,,35.728110,51.415792,منطقه 6,center,cafe,,,,,,import
n4634044891,کافه بکلاه,,35.705533,51.425631,منطقه 6,center,cafe,,,,,,import
n6380320469,کافه بلوز,Blues Café,35.710266,51.415880,منطقه 6,center,cafe,,,,,,import
n12078423962,کافه بهارک (دسرک),,35.720191,51.404108,منطقه 6,center,cafe,,,,,,import
n12660873152,کافه بهمرسی,,35.724828,51.405971,منطقه 6,center,cafe,یوسف آباد، خ چهلستون، بین دهم و دوازدهم، پلاک 51,099-66-096-926,https://qbar.ir/Behamreci,,Sat-Fr 07:30-22:30,import
n8123987315,کافه بوداپست 1932,,35.702364,51.405657,منطقه 6,center,cafe,ولی عصر,+982166957438,https://budapest1932.ir,,Mo-Su 08:00-22:00,import
n11375220276,کافه بوردیلا,,35.711659,51.417637,منطقه 6,center,cafe,,,,,,import
n11849998471,کافه بومو,,35.710330,51.416563,منطقه 6,center,cafe,,,,,,import
n4573967891,کافه پرک,Perk Cafe,35.724864,51.404912,منطقه 6,center,cafe,بیستون,,,,,import
n11059475548,کافه پریش,,35.701577,51.410316,منطقه 6,center,cafe,انقلاب اسلامی 791,+9802166478624,https://zil.ink/cafe.parish,,08:00-23:00,import
n6113747685,کافه تایپ,Type Café,35.713133,51.419107,منطقه 6,center,cafe,,,,,Su-Fr 08:00-23:30; Sa 17:00-23:30,import
n9078409530,کافه تایلی,,35.710191,51.382935,منطقه 6,west,cafe,,,,,,import
n4834254321,کافه تبلیغات,Tablighat Cafe,35.705617,51.423271,منطقه 6,center,cafe,,,https://www.cafetablighat.com/,,Mo-Su 09:00-23:30,import
n10147437641,کافه ترید,,35.701503,51.402715,منطقه 6,center,cafe,,,,,,import
n4573973189,کافه تو کافه,Cafe to cafe,35.729496,51.399282,منطقه 6,center,cafe,محمدعلی جهان آرا,,,,,import
n10591533697,کافه توشات,,35.707050,51.396415,منطقه 6,center,cafe,کوچه امیرشاهی 7,,,,,import
n4339505193,کافه جَز,Jazz Cafe,35.703600,51.402015,منطقه 6,center,cafe,,+98 21 6617 5064,https://www.instagram.com/jazz___cafe/,,,import
n12595470389,کافه جی · منطقه 6,,35.731219,51.413794,منطقه 6,center,cafe,,,,,,import
n10621331660,کافه چار,,35.705932,51.390319,منطقه 6,center,cafe,,02166435117,,,,import
n10814047940,کافه حال خوب,,35.719824,51.408532,منطقه 6,center,cafe,,,,,,import
n12549011047,کافه حالا,,35.715066,51.389318,منطقه 6,center,cafe,,,,,,import
n6401938085,کافه حياط شماره ۶۵,No. 65 Yard Cafe,35.702836,51.421249,منطقه 6,center,cafe,عباس موسوی 32,+98 21 8830 2842,,,Mo-Su 09:00-23:00,import
n11277981340,کافه حیات,,35.701445,51.399126,منطقه 6,center,cafe,,,,,,import
n6312985385,کافه دالون,,35.704666,51.416259,منطقه 6,center,cafe,یاس,,https://www.instagram.com/cafe.dalon,,Mo-Su 15:00-23:30,import
n7299181469,کافه دایمند,Diamond Cafe,35.703557,51.415853,منطقه 6,center,cafe,غلامحسین فلاح‌ پور استان تهران، تهران، منطقه ۶، خیابان فلاح پور، پلاک #33,,,,Sa-Fr 08:00-23:30,import
n4740088624,کافه دایموند,Diamond Café,35.703518,51.415854,منطقه 6,center,cafe,نجات‌اللهی,+98 21 8889 0196,,,Mo-Su 08:00-22:00,import
n9061064417,کافه دربار,,35.714727,51.416920,منطقه 6,center,cafe,,,,,,import
n11871528090,کافه دژن,,35.714721,51.416855,منطقه 6,center,cafe,,,,,,import
n9339747262,کافه دکتر کافی,doctor coffee cafe,35.720312,51.405008,منطقه 6,center,cafe,بیستون میدان فاطمی,+98 21 8898 9745,,,,import
n7004867326,کافه دَمَن,Cafe Daman,35.704981,51.415755,منطقه 6,center,cafe,254,+98 937 4444 927,https://www.instagram.com/cafe_daman/,,8:00-23:30,import
n7537859186,کافه دو-رِ-می,Do-Re-Mi Cafe,35.720806,51.412955,منطقه 6,center,cafe,لارستان 11,0982188890341,,,,import
n8259641286,کافه دیپلمات,,35.721478,51.422835,منطقه 6,center,cafe,,+2188305090,,,,import
n7142414268,کافه دیسفان,Thisfun Cafe,35.708991,51.413078,منطقه 6,center,cafe,حسن عضدی,+98 21 8891 8896,,,09:00-23:59,import
n11782198209,کافه دیوخونه,,35.704119,51.413118,منطقه 6,center,cafe,,,,,,import
n8259642217,کافه رئیس,,35.721593,51.422864,منطقه 6,center,cafe,,+2188314738,https://raeescoffee.com/,,Mo-Su 09:00-21:00,import
n4834254322,کافه راتا,Rata Cafe',35.705551,51.422781,منطقه 6,center,cafe,سمیه,+982186070025,,,Mo-Su 10:00-23:55,import
n6616729369,کافه راندوو,Rendezvous Cafe,35.750560,51.398419,منطقه 6,center,cafe,,,,,,import
n13390768315,کافه راه · منطقه 6,,35.715107,51.419731,منطقه 6,center,cafe,,,,,,import
n14228157451,کافه رَج,Raj Cafe,35.702905,51.417491,منطقه 6,center,cafe,شاهرود,+989190088178,,,,import
n13277475633,کافه رستوران آراکو,,35.711186,51.410040,منطقه 6,center,cafe,,+989120446595,,,Mo-Su 09:00-21:00,import
n12006427520,کافه رستوران آنا,,35.702906,51.412832,منطقه 6,center,cafe,بن بست حیات,09126837232,,,,import
n11257648237,کافه رستوران پنسو,,35.707402,51.391098,منطقه 6,center,cafe,,,,,,import
n4384798691,کافه رستوران داریس,Daris cafe,35.706840,51.414458,منطقه 6,center,cafe,,,,,,import
n7623304784,کافه رستوران دنج,,35.711428,51.404443,منطقه 6,center,cafe,فلسطین شمالی پلاک431-طبقه 1,,,,Mo-Su 11:00-23:59,import
n10982241373,کافه رستوران شالکه,,35.706883,51.414337,منطقه 6,center,cafe,,,,,,import
w1109026062,کافه رستوران شیشه ای دانشگاه امیرکبیر,,35.705157,51.409860,منطقه 6,center,cafe,,,,,,import
n13200190574,کافه رستوران عربی عتیق,,35.711840,51.417780,منطقه 6,center,cafe,بالاتر از میدان فردوسی خیابان سپهبد قرنی رو به روی بیمارستان آپادانا,02188925674,https://softmenu.ir/menu/atigh,,Mo-Su 10:00-03:00,import
n12278745907,کافه رستوران گابریل,,35.702615,51.402728,منطقه 6,center,cafe,علی شریعتمداری,02166409035,https://www.instagram.com/gabrielcafe_r?igsh=bTNiajZ1bGJhbXdk,,Mo-Su 11:00-23:00,import
n10591469681,کافه رستوران موون,,35.706739,51.394261,منطقه 6,center,cafe,پورسینا 13,,,,,import
n12364663514,کافه رستوران میزانسن,,35.709249,51.420714,منطقه 6,center,cafe,,,,,,import
n10971333953,کافه رستوران هرما,,35.715111,51.417990,منطقه 6,center,cafe,,,,,,import
n11205308983,کافه رومیس,,35.715858,51.407480,منطقه 6,center,cafe,,,,,,import
n4684659094,کافه ریت,,35.705677,51.422721,منطقه 6,center,cafe,,,,,,import
n4352748197,کافه ریو,Riv Cafe,35.727568,51.407842,منطقه 6,center,cafe,سید جمال الدین اسدآبادی,,,,,import
n4834254122,کافه زهیر,,35.705551,51.422640,منطقه 6,center,cafe,,,,,,import
n12960073044,کافه زولا خانه شاهین,,35.702867,51.415636,منطقه 6,center,cafe,Nejatollahi Street,,https://zolacoffee.net,,,import
n5034646323,کافه ژس,Jes cafe,35.711920,51.421627,منطقه 6,center,cafe,نوشهر 3,,,,,import
n14039880636,کافه ژیه,,35.702011,51.412576,منطقه 6,center,cafe,البرز ۱ 342,+982166488531,https://sefareshfood.com/rest/zhie-cafe-teh,,08:00-22:00,import
n5261847922,کافه سارا,Sara cafe,35.705439,51.406159,منطقه 6,center,cafe,ولی عصر,,,,Sa-Th 08:00-22:00; Fr 14:00-22:30,import
n4834254121,کافه سبیل,Sebil Cafe,35.705611,51.423529,منطقه 6,center,cafe,,,,,,import
n11145796783,کافه ستاره ۳۸ درجه,,35.710363,51.403726,منطقه 6,center,cafe,,,,,,import
n7702893085,کافه سفال آنسو,Ansoo Cafe,35.710240,51.414217,منطقه 6,center,cafe,11,+98 21 8880 3714,https://ansoocafe.com/,https://www.instagram.com/ansoocafe/,,import
n6306150420,کافه سفره خانه میکس,,35.703434,51.405803,منطقه 6,center,cafe,خیابان ولیعصر بالاتر از چهارراه ولیعصر روبروی خیابان بزرگمهر ساختمان افشار طبقه اول,+982166466964,https://instagram.com/cafe__mix__,,,import
n14212997901,کافه سکوی نُه سه‌چهارم,Platform 9¾ Cafe,35.715148,51.421118,منطقه 6,center,cafe,کریم خان زند 134,,http://qbar.ir/platform,,,import
n5620520022,کافه سلین,Celine,35.718201,51.422993,منطقه 6,center,cafe,,+98 21 8882 4017,,,Mo-Su 09:30-23:30,import
n11775251787,کافه سنتی · منطقه 6,,35.713791,51.400684,منطقه 6,center,cafe,علیرضا دائمی,,,,24/7,import
n5352745221,کافه سه لت,3lat café,35.702050,51.412404,منطقه 6,center,cafe,البرز ۱ 2/1,+982166498510,http://www.3latcafe.com,,Sa-We 10:00-22:30; Th-Fr 08:00-22:30,import
n12894342376,کافه سوره,Cafe Soureh,35.711203,51.409576,منطقه 6,center,cafe,,,,,,import
n10147437676,کافه سورین,,35.701693,51.403995,منطقه 6,center,cafe,,,,,,import
n4684663489,کافه سیبیل,,35.705607,51.425770,منطقه 6,center,cafe,,,,,,import
n9241658617,کافه سیلک,,35.705597,51.390684,منطقه 6,center,cafe,,,,,,import
n5295033521,کافه شن,Shen Cafe,35.737596,51.414889,منطقه 6,center,cafe,,,,,,import
n9931031859,کافه طافه,Café Tafé,35.719123,51.424561,منطقه 6,center,cafe,مشاهیر 52,+982188813799,https://zil.ink/tafe,,Mo-Su 07:00-23:30,import
n11343311661,کافه طُرّه,Torre Cafe,35.710646,51.422640,منطقه 6,center,cafe,ممیز,+98218834 4235,,,"Mo-Fr, Su 09:00-00:00; Sa 16:00-00:00",import
n7724855885,کافه طهرون,Tehroon Cafe,35.713930,51.419154,منطقه 6,center,cafe,,,,,,import
n9041247338,کافه عمارت دل,,35.704324,51.403090,منطقه 6,center,cafe,,,,,,import
n14169783813,کافه عمارت مسینه,,35.703413,51.400643,منطقه 6,center,cafe,بزرگمهر 69,021-66478000,,,8:00 - 23:00,import
n10147437547,کافه فروغ,,35.701595,51.410234,منطقه 6,center,cafe,,,,,,import
n7233614793,کافه فست فود آوا,,35.720093,51.400002,منطقه 6,center,cafe,,+98 91 0858 5993,,,Mo-Su 08:30-23:30,import
n11166372258,کافه فیلم کلاسیک,,35.705005,51.415900,منطقه 6,center,cafe,,,,,,import
n4347705990,کافه قنادی ورتا,Vorta Café,35.701280,51.399727,منطقه 6,center,cafe,انقلاب اسلامی,+982166475301,,,Sa-Th 08:00-21:00; Fr 15:00-21:00,import
n10147432994,کافه قندریز,,35.701767,51.406442,منطقه 6,center,cafe,,,,,,import
n11705063659,کافه کاربن,,35.713634,51.420985,منطقه 6,center,cafe,,,,,,import
n6778038186,کافه کاغذ,,35.709619,51.418059,منطقه 6,center,cafe,,,,,,import
n4536683893,کافه کتاب,Ketab Café,35.702812,51.392334,منطقه 6,center,cafe,ادوارد براون,,,,,import
n6400968286,کافه کتاب ٢٧,,35.701824,51.404031,منطقه 6,center,cafe,,,,,Mo-Su 09:00-23:00,import
n10578348894,کافه کتاب ارجمند,,35.707457,51.390821,منطقه 6,center,cafe,,,,,,import
n12672512906,کافه کتاب ققنوس,,35.704432,51.398459,منطقه 6,center,cafe,,,http://qoqnoosbookcafe.com/,,,import
n8728785980,کافه کتاب نیکو,Cafe Nikou,35.709960,51.418954,منطقه 6,center,cafe,ایرانشهر,+98 21 8881 5824,https://www.instagram.com/cafenikou/,,,import
n11964681545,کافه کتاب و رستوران عمارت بلخ,,35.708101,51.389495,منطقه 6,center,cafe,,,https://emaratebalkh.com/,,,import
n14091680378,کافه کد ۳,,35.731826,51.411534,منطقه 6,center,cafe,ولی عصر 2147,02188104210,,,Sat-thu 8am to 10:30pm fri-11am to 10:30 pm,import
n6634667090,کافه کُنج,,35.712715,51.403044,منطقه 6,center,cafe,,,,,,import
n10733100206,کافه کواترو,,35.749566,51.398228,منطقه 6,center,cafe,,,,,,import
n1727303790,کافه گاندی,Gandhi Cafés,35.748738,51.412518,منطقه 6,center,cafe,,,,,,import
n8998858557,کافه گرام,,35.701287,51.399942,منطقه 6,center,cafe,,,,,,import
n8952002918,کافه گفتار,Goftar Café,35.724652,51.415728,منطقه 6,center,cafe,نعیمی,,,,,import
n4894633821,کافه گلدون,,35.702494,51.398070,منطقه 6,center,cafe,,,,,,import
n7773625487,کافه گنبد,Gonbad Cafe,35.714064,51.418299,منطقه 6,center,cafe,کافه گنبد 7,+98 21 88312120,https://www.instagram.com/gonbadhostel/,,12:00-24:00,import
n6400942686,کافه گودو,,35.701388,51.404555,منطقه 6,center,cafe,,,,,Mo-Su 11:00-23:00,import
n4834227322,کافه گوشه,Gooshe cafe,35.705802,51.425819,منطقه 6,center,cafe,,,,,,import
n9026655573,کافه گیک,Cafe Geek,35.716291,51.418001,منطقه 6,center,cafe,,+982188300805,,https://instagram.com/_cafegeek_,"Mo-Th, Sa, Su 16:00-00:00; Fr 12:00-00:00",import
n6383264531,کافه گیو,Giv Cafe,35.702376,51.402346,منطقه 6,center,cafe,,,,,,import
n13597429881,کافه لاله,,35.706559,51.388361,منطقه 6,center,cafe,,,,,,import
n10147433010,کافه لایف,Life cafe,35.702371,51.408622,منطقه 6,center,cafe,,,,,,import
n9040467813,کافه لبیسترو پاپ,,35.704731,51.416786,منطقه 6,center,cafe,,,,,,import
n4305413692,کافه لند,,35.749918,51.398202,منطقه 6,center,cafe,,,,,,import
n8259622466,کافه لینت,,35.719217,51.421365,منطقه 6,center,cafe,,+2188307690,,,Mo-Su 11:00-21:00,import
n11439479669,کافه مانا,mana cafe,35.707758,51.396901,منطقه 6,center,cafe,وصال شیرازی,88996273,,cafemaana,Mo-Su 10:00-23:00,import
n5202833121,کافه مروارید,Morvarid Cafe,35.717572,51.426535,منطقه 6,center,cafe,,,,,,import
n4481653897,کافه مژگان,cafe mojgan,35.729099,51.412740,منطقه 6,center,cafe,,,,,,import
n14206679441,کافه مودندو,,35.741107,51.405176,منطقه 6,center,cafe,سید جمال‌الدین اسدآبادی 410,+989124909056,,,"Sun-Fr,8:00-24:00",import
n9026556090,کافه موزه آمیتیس,,35.717115,51.420396,منطقه 6,center,cafe,,+989121201907,www.amitismuseum.com,,Mo-Su 10:00-22:00,import
n10852876184,کافه مونولوگ,,35.701578,51.413332,منطقه 6,center,cafe,پل کالج 709,,,,,import
n4939634081,کافه موون,,35.712268,51.416193,منطقه 6,center,cafe,,,,,,import
n4441173195,کافه نال,Null Café,35.703546,51.390471,منطقه 6,center,cafe,,,,,,import
n5389743622,کافه نام,Name Café,35.714120,51.421780,منطقه 6,center,cafe,,,,,,import
n4423102291,کافه نزدیک,Cafe Nazdik,35.715185,51.419683,منطقه 6,center,cafe,کریم خان زند 134,+98 21 8849 0726,https://nazdikcafes.com/,,Mo-Su 10:00-23:00,import
n6958060258,کافه نفس,Nafas Cafe,35.701549,51.400447,منطقه 6,center,cafe,وصال شیرازی,+98 21 6697 8043,,,Mo-Su 08:00-23:30,import
n4940409822,کافه نقش وصال,Naqsh Vesal Cafe,35.708073,51.397267,منطقه 6,center,cafe,وصال شیرازی,+982188963578,,,Sa-Th 08:30-23:00; Fr 15:00-23:00,import
n10735504305,کافه نومد,nomad cafe,35.702412,51.397871,منطقه 6,center,cafe,,,,,,import
n12862088342,کافه هفت,,35.722567,51.385628,منطقه 6,center,cafe,,,,,,import
n4796427721,کافه هنر,Honar Cafe,35.701866,51.398807,منطقه 6,center,cafe,اسکو,,,,,import
n12100446765,کافه و رستوران بنژور,,35.735639,51.417142,منطقه 6,center,cafe,,+982188731819,,,,import
n6488098497,کافه و رستوران رومئو,,35.740634,51.409932,منطقه 6,center,cafe,,,,,,import
n10813885291,کافه و رستوران وان مور,,35.702259,51.404360,منطقه 6,center,cafe,,,,,,import
n5499264922,کافه والرین,Valerian cafe’,35.749911,51.398137,منطقه 6,center,cafe,آقا علیخانی,,,,,import
n13174010805,کافه ولا,,35.719068,51.424585,منطقه 6,center,cafe,مشاهیر 52,+982188844673,instagram.com/vela__cafe,,sat-fr 8:00-24:00,import
n8996469232,کافه ونوس,,35.710225,51.400452,منطقه 6,center,cafe,,+98 21 88951151,,,,import
n4857327321,کافه ویونا · منطقه 6 · شعبه 2,Cafe Viuna,35.715069,51.421900,منطقه 6,center,cafe,خردمند جنوبی,,https://cafe-viuna.com/,,,import
n4664129995,کافه ویونا · منطقه 6,Cafe Viuna,35.728665,51.420927,منطقه 6,center,cafe,سرافراز ۱۱ No. 49,+98 21 8817 1977,https://www.instagram.com/cafeviunadaryaayenour/,,Sa-Th 07:30-22:30; Fr 11:00-22:30,import
n4298643092,کافی شاپ گودوت,Godot coffee,35.703109,51.405720,منطقه 6,center,cafe,,,,,,import
n8259482801,کانتینر,,35.729791,51.415267,منطقه 6,center,cafe,,+21 8723 4000,,,Mo-Su 07:30-22:00,import
n10591532880,کراسه,,35.706169,51.392374,منطقه 6,center,cafe,پورسینا,,,,,import
n12786135884,کلانا · منطقه 6,,35.701910,51.413006,منطقه 6,center,cafe,,,,,,import
n9167375992,کلانا,,35.711709,51.406155,منطقه 6,center,cafe,,,,,,import
n5864323585,کیک استودیو سارا,Sara Cake Studio,35.744366,51.398976,منطقه 6,center,cafe,,,,,,import
n1840233514,لمیز,Lamiz,35.713439,51.406780,منطقه 6,center,cafe,,,,,,import
n4518012989,لیبرا,lybra,35.704907,51.405966,منطقه 6,center,cafe,Valiasr St,+982166480710,,,,import
n13327559497,مادوتا,,35.722330,51.409001,منطقه 6,center,cafe,تهران، خیابان وليعصر، بالاتر از فاطمي 1643987654,+98021 8897 7034,https://qbar.ir/MaDotacafe,,24/7,import
n7822035435,محفل جانان,,35.702942,51.422616,منطقه 6,center,cafe,علی اکبر محمدآقا 27,,,,10:00-22:00,import
n6931006912,هتریک کافه,,35.723820,51.405006,منطقه 6,center,cafe,فتحی شقاقی 32,,,,,import
n11229803019,هگزاکافه,,35.703472,51.405305,منطقه 6,center,cafe,,+98 21 6640 7078,,,,import
n10966065624,همان,,35.701931,51.404047,منطقه 6,center,cafe,,,,,,import
n5486092287,وایس کافه,Cafe Weiß,35.749855,51.398149,منطقه 6,center,cafe,,,,,,import
n12115949611,وِم کافه,Vem Cafe,35.713489,51.423489,منطقه 6,center,cafe,ابهری 30,,instagram.com/vem_cafe_,,,import
n11727041953,آجیل گلزار,,35.704727,51.432489,منطقه 7,center,cafe,شریعتی، بین حقوقی و مشایخی، پلاک 83 (محله‌ی خواجه نصیر - حقوقی) 83,+98‎2177502637,https://golzarnuts.com,,,import
n12378482619,افرا کافه,,35.721363,51.448449,منطقه 7,center,cafe,,,,,,import
n4358708890,پروانه,Parvaneh,35.733759,51.445156,منطقه 7,center,cafe,شریعتی,+98 218 8519553,,,,import
n4504744445,تقاطع,Taghaato,35.723906,51.435307,منطقه 7,center,cafe,,,,,,import
n5179429421,چایخانه قصر (سوادا),,35.729135,51.455281,منطقه 7,center,cafe,یاوری نژاد,,,,,import
n8728821504,خانه فرهنگ و غذای هور,,35.715824,51.426693,منطقه 7,center,cafe,مانی 75,+98 21 88822288,https://www.instagram.com/hoorfamily/,,09:00-21:00,import
n4424055322,رستوران مراکشی مغرب,,35.730832,51.433063,منطقه 7,center,cafe,,,,,,import
n6377319785,سین کافه,Seen Café,35.736993,51.432703,منطقه 7,center,cafe,محمدرضا عشقیار 46,+98 21 88757329,https://seen.coffee/,,Mo-Su 07:00-23:55,import
n11085369980,قهوه آفر شعبه مرکزی,,35.719079,51.450549,منطقه 7,center,cafe,خ شیخ صفی،کوچه چهل و پنجم 555,09902332926,https://www.offercoffee.ir,,Mo-Su 09:00-21:00,import
n14220093560,قهوه سبز - Green Coffee,,35.710473,51.458783,منطقه 7,center,cafe,علیرضا فتحنایی 179,02177582442,https://menu.greenix.ir/%DA%A9%D9%87%D9%86/,,Mo-St 08:00-22:00,import
n11071762136,قهوه لمیز شعبه مطهری,,35.723840,51.440637,منطقه 7,center,cafe,,,,,,import
n8928352066,کافه امجدیه,,35.708969,51.429292,منطقه 7,center,cafe,سلماسی,+98 21 88 303 947,https://instagram.com/amjadieh_cafe,,Su-Fr 10:00-22:00,import
n8330686980,کافه باقلوای ترکی تک سین · منطقه 7,,35.737467,51.432822,منطقه 7,center,cafe,محمدرضا عشقیار خیابان سهروردي شمالي، خیابان خرمشهر، خیابان نيلوفر نبش كوچه پنجم، پلاك ٣٣.١,+98 21 88175247,https://takseen-baklava.com,,Mo-Su 10:00-22:00,import
n4520197989,کافه پارادیزو,Paradiso Cafe,35.723332,51.429301,منطقه 7,center,cafe,مهرداد 12,,,,,import
w233394791,کافه پارک,Cafe Park,35.738222,51.445190,منطقه 7,center,cafe,,,,,,import
w1201658078,کافه پُز,,35.728021,51.442327,منطقه 7,center,cafe,عباس میرزا 5 اندیشه,009802188422121,,,8:00 23:30,import
n12726835778,کافه پلاک 100,,35.742016,51.444037,منطقه 7,center,cafe,,,,,,import
n4104795991,کافه پنیر,,35.727655,51.431999,منطقه 7,center,cafe,علی اکبری,,,,,import
n13246650466,کافه دکان گل,,35.719938,51.429301,منطقه 7,center,cafe,ملایری پور غربی 103,02188310836,,,08:00-23:00,import
n5246828023,کافه رام,Cafe Raam,35.723374,51.429284,منطقه 7,center,cafe,,,,,,import
n10982498411,کافه رستری گریفون,,35.737887,51.433092,منطقه 7,center,cafe,,,,,,import
n8726087935,کافه رستوران نوبو,Nobu Cafe Restaurant,35.741985,51.444197,منطقه 7,center,cafe,میرمطهری 90,+98 912 940 0408,,,10:00-24:00,import
n14041267771,کافه سیتو,,35.741841,51.445529,منطقه 7,center,cafe,,,,,,import
n5643481022,کافه سی‌نود,Cafe synod,35.724268,51.433817,منطقه 7,center,cafe,,+98 21 8886 7931,https://www.instagram.com/synod.cafe/,,12:00-23:00,import
n7477296586,کافه صحرا,Cafe Sahra,35.707765,51.434471,منطقه 7,center,cafe,عقیقه‌چی اول,09212293218,https://www.instagram.com/cafe.sahra/,,Mo-Su 11:30-22:00,import
n4591875290,کافه عربی ملک سبا,Malek saba Arabian cafe,35.710221,51.445898,منطقه 7,center,cafe,,,,,Mo-Su 12:00-00:00,import
n12966713628,کافه عربی مهیار,,35.706233,51.433663,منطقه 7,center,cafe,,09121487058,,,08:00-24:00,import
n13266523050,کافه عربی نخل,,35.728052,51.444966,منطقه 7,center,cafe,,,,,,import
n10297690730,کافه عمارت بهشت,Emarat-e Behesht,35.712054,51.429901,منطقه 7,center,cafe,بهشت,+982188820002,https://emaratbehesht.ir/,,Mo-Sa 08:00-23:00,import
n13275416454,کافه قلیون علی بی,,35.721057,51.427822,منطقه 7,center,cafe,مشیری پ 2,09360095862,,,Mo-Su 09:00-23:00,import
n4393737489,کافه کمی قرمز,A LITTLE BIT OF RED,35.724057,51.448714,منطقه 7,center,cafe,پلیس,+98 9361332030,,https://www.instagram.com/a_little_bit_of_red,Mo-Su 08:00-23:55,import
n12386191898,کافه کوچه · منطقه 7,,35.715579,51.453988,منطقه 7,center,cafe,محمود رجایی انارکی,,,,,import
n11120435038,کافه کول باکس,Cafe Coolbox,35.737671,51.432450,منطقه 7,center,cafe,,,,https://www.instagram.com/cafe.coolbox/,,import
n6390499012,کافه کیمیا,Kimiya Cafe,35.723018,51.431470,منطقه 7,center,cafe,,+98 21 8831 5838,,,10:00-23:30,import
n11192899925,کافه گالری‌دوست,,35.736702,51.432363,منطقه 7,center,cafe,محمدرضا عشقیار,09216079123,,,10:00-23:00,import
n9477210251,کافه گلزار,Golzar Cafe,35.721492,51.430840,منطقه 7,center,cafe,گلزار 6,+982188865370,,,09:00-24:00,import
n6310974228,کافه لقانطه,Cafe Loghanteh,35.722950,51.448637,منطقه 7,center,cafe,انتهای خیابان مطهری، بعد از تقاطع خیابان شریعتی، باغ موزه قصر,+98 21 8844 2299,https://www.instagram.com/cafe.loghanteh/,,Su-Fr 08:00-23:00,import
n6457274251,کافه مهربان,,35.702169,51.441085,منطقه 7,center,cafe,خیابان انقلاب، نرسیده به پل چوبی، تقاطع خیابان انقلاب و نامجو شمال(گرگان)، مجتمع فرهنگی امام رضا(ع),+98 21 7763 9766,,,,import
n5108031322,کافه نور,Noor Cafe,35.718647,51.428504,منطقه 7,center,cafe,شاهرخ 16,+98 21 8831 3344,,,Mo-Su 07:00-23:00,import
n13022656683,کافه نیوان,Nivan Cafe,35.740153,51.446381,منطقه 7,center,cafe,,,,,,import
n6832336078,کافی شاپ هتل پرشین پلازا,persian plaza coffee shop,35.728515,51.439583,منطقه 7,center,cafe,میرزایی زینالی 42,,,,24/7,import
n6218806787,ویتامین سرای سپاه,,35.706204,51.440607,منطقه 7,center,cafe,,,,,,import
n14230084796,بوبو تهرانپارس,bobo tehranpars,35.730470,51.527303,منطقه 8,east,cafe,بلوار آیت الله خوشوقت بین خ ۱۵۴ و ۱۵۶شرقی ۱۲۱,09122845811,,,شنبه تا جمعه  ۱۰:۰۰ ـ ۲۴:۰۰,import
n4816001521,دیزی سرای داریوش,,35.719819,51.506709,منطقه 8,east,cafe,خیابان دماوند,,,,,import
n13069057458,قهوه آدنیس,,35.729297,51.501379,منطقه 8,east,cafe,,02177958679,,,07:00-23:00,import
n10721627805,قهوه روما,,35.727530,51.514442,منطقه 8,east,coffee_shop,,,,,,import
n4831271322,قهوه ژورژ,,35.733616,51.466842,منطقه 8,east,cafe,,,,,,import
n10939543154,قهوه سیتو شعبه دردشت,,35.727439,51.502526,منطقه 8,east,coffee_shop,نارمک جنوبی، دردشت جنوبی,09120768766,,,Sa-Fr 08:30-23:00,import
n12172499901,قهوه لبخند,,35.732387,51.518648,منطقه 8,east,cafe,,,,,,import
n11368007120,قهوه مجیدیه,,35.734533,51.469104,منطقه 8,east,coffee_shop,,,,,,import
n9881273618,قهوه نل,,35.728583,51.520382,منطقه 8,east,cafe,,,,,,import
n7741522469,کافه بلوط,Cafe Baloot,35.726239,51.526547,منطقه 8,east,cafe,فلکه اول تهرانپارس - خیابان ۱۴۲ شرقی ( برادران قانع ) - پلاک ۲۴,+9877712870,,,Mo-Su 10:30-22:30,import
n4497064532,کافه ترافیک,Traffic Cafe,35.732325,51.485182,منطقه 8,east,cafe,,,https://www.instagram.com/traffic.cafe/,,Sa-Th 15:30-22:30; Fr 15:30-21:00,import
n11651965235,کافه دیزلت,,35.720586,51.487327,منطقه 8,east,cafe,بلوار شهید ثانی,09122469552,,,,import
n8495228649,کافه رستوران ایتالیایی کاسا دل شف,Casa delchef,35.726275,51.523988,منطقه 8,east,cafe,,+98 21 7773 6003,https://www.instagram.com/casa_delchef/,,9:00-23:00,import
n11013797905,کافه رستوران سنتی کندو,,35.727944,51.520198,منطقه 8,east,cafe,,,,,,import
n11299439254,کافه فیلیچه,,35.728927,51.506197,منطقه 8,east,cafe,,,,,,import
n7197435058,کافه قهوه دیدار,,35.725937,51.493297,منطقه 8,east,cafe,جلال حاجی صادقی,,,,10:00-22:00,import
n13173173676,کافه لوف,,35.732906,51.494699,منطقه 8,east,cafe,کیانی ثابت 38,00989912312362,,,09:00-23:00,import
n8264777914,کافه لیدوپلاس,LidoPlus Cafe,35.729435,51.492587,منطقه 8,east,cafe,میدان نبوت، خیابان عظیمی نیا,+982177942336,https://instagram.com/lidopluss,,Mo-Su 08:00-22:00,import
n12541158713,کافه ماهان,,35.719213,51.468823,منطقه 8,east,cafe,شجاع الدین داوودی (وحیدیه),+989193143547,,,,import
n11108550305,کافه نان لیموژ,,35.728956,51.526508,منطقه 8,east,cafe,,,,,,import
n13971332525,کافه همیشگی,,35.724390,51.492865,منطقه 8,east,cafe,,+989120157914,,https://www.instagram.com/cafehamishegie,Mo-Su 09:00-00:00,import
n14167828065,کافه و تیست | Ve Taste,,35.729978,51.494368,منطقه 8,east,cafe,میدان نبوت پلاک ۴۲,+982177970017,,,08:30-23:30,import
n9534772917,گات کافی,,35.731133,51.520908,منطقه 8,east,cafe,,,,,,import
n4763884524,لوشا,Losha,35.732749,51.495759,منطقه 8,east,cafe,,,,,,import
n11520238351,های کافی,hi coffee,35.719629,51.491539,منطقه 8,east,cafe,دکتر آیت 210,,,,09:00-22:00,import
n13152124365,به لی,,35.676792,51.349048,منطقه 9,south,cafe,جی خیابان برادران فلاح ۱۳ متری حاجیان ۴۵۲,09335061723,,,08:00-22:00,import
n11405306569,قهوه سهیل,,35.686177,51.348207,منطقه 9,west,cafe,,,,,,import
n11197716512,قهوه مونرو,,35.675388,51.336259,منطقه 9,south,cafe,,,,,,import
n11597857598,کافه بال,Cafebal,35.668033,51.333567,منطقه 9,south,cafe,,,https://cafebal.ir/,,,import
n12465178345,کافه جی,,35.696951,51.348223,منطقه 9,west,cafe,۲۱ متری جی,02166047512,,,Mo-Su 08:00-22:00,import
n13247251534,کافه صبحانه باران,,35.675402,51.329786,منطقه 9,south,cafe,,,,,,import
n8641062317,کافه میتا,,35.691873,51.323338,منطقه 9,west,cafe,,,,,,import
n9076096517,زی کافه,Zee cafe,35.697287,51.400283,منطقه 11,center,cafe,مرتضی لبافی نژاد 85,+98 930 920 1040,https://instagram.com/zeehouse.cafe?utm_medium=copy_link,,Mo-Su 09:00-23:00,skip_duplicate_in_osm
w1454141486,منزل بهرامی,Bahrami House,35.697415,51.407592,منطقه 11,center,cafe,نوفل لوشاتو,+982166729718,https://www.instagram.com/manzelebahrami/,,Sa 16:00-22:30; Su-We 12:00-22:30; Th-Fr 09:00-22:30,skip_duplicate_in_osm
n9383296977,کافه دکتر کافی,,35.720409,51.404987,منطقه 6,center,cafe,,+98 21 8898 9745,,,,skip_duplicate_in_osm
n9870630348,کافه سیلک‌,,35.706081,51.390320,منطقه 6,center,cafe,,09025005203,https://sialkcafe.ir/,,,skip_duplicate_in_osm
n4304851503,قهوه لمیز شعبه تجریش,Lamiz Café,35.807167,51.427930,منطقه 1,north,cafe,آیت الله ملکی (سعدآباد),,,,,skip_duplicate_of_existing
n13919884140,کافه بیسترو چژ,,35.809673,51.428859,منطقه 1,north,cafe,غلام جعفری 27,+989998830000,https://chezh-tehran.com,,09:00-23:00,skip_duplicate_of_existing
n13959628878,کافه کوکو,,35.807091,51.428099,منطقه 1,north,cafe,آیت الله ملکی,09124586037,,,,skip_duplicate_of_existing
n8104972218,استندآپ کافه,Standup Cafe,35.698855,51.406343,منطقه 11,center,cafe,,,,,,skip_duplicate_of_existing
n6932421985,باکارا,Baccara,35.700750,51.409096,منطقه 11,center,cafe,انقلاب اسلامی,+989373564072,https://baccarahouse.com/,,Mo-Su 09:00-24:00,skip_duplicate_of_existing
n9129002121,کافه پرسه,,35.700026,51.404464,منطقه 11,center,cafe,,,,,,skip_duplicate_of_existing
n9129001209,کافه شمس,,35.700033,51.404140,منطقه 11,center,cafe,,,,,,skip_duplicate_of_existing
n8998360396,کافه شیرینی افست,,35.701118,51.409802,منطقه 11,center,cafe,,,,,,skip_duplicate_of_existing
n9128998176,کافه ماندی,,35.699975,51.403961,منطقه 11,center,cafe,,,,,,skip_duplicate_of_existing
n11041983025,کافه نیکس,,35.700063,51.404066,منطقه 11,center,cafe,,,,,,skip_duplicate_of_existing
n10958892551,کافه والهالا,,35.698858,51.406271,منطقه 11,center,cafe,,,,,,skip_duplicate_of_existing
n9510870840,کافه تهرون کندوان,,35.700551,51.415952,منطقه 12,center,cafe,,,,,,skip_duplicate_of_existing
n10798105448,کافه وهو,,35.779987,51.363929,منطقه 2,north,cafe,جویپا 12,+9822140885,,,Mo-Su 09:00-23:00,skip_duplicate_of_existing
n11405067533,کافه کارخانه,,35.767123,51.394523,منطقه 3,north,cafe,,,,,,skip_duplicate_of_existing
n6167023845,کافه و رستوران پیانته,,35.765095,51.395347,منطقه 3,north,cafe,,,,,,skip_duplicate_of_existing
n14205743540,26Tagh Cafe,,35.710629,51.405787,منطقه 6,center,cafe,,02188853345,,26tagh.cafe,09:00 to 23:15,skip_duplicate_of_existing
n4824381923,قهوه لمیز شعبه ولیعصر,cafe lamiz,35.701709,51.405473,منطقه 6,center,cafe,ولی عصر,,,,,skip_duplicate_of_existing
n11205308966,کافه الی,,35.712764,51.406948,منطقه 6,center,cafe,,02188923716,,,,skip_duplicate_of_existing
n10119779524,کافه صدف مرکزی,,35.740006,51.409755,منطقه 6,center,cafe,,,,,,skip_duplicate_of_existing
n6113747387,کافه عمارت روبه‌رو,Rooberoo Mansion,35.701654,51.405732,منطقه 6,center,cafe,,+98 21 6640 4230,,rooberoomansion,9:00-22:45,skip_duplicate_of_existing
n4573975689,کافه کوچه,cafe kooche,35.726769,51.405001,منطقه 6,center,cafe,بیستون 49,,https://www.instagram.com/cafekoocheh/,,10:00-23:30,skip_duplicate_of_existing
n5573578731,کافه وی,VCafe,35.702164,51.402824,منطقه 6,center,cafe,,,,,Sa-Th 08:30-23:00; Fr 10:00-23:00,skip_duplicate_of_existing
n6444249900,علی کافه,,35.731732,51.492557,منطقه 8,east,cafe,کمیجانی,+98 21 7724 9604,,,,skip_duplicate_of_existing
n3863520730,۸,,35.817382,51.401834,منطقه 1,north,cafe,,,,,,skip_generic_name
n12291454369,قهوه ص,,35.671411,51.466044,منطقه 14,south,coffee_shop,ابوالفضل صالحی,,,,Mo-Su 08:00-23:00,skip_generic_name
n10257702687,کافی شاپ,,35.640718,51.359739,منطقه 17,south,cafe,مسلم طاهری,,,,,skip_generic_name
n9958913670,Cafe,,35.721605,51.335879,منطقه 2,west,cafe,,,,,,skip_generic_name
n5501173429,کافه,Botanical Museum's Cafe,35.737869,51.173151,منطقه 22,west,cafe,,,,,,skip_generic_name
n5399779643,کافی شاپ,,35.754374,51.421383,منطقه 3,center,cafe,شهیدی,,,,,skip_generic_name
n9184097900,کافه آ,,35.769223,51.477177,منطقه 4,north,cafe,,,,,,skip_generic_name
n13273381099,کافی شاپ,,35.758156,51.551264,منطقه 4,east,cafe,,,,,,skip_generic_name
n12797370572,کافه کافی,,35.746584,51.298932,منطقه 5,west,cafe,شقایق,02144450899,,,,skip_generic_name
n5630143996,کافه ث,Secafe,35.708141,51.415602,منطقه 6,center,cafe,صارمی 38,+982188920387,,,Mo-Su 09:00-24:00,skip_generic_name
n11123621105,آبمیوه بستنی حسین برلیان,,35.814037,51.478325,منطقه 1,north,ice_cream,,,,,,skip_ice_cream
n11407229969,آبمیوه بستنی کینگ,,35.800795,51.489395,منطقه 1,north,ice_cream,,,,,,skip_ice_cream
n9097208417,آبمیوه بستنی ندا,,35.797405,51.456223,منطقه 1,north,ice_cream,,,,,,skip_ice_cream
n11123615805,آبمیوه بستنی نیاوران,,35.810957,51.468759,منطقه 1,north,ice_cream,,,,,,skip_ice_cream
n10099295017,آبمیوه بستنی ویلا,,35.806911,51.427764,منطقه 1,north,ice_cream,,,,,,skip_ice_cream
n8868615547,آقای انبه,,35.796050,51.443049,منطقه 1,north,ice_cream,,,,,,skip_ice_cream
n11478349075,بستنی ایتالیایی جلاتولب,GELATO LAB ICE CREAM,35.804984,51.476791,منطقه 1,north,ice_cream,,,https://avaplatt.com/food-market/%d8%a8%d8%b3%d8%aa%d9%86%db%8c-%d8%ac%d9%84%d8%a7%d8%aa%d9%88-%d9%84%d8%a8/,,11:00-00:00,skip_ice_cream
n4316722570,بستنی ایتالیایی سن مارکو,San Marco Ice Cream,35.794202,51.450518,منطقه 1,north,ice_cream,,,https://www.sanmarco-icecream.com/,,,skip_ice_cream
n4614309758,بستنی ایتالیایی لوتوس,,35.797080,51.444970,منطقه 1,north,ice_cream,,,,,,skip_ice_cream
n4658638690,بستنی کارول,Carvel,35.796258,51.443949,منطقه 1,north,ice_cream,بلوار اندرزگو,+98 21 2221 5739,http://www.carvel.ir,https://www.instagram.com/carvel.ir/,,skip_ice_cream
n4526168794,بستی ناصر,naser Ice cream,35.793336,51.476759,منطقه 1,north,ice_cream,پاسداران,,,,,skip_ice_cream
n12324020801,جلاتریا فراگولا روما,Fragola Roma,35.804801,51.461960,منطقه 1,north,ice_cream,,,,https://www.instagram.com/fragolaroma.it/,Mo-Su 10:00-23:00,skip_ice_cream
n9922029018,جلاتو ایلیو,,35.791331,51.418899,منطقه 1,north,ice_cream,,+98 21 26292847,https://ilio.ir/,,,skip_ice_cream
n13015220139,جلاتو ولنجک,,35.804640,51.396269,منطقه 1,north,ice_cream,,,,,,skip_ice_cream
n10604299805,سیناتلا,Sinatella,35.796242,51.443909,منطقه 1,north,ice_cream,,+98 21 2239 2845,,https://www.instagram.com/sinatella_andarzgoo/,10:00-00:00,skip_ice_cream
n9773270017,شیر پسته مملی,,35.812410,51.457049,منطقه 1,north,ice_cream,,,,,,skip_ice_cream
n12578605539,فروشگاه کیک بستنی بسکیک bascake,,35.820045,51.438168,منطقه 1,north,ice_cream,,,,,,skip_ice_cream
n12273227953,کافه چورو سافت سرو,,35.812364,51.449783,منطقه 1,north,ice_cream,تهران نیاوران سه راه یاسر بهدسمت تجریش بعد از کوچه تبریزی پلاک ۲۷۷,02126917453,,,,skip_ice_cream
n11594072586,مانستر بستنی,,35.806994,51.429796,منطقه 1,north,ice_cream,,,,,,skip_ice_cream
n6791169585,میوه بستنی میوآیس,Mivice Ice Fruit,35.799404,51.449564,منطقه 1,north,ice_cream,بلوار اندرزگو 74/5,+982122230406,,,Mo-Su 10:00-00:00,skip_ice_cream
n9176723917,آبمیوه بستنی لب کارون,Lab karoon ice cream,35.686931,51.367163,منطقه 10,west,ice_cream,,,,,,skip_ice_cream
n11204959971,بستنی نعمت جیحون,,35.686494,51.358604,منطقه 10,west,ice_cream,,,,,,skip_ice_cream
n11048926673,,,35.700105,51.363999,منطقه 10,west,ice_cream,,,,,,skip_ice_cream
n8344824862,باباجون,,35.675479,51.400407,منطقه 11,south,ice_cream,,,,,,skip_ice_cream
n11201942000,فالوده بستنی بنی علی,,35.691578,51.392596,منطقه 11,center,ice_cream,,,,,,skip_ice_cream
n9328027817,ویتامینه سامان,,35.672547,51.403994,منطقه 11,south,ice_cream,,,,,,skip_ice_cream
n9890057432,ویتامینه سرای پارس,,35.700626,51.390148,منطقه 11,center,ice_cream,,,,,,skip_ice_cream
n6228066685,,Saffron ice cream and carrot juice,35.688214,51.393274,منطقه 11,center,ice_cream,میدان حر,,,,,skip_ice_cream
n5255928421,آبمیوه و بستنی,,35.672972,51.437980,منطقه 12,south,ice_cream,عبدالله رضوی (آبمنگل),,,,,skip_ice_cream
n10852917171,بستنی حافظ,,35.690213,51.411019,منطقه 12,center,ice_cream,,,,,,skip_ice_cream
n11204334330,بستنی نعمت خانی آباد,,35.660599,51.411989,منطقه 12,south,ice_cream,,,,,,skip_ice_cream
n11148314205,بهار ترافیک,,35.693911,51.421994,منطقه 12,center,ice_cream,,,,,,skip_ice_cream
n11676103646,,,35.690889,51.432505,منطقه 12,center,ice_cream,,,,,,skip_ice_cream
n12812513617,آبمیوه بستنی پاشامیشا,,35.692529,51.485989,منطقه 13,east,ice_cream,پیروزی,,,,,skip_ice_cream
n11193917337,آبمیوه بستنی دایی حسین,,35.718271,51.502810,منطقه 13,east,ice_cream,,,,,,skip_ice_cream
n8758465017,بستنی آبمیوه امیر,,35.715172,51.500104,منطقه 13,east,ice_cream,,,,,,skip_ice_cream
n6632945454,بستنی مکلی,,35.698282,51.487856,منطقه 13,east,ice_cream,,,,,,skip_ice_cream
n11201768452,بستنی نعمت نیروهوایی,,35.700818,51.485612,منطقه 13,east,ice_cream,,,,,,skip_ice_cream
n10882782161,بستنی و لبنیات آبتین,,35.697735,51.451394,منطقه 13,center,ice_cream,,,,,,skip_ice_cream
n11844052724,بستنی فروشی آقارضا,,35.656106,51.458797,منطقه 15,south,ice_cream,,,,,Mo-Su 11:00-24:00,skip_ice_cream
n11505442322,آبمیوه و بستنی,,35.633338,51.409878,منطقه 16,south,ice_cream,,,,,,skip_ice_cream
n4384853991,بستنی فروشی,,35.637531,51.410680,منطقه 16,south,ice_cream,,,,,,skip_ice_cream
n11217346849,بستنی نعمت علی آباد,,35.630927,51.417907,منطقه 16,south,ice_cream,,,,,,skip_ice_cream
n9353153317,ذرت طلایی متین,,35.638894,51.401631,منطقه 16,south,ice_cream,,,,,,skip_ice_cream
n10873730574,آبمیوه بستنی کولاک,,35.667030,51.345336,منطقه 17,south,ice_cream,,,,,,skip_ice_cream
n4482269290,,,35.650196,51.356281,منطقه 17,south,ice_cream,,,,,,skip_ice_cream
n14141615551,آبمیوه بستنی شهنواز,,35.669722,51.302433,منطقه 18,south,ice_cream,بلوار شهیدان طارمی,+989393271128,,,,skip_ice_cream
n10797473237,ایوب,,35.661068,51.340764,منطقه 18,south,ice_cream,بلوار معلم 35,,,,,skip_ice_cream
n5665773785,بستنی ایوب,,35.660580,51.339944,منطقه 18,south,ice_cream,بلوار معلم,,,,,skip_ice_cream
n10833767825,بستنی دایی غلام,,35.635687,51.350894,منطقه 18,south,ice_cream,,,,,,skip_ice_cream
n10799076969,بستنی نعمت یافت آباد,,35.660683,51.340509,منطقه 18,south,ice_cream,,,,,,skip_ice_cream
n12065351031,بستنی و آبمیوه فرزین ۷,,35.663767,51.332560,منطقه 18,south,ice_cream,,,,,,skip_ice_cream
n5003541328,کندو,,35.660192,51.334017,منطقه 18,south,ice_cream,,,,,,skip_ice_cream
n13249888049,R&B Ice Cream,,35.753055,51.374817,منطقه 2,west,ice_cream,,,https://rb-icecream.ir/,,,skip_ice_cream
n13249888047,Workshop Jlatv,,35.753284,51.374332,منطقه 2,west,ice_cream,,,,,,skip_ice_cream
n5270488667,آبمیوه بستنی کاکتوس,Kaktus Juice & Ice Cream,35.775153,51.336568,منطقه 2,north,ice_cream,,,,,,skip_ice_cream
n13533700529,بستنی ایتالیایی شینوبی,Shinobi Italian Ice Cream,35.769820,51.371413,منطقه 2,north,ice_cream,موج,+982188560180,,,11:00-23:45,skip_ice_cream
n768559217,بستنی بابا رحیم,Baba Rahim Ice Cream,35.708703,51.374570,منطقه 2,west,ice_cream,,,,,,skip_ice_cream
n11804321108,بستنی جلاتوی چیلز,,35.768305,51.354224,منطقه 2,north,ice_cream,,,,,10:00-23:00,skip_ice_cream
n6418123085,بستنی چیمنی,,35.765693,51.356218,منطقه 2,north,ice_cream,,,,,,skip_ice_cream
n5005616423,بستنی سنتی طرشت,Tarasht Ice Cream,35.706804,51.352555,منطقه 2,west,ice_cream,,,,,,skip_ice_cream
n10304270891,بستنی کارول,Carvel,35.767984,51.354277,منطقه 2,north,ice_cream,,,,https://www.instagram.com/carvel.ir/,,skip_ice_cream
n6471326685,خانه جلاتو,Gelato House,35.766641,51.357386,منطقه 2,north,ice_cream,گلبرگ سوم شرقی 9,+98 21 88581714,https://gelatohouse.ir/,,Mo-Su 11:00-23:00,skip_ice_cream
n5528590125,سندباد,,35.787397,51.373242,منطقه 2,north,ice_cream,,,,,,skip_ice_cream
n13185927458,مانستر بستنی,,35.709332,51.373258,منطقه 2,west,ice_cream,ستارخان 84,,,,10:00-00:00,skip_ice_cream
n4355097491,بستنی فروشی,,35.597173,51.426992,منطقه 20,south,ice_cream,,,,,"PH,Mo-Su 08:00-22:00",skip_ice_cream
n11199258885,بستنی نعمت دولت آباد,,35.618631,51.448439,منطقه 20,south,ice_cream,,,,,,skip_ice_cream
n9735304852,icepack,,35.748898,51.205705,منطقه 22,west,ice_cream,,,,,,skip_ice_cream
n6454851842,بستني ايتاليايي,Sweety Land,35.745091,51.221427,منطقه 22,west,ice_cream,,,,,,skip_ice_cream
n4372177599,بستنی فروشی,,35.752923,51.240734,منطقه 22,west,ice_cream,,,,,,skip_ice_cream
n5264256169,بستنی کولاک,,35.753418,51.234478,منطقه 22,west,ice_cream,,,,,,skip_ice_cream
n11348833169,آبمیوه ارگانیک شیخ بهایی,,35.754220,51.396370,منطقه 3,center,ice_cream,,,,,,skip_ice_cream
n8851371817,آبمیوه بستنی پارادایس,,35.760602,51.445533,منطقه 3,center,ice_cream,,+982122228113,,,,skip_ice_cream
n5612621868,آبمیوه بستنی یاسر خان,,35.764905,51.399831,منطقه 3,center,ice_cream,,,,,,skip_ice_cream
n13086538043,آیسکریم فکتوری,آیسکریم فکتوی,35.778216,51.464270,منطقه 3,north,ice_cream,اختیاریه جنوبی 22,,,,,skip_ice_cream
n3635129230,بستنی بسکین رابینز,Baskin Rabins,35.757571,51.442493,منطقه 3,center,ice_cream,,,,,,skip_ice_cream
n4513699729,بستنی سنتی منصور,Mansour Traditional Ice Cream,35.756877,51.398638,منطقه 3,center,ice_cream,,,,,,skip_ice_cream
n11078092005,,San Gellato,35.780320,51.453202,منطقه 3,north,ice_cream,,,,,,skip_ice_cream
n9611477518,آبمیوه آرش,,35.737340,51.530958,منطقه 4,east,ice_cream,,,,,,skip_ice_cream
n11168048705,آبمیوه بستنی امیرعلی,,35.742016,51.543633,منطقه 4,east,ice_cream,,,,,,skip_ice_cream
n11229677837,آبمیوه بستنی بهار,,35.738894,51.598677,منطقه 4,east,ice_cream,,,,,,skip_ice_cream
n9035821619,آبمیوه بستنی بوی سیب,,35.755419,51.538881,منطقه 4,east,ice_cream,,,,,,skip_ice_cream
n11423654469,آبمیوه بستنی جیولیتی,,35.770046,51.459685,منطقه 4,north,ice_cream,,+982122547887,,giolitti.ice_cream_,,skip_ice_cream
n10270057309,آبمیوه بستنی رضا,,35.733491,51.528925,منطقه 4,east,ice_cream,,,,,,skip_ice_cream
n10046516718,آبمیوه بستنی عمو حسین,,35.767692,51.475544,منطقه 4,north,ice_cream,,,,,,skip_ice_cream
n9035832520,آبمیوه بستنی عمو علی,,35.754393,51.538486,منطقه 4,east,ice_cream,,,,,,skip_ice_cream
n11496214895,آبمیوه بستنی مِلو,,35.741597,51.554920,منطقه 4,east,ice_cream,ملایی,02177335825,,,11:00-24:00,skip_ice_cream
n11875169469,آبمیوه بستنی میثم,,35.772094,51.477251,منطقه 4,north,ice_cream,,,,,,skip_ice_cream
n8821607819,آبمیوه بستنی نارسیس,,35.767173,51.476945,منطقه 4,north,ice_cream,,,,,,skip_ice_cream
n11148580810,آبمیوه بستنی نارسیس,,35.765186,51.482043,منطقه 4,north,ice_cream,,,,,,skip_ice_cream
n9608453817,آبمیوه بستنی نورا,,35.743272,51.531787,منطقه 4,east,ice_cream,,,,,,skip_ice_cream
n9035856517,آبمیوه بستنی همرفیق,,35.754942,51.538705,منطقه 4,east,ice_cream,,,,,,skip_ice_cream
n11148587906,آبمیوه سان استار,,35.764291,51.481586,منطقه 4,east,ice_cream,,,,,,skip_ice_cream
n11186717737,آبمیوه و بستنی دهکده,,35.747678,51.556255,منطقه 4,east,ice_cream,,,,,,skip_ice_cream
n5207656721,آبمیوه و بستنی فروشی سوپراستار,Super Star Ice Cream,35.739515,51.495743,منطقه 4,east,ice_cream,فرجام,,,,,skip_ice_cream
n11749027669,بستنی ایتالیایی لوئین جلاتو,,35.769167,51.458806,منطقه 4,north,ice_cream,,,,,Mo-Su 10:00-23:00,skip_ice_cream
n5206967987,بستنی دایی امیر,Amir Ice Cream,35.755536,51.453099,منطقه 4,center,ice_cream,,,,,,skip_ice_cream
n9035856518,بستنی شب,,35.752671,51.537765,منطقه 4,east,ice_cream,,,,,,skip_ice_cream
n3925629983,بستنی فالوده سان استار,,35.740115,51.491897,منطقه 4,east,ice_cream,,,,,,skip_ice_cream
n9953330619,بستنی نعمت,,35.749307,51.546099,منطقه 4,east,ice_cream,,,,,,skip_ice_cream
n11201585379,بستنی نعمت حکیمیه,,35.738795,51.598235,منطقه 4,east,ice_cream,,,,,,skip_ice_cream
n3925630759,خانه بستنی,,35.746953,51.501267,منطقه 4,east,ice_cream,,,,,,skip_ice_cream
n6652282785,کافه بستنی چیمنی,,35.774986,51.464105,منطقه 4,north,ice_cream,,+98 21 2279 2577,http://www.cafechimney.ir/,,Mo-Su 09:00-23:45,skip_ice_cream
n9820938917,لیمو بار,,35.743906,51.526936,منطقه 4,east,ice_cream,,,,,,skip_ice_cream
n9693399117,وانیلا هاوس,,35.756178,51.452909,منطقه 4,center,ice_cream,,,,,,skip_ice_cream
n14097538601,ویتامینه پهلوان تختی,,35.735188,51.527446,منطقه 4,east,ice_cream,,,,,,skip_ice_cream
n9158173417,ویتامینه حاج احمد,,35.778051,51.477686,منطقه 4,north,ice_cream,,,,,,skip_ice_cream
n5289858017,آب میوه و بستنی بابانوئل,,35.723276,51.318766,منطقه 5,west,ice_cream,,,,,,skip_ice_cream
n4988195354,آبمیوه بستنی بابارحیم,,35.725419,51.300205,منطقه 5,west,ice_cream,,,,,,skip_ice_cream
n8452509754,آبمیوه بستنی ژکان,,35.769974,51.304212,منطقه 5,north,ice_cream,,+989124388267,,,,skip_ice_cream
n12067668298,آبمیوه بستنی عمو هادی,,35.726797,51.317792,منطقه 5,west,ice_cream,وفا آذر شمالی,,,,,skip_ice_cream
n6482380967,آبمیوه و بستنی پالیزنو,,35.759923,51.334198,منطقه 5,west,ice_cream,,,,,,skip_ice_cream
n4736077522,بستنی فرهاد,Farhad Ice cream,35.761331,51.328632,منطقه 5,west,ice_cream,بلوار میرزابابایی,,,,,skip_ice_cream
n6357871457,بستنی فروشی شهران,,35.766029,51.288470,منطقه 5,north,ice_cream,,,,,,skip_ice_cream
n8257544778,بستنی نعمت,,35.703213,51.313129,منطقه 5,west,ice_cream,,,,,Mo-Su 10:00-22:00,skip_ice_cream
n11204239390,بستنی نعمت شعبه ۱۶۸,,35.746693,51.298982,منطقه 5,west,ice_cream,بلوار لاله غربی,,,,,skip_ice_cream
n6357871456,بستنی و آبمیوه عمو داریوش,,35.764678,51.289348,منطقه 5,west,ice_cream,,,,,,skip_ice_cream
n5520274322,نعمت,,35.713333,51.315740,منطقه 5,west,ice_cream,,,,,,skip_ice_cream
w760167874,,,35.751582,51.303765,منطقه 5,west,ice_cream,,,,,,skip_ice_cream
n13986218713,,,35.759786,51.289661,منطقه 5,west,ice_cream,,+98 21 4430 0294,,,,skip_ice_cream
n11491016932,آبمیوه بستنی شاهو,Shahoo Ice-Cream Shop,35.747962,51.400927,منطقه 6,center,ice_cream,,+98 21 8861 58 22,,,,skip_ice_cream
n13156940005,آبمیوه و بستنی,,35.738105,51.417420,منطقه 6,center,ice_cream,,,,,,skip_ice_cream
n9382560331,آب‌میوه و بستنی ژوان,,35.714411,51.392444,منطقه 6,center,ice_cream,,,,,,skip_ice_cream
n6416728134,آیسلند,Iceland,35.712113,51.395996,منطقه 6,center,ice_cream,,,,,,skip_ice_cream
n6338643766,بستنی رضا,,35.744857,51.404774,منطقه 6,center,ice_cream,,,,,,skip_ice_cream
n9050573770,بستنی شاد,,35.701797,51.405475,منطقه 6,center,ice_cream,,,,,,skip_ice_cream
n5517933022,بستنی وحید,vahid ice cream,35.717788,51.415941,منطقه 6,center,ice_cream,میرزای شیرازی 74,,,,,skip_ice_cream
n6346668687,چیمنی وزرا,,35.727979,51.415602,منطقه 6,center,ice_cream,,,http://www.cafechimney.ir/,,,skip_ice_cream
n9937783135,گل یخ,,35.707179,51.390503,منطقه 6,center,ice_cream,,,,,,skip_ice_cream
n10908324831,ویتامین سرای بهاران,,35.701083,51.388166,منطقه 6,center,ice_cream,,,,,,skip_ice_cream
n9767515442,,,35.705549,51.386511,منطقه 6,center,ice_cream,,,,,,skip_ice_cream
n10723344321,ابمیوه پابیز,,35.706153,51.440467,منطقه 7,center,ice_cream,میدان سپاه,,,,Mo-Su 08:00-24:00,skip_ice_cream
n4707449876,بستنی بهنام برلیان,,35.729849,51.437978,منطقه 7,center,ice_cream,,,,,,skip_ice_cream
n11216266937,بستنی پالیزی,,35.738514,51.443925,منطقه 7,center,ice_cream,,,,,,skip_ice_cream
n11207707655,بستنی زالی,,35.736506,51.432854,منطقه 7,center,ice_cream,,,,,,skip_ice_cream
n11291842987,بستنی سی دا,Syda Ice cream,35.729322,51.437745,منطقه 7,center,ice_cream,,,,,,skip_ice_cream
n5018492470,بستنی لابریت,,35.739074,51.443906,منطقه 7,center,ice_cream,,,,,,skip_ice_cream
n4513737617,لوتوس,Lutus,35.724360,51.437043,منطقه 7,center,ice_cream,,,,,,skip_ice_cream
n6137136978,آب میوه و بستنی,,35.722907,51.477517,منطقه 8,east,ice_cream,,,,,,skip_ice_cream
n9536960317,آبمیوه بستنی اول,,35.726561,51.525741,منطقه 8,east,ice_cream,,,,,,skip_ice_cream
n9576048117,آبمیوه بستنی حاجی نوروز,,35.733010,51.494445,منطقه 8,east,ice_cream,,,,,,skip_ice_cream
n8958841717,آبمیوه بستنی سندباد,,35.729384,51.526469,منطقه 8,east,ice_cream,,,https://www.instagram.com/vitamine_sandbad2/,,,skip_ice_cream
n10077554217,آبمیوه بستنی عمو حشمت,,35.730248,51.520639,منطقه 8,east,ice_cream,,,,,,skip_ice_cream
n8986115817,آبمیوه بستنی کافیلو,,35.727604,51.525862,منطقه 8,east,ice_cream,,,,,,skip_ice_cream
n8688299320,آبمیوه بستنی کیان,,35.733041,51.494068,منطقه 8,east,ice_cream,,,,,,skip_ice_cream
n12152077072,بستنی امید,,35.726938,51.502649,منطقه 8,east,ice_cream,دردشت,,,,,skip_ice_cream
n9955553117,بستنی ایتالیایی کاراملی,,35.727345,51.516182,منطقه 8,east,ice_cream,,,,,,skip_ice_cream
n8494566317,بستنی شاد,,35.726412,51.522996,منطقه 8,east,ice_cream,,,,,,skip_ice_cream
n3927114557,بستنی فالوده گلریز,,35.736197,51.488585,منطقه 8,east,ice_cream,,,,,,skip_ice_cream
n8971974817,پت و مت,,35.726843,51.520099,منطقه 8,east,ice_cream,,,,,,skip_ice_cream
n6137116383,رضا بستنی,,35.727065,51.480873,منطقه 8,east,ice_cream,,,,,,skip_ice_cream
n7707070685,غذاخوری -خورشت طهرون,,35.728209,51.499641,منطقه 8,east,ice_cream,,02177945210,,,,skip_ice_cream
n11773002469,مستر منگو,,35.727055,51.519884,منطقه 8,east,ice_cream,,,,,,skip_ice_cream
n11204370827,بستنی نعمت مهرآباد جنوبی,,35.672010,51.310959,منطقه 9,south,ice_cream,,,,,,skip_ice_cream
n11197736898,بستنی، فالوده، ویتامینه حاج صمد,,35.673884,51.338351,منطقه 9,south,ice_cream,,,,,,skip_ice_cream
n9202666550,,,35.670030,51.335945,منطقه 9,south,ice_cream,,,,,,skip_ice_cream
n9858763017,آب میوه و بستنی سان استار,,35.782606,51.468702,,north,ice_cream,,,,,,skip_ice_cream
n11475966769,آبمیوه بستنی بین الملل,,35.781661,51.468231,,north,ice_cream,,,,,,skip_ice_cream
n8866675117,آبمیوه و بستنی ٢٠,,35.826403,51.649548,,north,ice_cream,,,,,,skip_ice_cream
n11944489261,آبمیوه و بستنی شاتوت,,35.560318,51.173814,,south,ice_cream,,,,,,skip_ice_cream
n10833570494,بستنی تک‌استار,Tak Star,35.827684,51.426484,,north,ice_cream,,,,,,skip_ice_cream
n6423408389,بستنی حاج حسین,,35.551117,51.242155,,south,ice_cream,,,,,,skip_ice_cream
n12725286098,بستنی گیسو,,35.705458,51.126058,,west,ice_cream,,,,,,skip_ice_cream
n12030187258,بستنی مشتی پلاس,,35.567871,51.152683,,south,ice_cream,بلوار امام خمینی,,,,,skip_ice_cream
n11219363883,بستنی نعمت شهرقدس,,35.713073,51.118727,,west,ice_cream,,,,,,skip_ice_cream
n8865037017,لبنیات  و بستنی فردوس,,35.561275,51.252777,,south,ice_cream,,,,,,skip_ice_cream
n11047972642,ویتامینه میکس,,35.710095,51.116565,,west,ice_cream,,,,,,skip_ice_cream
n6511657785,,,35.802290,51.433915,منطقه 1,north,cafe,,,,,,skip_no_name
n6785751787,,Address Coffee,35.787304,51.423471,منطقه 1,north,cafe,,,,,,skip_no_name
n746196301,,,35.814486,51.401178,منطقه 1,north,cafe,,,,,,skip_no_name
w678824461,,,35.802473,51.433696,منطقه 1,north,cafe,,,,,,skip_no_name
n3785041763,,,35.818803,51.421645,منطقه 1,north,cafe,,,,,,skip_no_name
n10847831166,,,35.807619,51.445466,منطقه 1,north,cafe,,,,,,skip_no_name
n14141618204,,,35.695432,51.404566,منطقه 11,center,cafe,جمهوری اسلامی,+989104277988,https://menu.rhinomenu.com/puz67hm.html,,Sa-fr 07:00-22:00,skip_no_name
n9211886090,,,35.699772,51.410038,منطقه 11,center,cafe,,,,,,skip_no_name
n3331504041,,,35.675387,51.383122,منطقه 11,south,cafe,,,,,,skip_no_name
n5954093786,,Khatoon Cafe Shisha Smoking,35.694709,51.417801,منطقه 12,center,cafe,,,,,,skip_no_name
n5475155721,,Fruit juice stand,35.684877,51.424057,منطقه 12,center,cafe,,,,,,skip_no_name
n1410146038,,,35.694547,51.414156,منطقه 12,center,cafe,,,,,,skip_no_name
n10980136305,,,35.701139,51.414724,منطقه 12,center,cafe,,,,,,skip_no_name
w490395218,,,35.658888,51.472835,منطقه 14,south,cafe,,,,,,skip_no_name
n4806186421,,,35.672026,51.472034,منطقه 14,south,cafe,مهدی زندی,,,,,skip_no_name
n12826217593,,,35.648219,51.418312,منطقه 16,south,cafe,,,,,,skip_no_name
n13916983701,,LA کافه,35.636845,51.403479,منطقه 16,south,cafe,,,,,,skip_no_name
n4481165197,,,35.656829,51.353246,منطقه 17,south,cafe,,,,,,skip_no_name
n14017422370,,,35.634065,51.379163,منطقه 19,south,cafe,,,,,,skip_no_name
n13014219101,,,35.626644,51.379335,منطقه 19,south,coffee_shop,چهل و هفتم,,,,,skip_no_name
n13014219201,,,35.626654,51.379338,منطقه 19,south,coffee_shop,,,,,,skip_no_name
n4696258189,,,35.730316,51.376657,منطقه 2,west,cafe,,,,,,skip_no_name
n11933125439,,,35.771735,51.364794,منطقه 2,north,cafe,,,,,,skip_no_name
n13563624849,,,35.777596,51.336203,منطقه 2,north,cafe,,,,,,skip_no_name
n4957808321,,,35.714824,51.341954,منطقه 2,west,cafe,,,,,,skip_no_name
n4146738299,,,35.754037,51.364327,منطقه 2,west,cafe,,,,,,skip_no_name
n9698297786,,,35.743957,51.376689,منطقه 2,west,cafe,,,,,,skip_no_name
n8110644229,,roset cafe,35.778992,51.376321,منطقه 2,north,cafe,,,,,Mo-Su 09:00-23:00,skip_no_name
n6920359305,,,35.766525,51.380576,منطقه 2,north,cafe,,,,,,skip_no_name
n5469223526,,Cafe ۳D,35.784579,51.373495,منطقه 2,north,cafe,,,,,,skip_no_name
n5725640321,,,35.746140,51.376136,منطقه 2,west,cafe,,,,,,skip_no_name
w1272586254,,,35.754525,51.191251,منطقه 22,west,cafe,,,,,,skip_no_name
n9735304854,,,35.748473,51.205969,منطقه 22,west,cafe,,,,,,skip_no_name
n9735305191,,,35.751272,51.208229,منطقه 22,west,cafe,,,,,,skip_no_name
n13001795636,,,35.752311,51.193044,منطقه 22,west,cafe,,,,,,skip_no_name
n4512278440,,Crêpe Café Container,35.752381,51.417773,منطقه 3,center,cafe,,+982188194515,https://crepcafe.com/,,,skip_no_name
n13399349247,,,35.770483,51.396826,منطقه 3,north,cafe,,,,,,skip_no_name
n11208898137,,Hermanos Cafe & restaurant,35.780065,51.449755,منطقه 3,north,cafe,,,,,,skip_no_name
n6440423253,,,35.782981,51.435440,منطقه 3,north,cafe,,,https://www.instagram.com/labarcafe/,,11:00-02:30,skip_no_name
n4725261792,,,35.762103,51.423636,منطقه 3,center,cafe,,,,,,skip_no_name
n3997590560,,,35.757717,51.442138,منطقه 3,center,cafe,,,,,10:00-21:00,skip_no_name
n5172870121,,Cafe (bridge level 1),35.754129,51.419108,منطقه 3,center,cafe,,,,,,skip_no_name
n14219049648,,,35.745494,51.544182,منطقه 4,east,cafe,,,,,,skip_no_name
n5038272316,,,35.760136,51.464607,منطقه 4,east,cafe,,,,,,skip_no_name
n5883010347,,,35.733846,51.529039,منطقه 4,east,cafe,,,,,,skip_no_name
n10094596388,,don vitto,35.759942,51.533129,منطقه 4,east,cafe,,,,,,skip_no_name
n4441698589,,,35.767352,51.336929,منطقه 5,north,cafe,,,,,,skip_no_name
n6445011685,,Whale café,35.701882,51.423661,منطقه 6,center,cafe,,,,,,skip_no_name
n12786135144,,,35.701992,51.412496,منطقه 6,center,cafe,,,,,,skip_no_name
n5939631854,,,35.705369,51.419534,منطقه 6,center,cafe,,,,,,skip_no_name
n6300579385,,Hooner,35.710590,51.422701,منطقه 6,center,cafe,,,,,,skip_no_name
n4511036297,,,35.735749,51.411873,منطقه 6,center,cafe,,,,,,skip_no_name
n4511036296,,,35.735129,51.410754,منطقه 6,center,cafe,,,,,,skip_no_name
n4511003418,,,35.739064,51.410730,منطقه 6,center,cafe,,,,,,skip_no_name
n7305962241,,,35.702581,51.418497,منطقه 6,center,cafe,,,,,,skip_no_name
n4471395312,,Café Gallery,35.709566,51.421897,منطقه 6,center,cafe,,,,,,skip_no_name
n4471395276,,,35.708319,51.420126,منطقه 6,center,cafe,,,,,,skip_no_name
n4286132189,,Doctor Coffee,35.719756,51.408265,منطقه 6,center,cafe,,+989354195380,,,,skip_no_name
n4197312069,,,35.731009,51.394914,منطقه 6,center,cafe,فجر ۱,,,,,skip_no_name
n9353067653,,Mingo Cafe,35.706059,51.390326,منطقه 6,center,cafe,,,,,,skip_no_name
n4504744446,,,35.723826,51.435665,منطقه 7,center,cafe,,,,,,skip_no_name
n5590747221,,,35.706494,51.425920,منطقه 7,center,cafe,,,,,,skip_no_name
n6436364790,,cafe paisa,35.721275,51.433590,منطقه 7,center,cafe,نوبخت 3,+982188867124,,,,skip_no_name
n4511517048,,,35.726102,51.444819,منطقه 7,center,cafe,,,,,,skip_no_name
n4172642894,,,35.720735,51.427144,منطقه 7,center,cafe,,,,,,skip_no_name
n6162639292,,,35.729509,51.499914,منطقه 8,east,cafe,,,,,,skip_no_name
n9202670734,,,35.669984,51.335942,منطقه 9,south,cafe,,,,,,skip_no_name
n9394632084,,,35.818025,51.407983,,north,cafe,,,,,,skip_no_name
n4525592984,,,35.819400,51.406317,,north,cafe,,,,,,skip_no_name
n11998078364,,,35.833282,51.423932,,north,cafe,,,,,,skip_no_name
n10833580784,,,35.826424,51.426090,,north,cafe,299,,,,,skip_no_name
n10833200335,,,35.838200,51.421954,,north,cafe,164,,,,,skip_no_name
n4625418415,,,35.827431,51.491733,,north,cafe,,,,,,skip_no_name
n4791678322,,,35.677231,51.232663,,south,cafe,,,,,,skip_no_name
n9394632082,,,35.818279,51.406990,,north,cafe,,,,,,skip_no_name
n8474856918,,,35.836149,51.422825,,north,cafe,,,,,,skip_no_name
n6278434485,,Sandwich Shopoor,35.664285,51.405875,,south,cafe,,+9855369617,,,Mo-Su 06:00-18:00,skip_no_name
n12894109509,ADOR پخش انواع قهوه,,35.564473,51.239738,,south,coffee_shop,,+989123107679,,,Mo-Su 09:00-21:00,skip_outside_tehran
n4795698621,daryache,,35.810463,51.170868,,north,cafe,,,,,,skip_outside_tehran
n9394632078,Teras Cafe,,35.818340,51.408996,,north,cafe,,,,,,skip_outside_tehran
n6449692021,اذغال‌ چال,Ozghalchal,35.838981,51.381614,,north,cafe,,,,,,skip_outside_tehran
n5097402321,اسمان,sky,35.572139,51.304364,,south,cafe,خیابان ۲۲ دانش جنوبی 3,,,,,skip_outside_tehran
w676043241,باغ رستوران جویبار,,35.813990,51.381348,,north,cafe,,,,,,skip_outside_tehran
n6887095077,باغ گردو,,35.843174,51.382174,,north,cafe,,,,,,skip_outside_tehran
n13899904023,باغ محمد تاجیک,,35.655055,51.140143,,south,cafe,,,,,,skip_outside_tehran
n12229080129,تی‌کافه لواسان,,35.825288,51.646848,,north,cafe,بلوار امام خمینی,۰۲۱۲۶۵۴۷۵۵۰,,,Mo-Su 10:00-24:00,skip_outside_tehran
n6449692022,جوزک,Jozak,35.835781,51.380169,,north,cafe,,,,,,skip_outside_tehran
n13394586803,دلکافه,,35.554790,51.245305,,south,cafe,,,,,,skip_outside_tehran
n746207687,رش,Rosh,35.823414,51.400029,,north,cafe,,,,,,skip_outside_tehran
n13239145375,سرای سنتی باغ افشار,,35.572604,51.434873,,south,cafe,,,,,11:00-24:00,skip_outside_tehran
w1546480286,سرای سنتی باغ افشار,,35.572604,51.434867,,south,cafe,,+989212058173,https://nshn.ir/db_bQnIvOxuEp9,,all day 11:00 to 24:00,skip_outside_tehran
n8312903166,سفره سرای آب زندگانی,,35.823177,51.337130,,north,cafe,,,,,,skip_outside_tehran
n5180547331,سفره‌خانه پاسیالیز,,35.824702,51.380965,,north,cafe,,,,,,skip_outside_tehran
n12480336698,سينا كافه,,35.702230,51.115890,,west,cafe,قدس بلوار ۴۵ متري كلهر شهيد حقيقي پلاك ۷,09359090036,,,,skip_outside_tehran
n8378820947,شاهنشین,,35.833069,51.380569,,north,cafe,,,,,,skip_outside_tehran
n13899776485,شیره پز خونه علی چادری,,35.655328,51.139585,,south,cafe,,,,,,skip_outside_tehran
n8378820946,قندیل,,35.832668,51.380528,,north,cafe,,,,,,skip_outside_tehran
n12645432010,قهوه چارلی,,35.710123,51.112287,,west,coffee_shop,,09308965119,,,06:30-22:30,skip_outside_tehran
n12985663535,قهوه خانه دنج,,35.610653,51.295501,,south,cafe,,,,,,skip_outside_tehran
n12060680764,قهوه کنیا,,35.710873,51.128136,,west,cafe,شهرداری,09014820412,,,Mo-Su 08:00-22:30,skip_outside_tehran
n9394628737,قهوه لمیز شعبه توچال,,35.820971,51.402693,,north,cafe,,,,,,skip_outside_tehran
n11079517489,قهوه لمیز شعبه لواسان,,35.818013,51.612292,,north,cafe,,,,,,skip_outside_tehran
n10833573387,قهوه‌خانه میری,,35.826075,51.426068,,north,cafe,293,,,,,skip_outside_tehran
n5180518625,کارا,Café Kara,35.825943,51.381944,,north,cafe,,,,,,skip_outside_tehran
n10833577919,کارارو,Carraro,35.827272,51.426346,,north,cafe,323,,https://coffecarraro.ir,,,skip_outside_tehran
n8378820948,کافه آبشار جوزک,,35.833717,51.380468,,north,cafe,,,,,,skip_outside_tehran
n11957979673,کافه آویشن,,35.824502,51.637517,,north,cafe,,,,,,skip_outside_tehran
n12761683396,کافه اسپیناس,,35.604764,51.350674,,south,cafe,,09120439477,,,06:00-22:00,skip_outside_tehran
n12836576209,کافه افرا,,35.555867,51.248769,,south,cafe,,۰۹۳۶۱۶۱۲۱۹۴,,,09:00-23:00,skip_outside_tehran
n8378820942,کافه البرز,,35.823852,51.380909,,north,cafe,,,,,,skip_outside_tehran
n10833396697,کافه امیر,,35.842961,51.421944,,north,cafe,,,,,,skip_outside_tehran
n10600675980,کافه بلک اسکای,,35.552380,51.250030,,south,cafe,محمد آراسته,,,,Mo-Su 11:00-23:30,skip_outside_tehran
n10833073136,کافه بهار,,35.839424,51.421967,,north,cafe,دربند به شیرپلا 168,,,,,skip_outside_tehran
w679006204,کافه بهشت درکه,,35.811628,51.382636,,north,cafe,,,,,,skip_outside_tehran
n8378820936,کافه چوبی دنا,,35.814948,51.381043,,north,cafe,,,,,,skip_outside_tehran
n9726706039,کافه دکان (دکه رضا),,35.814219,51.645482,,north,cafe,همند جنوبی,+98 938 622 7953,https://instagram.com/cafe.bagh.lavasan,,Mo-Su 18:00-24:00,skip_outside_tehran
n13081913509,کافه دلوین,,35.560610,51.173313,,south,cafe,بلوار کشاورز,۰۹۳۸۹۹۹۹۵۵۱,,,,skip_outside_tehran
n10833316583,کافه دنج,,35.843278,51.423736,,north,cafe,,,,,,skip_outside_tehran
n12044082975,کافه رستوران حباب,,35.668109,51.189127,,south,cafe,,02165605090,,,08:00-22:00,skip_outside_tehran
n9861912800,کافه رستوران لمیاء,,35.780329,51.281487,,north,cafe,,+98 919 336 9040,,,Sa-Fr 11:00-23:00,skip_outside_tehran
n14137668202,کافه رستوران لونا,,35.555517,51.245942,,south,cafe,ناصر رنجبر 23.1,+989377507962,https://lunaw.ir/,,09:00-23:00,skip_outside_tehran
n8378820949,کافه سنتی زنگوله,,35.834051,51.380237,,north,cafe,,,,,,skip_outside_tehran
n10833567631,کافه شیدایی,,35.832799,51.426984,,north,cafe,,,,,,skip_outside_tehran
n12803424222,کافه صفا,,35.834147,51.425699,,north,cafe,,,,,,skip_outside_tehran
n4716999998,کافه عمران,Omrān Cafe,35.825442,51.382039,,north,cafe,,,,,,skip_outside_tehran
n12460506594,کافه قهوه,,35.563077,51.161503,,south,cafe,نسیم شهر بلوار امام خمینی خ سوم شهدا امید پلاک ۵۵,02156759240,,,,skip_outside_tehran
n6121081508,کافه کلبه,,35.777173,51.287850,,north,cafe,,,,,,skip_outside_tehran
n11808732517,کافه گالری بهارا,,35.836540,51.422508,,north,cafe,,,,Bahara_gallery,,skip_outside_tehran
n5057837524,کافه لایف,Life Cafe,35.820642,51.492682,,north,cafe,,+98 21 2610 7009,,,Mo-Su 08:35-23:30,skip_outside_tehran
n8378820941,کافه هفت حوض کوچک,,35.821887,51.380217,,north,cafe,,,,,,skip_outside_tehran
n11626866061,کافه ولی,,35.664046,51.181254,,south,cafe,خیابان مهستان ب 9,09122072921,,,,skip_outside_tehran
n12615704265,کافه ویتامینه ایکو,,35.602186,51.348590,,south,cafe,مرتضی گرد خیابان پیروزی بلوار فرهمند کافه آیکو,09129221627,,,Mo-Su 07:00-24:00,skip_outside_tehran
n3722734193,کافی شاپ فنجون,,35.833656,51.567973,,north,cafe,,,,,,skip_outside_tehran
n3722734198,کافی شاپ یاس,,35.839932,51.561866,,north,cafe,,,,,,skip_outside_tehran
n8378820945,گُلارنگ,,35.830026,51.380968,,north,cafe,,,,,,skip_outside_tehran
w705789124,نان، شیرینی و کافه عادل,Adel Cafe & bakery,35.709760,51.119820,,west,cafe,,+98998830000,https://adelcafebakery.com/,,09:00-22:00,skip_outside_tehran
